zenith_cut,angle,phi0,gamma,detector,mean_max_efstat,mean_max_efstat_error
10.0,30.0,1e-06,1.5,arca,58.44210474292021,0.0
10.0,30.0,1e-06,1.5,orca,57.91946380126602,0.0
10.0,30.0,1e-06,1.5,combined,64.5368702070858,0.0
10.0,30.0,1e-06,1.5625,arca,70.28201042349139,0.0
10.0,30.0,1e-06,1.5625,orca,57.91946380126602,0.0
10.0,30.0,1e-06,1.5625,combined,81.62701729125767,0.0
10.0,30.0,1e-06,1.625,arca,71.54632655212396,0.0
10.0,30.0,1e-06,1.625,orca,57.91946380126602,0.0
10.0,30.0,1e-06,1.625,combined,67.45022063905579,0.0
10.0,30.0,1e-06,1.6875,arca,70.28201042349139,0.0
10.0,30.0,1e-06,1.6875,orca,57.91946380126602,0.0
10.0,30.0,1e-06,1.6875,combined,81.62701729125767,0.0
10.0,30.0,1e-06,1.75,arca,64.5211886458107,0.0
10.0,30.0,1e-06,1.75,orca,57.91946380126602,0.0
10.0,30.0,1e-06,1.75,combined,79.66519834322105,0.0
10.0,30.0,1e-06,1.8125,arca,70.28201042349139,0.0
10.0,30.0,1e-06,1.8125,orca,57.91946380126602,0.0
10.0,30.0,1e-06,1.8125,combined,81.62701729125767,0.0
10.0,30.0,1e-06,1.875,arca,70.28201042349139,0.0
10.0,30.0,1e-06,1.875,orca,57.91946380126602,0.0
10.0,30.0,1e-06,1.875,combined,81.62701729125767,0.0
10.0,30.0,1e-06,1.9375,arca,70.28201042349139,0.0
10.0,30.0,1e-06,1.9375,orca,57.91946380126602,0.0
10.0,30.0,1e-06,1.9375,combined,74.1546244924856,0.0
10.0,30.0,1e-06,2.0,arca,70.28201042349139,0.0
10.0,30.0,1e-06,2.0,orca,57.91946380126602,0.0
10.0,30.0,1e-06,2.0,combined,81.62701729125767,0.0
10.0,30.0,1e-06,2.0625,arca,70.28201042349139,0.0
10.0,30.0,1e-06,2.0625,orca,57.91946380126602,0.0
10.0,30.0,1e-06,2.0625,combined,81.62701729125767,0.0
10.0,30.0,1e-06,2.125,arca,70.28201042349139,0.0
10.0,30.0,1e-06,2.125,orca,57.91946380126602,0.0
10.0,30.0,1e-06,2.125,combined,81.62701729125767,0.0
10.0,30.0,1e-06,2.1875,arca,70.28201042349139,0.0
10.0,30.0,1e-06,2.1875,orca,57.91946380126602,0.0
10.0,30.0,1e-06,2.1875,combined,81.62701729125767,0.0
10.0,30.0,1e-06,2.25,arca,70.28201042349139,0.0
10.0,30.0,1e-06,2.25,orca,57.91946380126602,0.0
10.0,30.0,1e-06,2.25,combined,81.62701729125767,0.0
10.0,30.0,1e-06,2.3125,arca,70.28201042349139,0.0
10.0,30.0,1e-06,2.3125,orca,57.91946380126602,0.0
10.0,30.0,1e-06,2.3125,combined,81.62701729125767,0.0
10.0,30.0,1e-06,2.375,arca,70.28201042349139,0.0
10.0,30.0,1e-06,2.375,orca,57.91946380126602,0.0
10.0,30.0,1e-06,2.375,combined,81.62701729125767,0.0
10.0,30.0,1e-06,2.4375,arca,70.28201042349139,0.0
10.0,30.0,1e-06,2.4375,orca,57.91946380126602,0.0
10.0,30.0,1e-06,2.4375,combined,81.62701729125767,0.0
10.0,30.0,1e-06,2.5,arca,70.28201042349139,0.0
10.0,30.0,1e-06,2.5,orca,57.91946380126602,0.0
10.0,30.0,1e-06,2.5,combined,81.62701729125767,0.0
10.0,30.0,1e-06,2.5625,arca,70.28201042349139,0.0
10.0,30.0,1e-06,2.5625,orca,57.91946380126602,0.0
10.0,30.0,1e-06,2.5625,combined,81.62701729125767,0.0
10.0,30.0,1e-06,2.625,arca,70.28201042349139,0.0
10.0,30.0,1e-06,2.625,orca,57.91946380126602,0.0
10.0,30.0,1e-06,2.625,combined,81.62701729125767,0.0
10.0,30.0,1e-06,2.6875,arca,70.28201042349139,0.0
10.0,30.0,1e-06,2.6875,orca,57.91946380126602,0.0
10.0,30.0,1e-06,2.6875,combined,81.62701729125767,0.0
10.0,30.0,1e-06,2.75,arca,70.28201042349139,0.0
10.0,30.0,1e-06,2.75,orca,57.91946380126602,0.0
10.0,30.0,1e-06,2.75,combined,81.62701729125767,0.0
10.0,30.0,1e-06,2.8125,arca,70.28201042349139,0.0
10.0,30.0,1e-06,2.8125,orca,57.91946380126602,0.0
10.0,30.0,1e-06,2.8125,combined,81.62701729125767,0.0
10.0,30.0,1e-06,2.875,arca,70.28201042349139,0.0
10.0,30.0,1e-06,2.875,orca,57.91946380126602,0.0
10.0,30.0,1e-06,2.875,combined,81.62701729125767,0.0
10.0,30.0,1e-06,2.9375,arca,70.28201042349139,0.0
10.0,30.0,1e-06,2.9375,orca,57.91946380126602,0.0
10.0,30.0,1e-06,2.9375,combined,81.62701729125767,0.0
10.0,30.0,1e-06,3.0,arca,70.28201042349139,0.0
10.0,30.0,1e-06,3.0,orca,57.91946380126602,0.0
10.0,30.0,1e-06,3.0,combined,81.62701729125767,0.0
10.0,30.0,2.8729848333536627e-06,1.5,arca,63.95882114531059,0.0
10.0,30.0,2.8729848333536627e-06,1.5,orca,57.91946380126602,0.0
10.0,30.0,2.8729848333536627e-06,1.5,combined,63.56076839006646,0.0
10.0,30.0,2.8729848333536627e-06,1.5625,arca,66.21933673788982,0.0
10.0,30.0,2.8729848333536627e-06,1.5625,orca,57.91946380126602,0.0
10.0,30.0,2.8729848333536627e-06,1.5625,combined,69.40336554304727,0.0
10.0,30.0,2.8729848333536627e-06,1.625,arca,59.724086023630484,0.0
10.0,30.0,2.8729848333536627e-06,1.625,orca,57.91946380126602,0.0
10.0,30.0,2.8729848333536627e-06,1.625,combined,63.79005513112915,0.0
10.0,30.0,2.8729848333536627e-06,1.6875,arca,59.30259520758038,0.0
10.0,30.0,2.8729848333536627e-06,1.6875,orca,57.91946380126602,0.0
10.0,30.0,2.8729848333536627e-06,1.6875,combined,75.70726211858732,0.0
10.0,30.0,2.8729848333536627e-06,1.75,arca,70.28201042349139,0.0
10.0,30.0,2.8729848333536627e-06,1.75,orca,57.91946380126602,0.0
10.0,30.0,2.8729848333536627e-06,1.75,combined,81.62701729125767,0.0
10.0,30.0,2.8729848333536627e-06,1.8125,arca,70.28201042349139,0.0
10.0,30.0,2.8729848333536627e-06,1.8125,orca,57.91946380126602,0.0
10.0,30.0,2.8729848333536627e-06,1.8125,combined,81.62701729125767,0.0
10.0,30.0,2.8729848333536627e-06,1.875,arca,70.28201042349139,0.0
10.0,30.0,2.8729848333536627e-06,1.875,orca,57.91946380126602,0.0
10.0,30.0,2.8729848333536627e-06,1.875,combined,81.62701729125767,0.0
10.0,30.0,2.8729848333536627e-06,1.9375,arca,70.28201042349139,0.0
10.0,30.0,2.8729848333536627e-06,1.9375,orca,57.91946380126602,0.0
10.0,30.0,2.8729848333536627e-06,1.9375,combined,81.62701729125767,0.0
10.0,30.0,2.8729848333536627e-06,2.0,arca,70.28201042349139,0.0
10.0,30.0,2.8729848333536627e-06,2.0,orca,57.91946380126602,0.0
10.0,30.0,2.8729848333536627e-06,2.0,combined,81.62701729125767,0.0
10.0,30.0,2.8729848333536627e-06,2.0625,arca,70.28201042349139,0.0
10.0,30.0,2.8729848333536627e-06,2.0625,orca,57.91946380126602,0.0
10.0,30.0,2.8729848333536627e-06,2.0625,combined,81.62701729125767,0.0
10.0,30.0,2.8729848333536627e-06,2.125,arca,70.28201042349139,0.0
10.0,30.0,2.8729848333536627e-06,2.125,orca,57.91946380126602,0.0
10.0,30.0,2.8729848333536627e-06,2.125,combined,81.62701729125767,0.0
10.0,30.0,2.8729848333536627e-06,2.1875,arca,70.28201042349139,0.0
10.0,30.0,2.8729848333536627e-06,2.1875,orca,57.91946380126602,0.0
10.0,30.0,2.8729848333536627e-06,2.1875,combined,81.62701729125767,0.0
10.0,30.0,2.8729848333536627e-06,2.25,arca,70.28201042349139,0.0
10.0,30.0,2.8729848333536627e-06,2.25,orca,57.91946380126602,0.0
10.0,30.0,2.8729848333536627e-06,2.25,combined,81.62701729125767,0.0
10.0,30.0,2.8729848333536627e-06,2.3125,arca,70.28201042349139,0.0
10.0,30.0,2.8729848333536627e-06,2.3125,orca,57.91946380126602,0.0
10.0,30.0,2.8729848333536627e-06,2.3125,combined,81.62701729125767,0.0
10.0,30.0,2.8729848333536627e-06,2.375,arca,70.28201042349139,0.0
10.0,30.0,2.8729848333536627e-06,2.375,orca,57.91946380126602,0.0
10.0,30.0,2.8729848333536627e-06,2.375,combined,81.62701729125767,0.0
10.0,30.0,2.8729848333536627e-06,2.4375,arca,70.28201042349139,0.0
10.0,30.0,2.8729848333536627e-06,2.4375,orca,57.91946380126602,0.0
10.0,30.0,2.8729848333536627e-06,2.4375,combined,81.62701729125767,0.0
10.0,30.0,2.8729848333536627e-06,2.5,arca,70.28201042349139,0.0
10.0,30.0,2.8729848333536627e-06,2.5,orca,57.91946380126602,0.0
10.0,30.0,2.8729848333536627e-06,2.5,combined,81.62701729125767,0.0
10.0,30.0,2.8729848333536627e-06,2.5625,arca,70.28201042349139,0.0
10.0,30.0,2.8729848333536627e-06,2.5625,orca,57.91946380126602,0.0
10.0,30.0,2.8729848333536627e-06,2.5625,combined,81.62701729125767,0.0
10.0,30.0,2.8729848333536627e-06,2.625,arca,70.28201042349139,0.0
10.0,30.0,2.8729848333536627e-06,2.625,orca,57.91946380126602,0.0
10.0,30.0,2.8729848333536627e-06,2.625,combined,81.62701729125767,0.0
10.0,30.0,2.8729848333536627e-06,2.6875,arca,70.28201042349139,0.0
10.0,30.0,2.8729848333536627e-06,2.6875,orca,57.91946380126602,0.0
10.0,30.0,2.8729848333536627e-06,2.6875,combined,81.62701729125767,0.0
10.0,30.0,2.8729848333536627e-06,2.75,arca,70.28201042349139,0.0
10.0,30.0,2.8729848333536627e-06,2.75,orca,57.91946380126602,0.0
10.0,30.0,2.8729848333536627e-06,2.75,combined,81.62701729125767,0.0
10.0,30.0,2.8729848333536627e-06,2.8125,arca,70.28201042349139,0.0
10.0,30.0,2.8729848333536627e-06,2.8125,orca,57.91946380126602,0.0
10.0,30.0,2.8729848333536627e-06,2.8125,combined,81.62701729125767,0.0
10.0,30.0,2.8729848333536627e-06,2.875,arca,70.28201042349139,0.0
10.0,30.0,2.8729848333536627e-06,2.875,orca,57.91946380126602,0.0
10.0,30.0,2.8729848333536627e-06,2.875,combined,81.62701729125767,0.0
10.0,30.0,2.8729848333536627e-06,2.9375,arca,70.28201042349139,0.0
10.0,30.0,2.8729848333536627e-06,2.9375,orca,57.91946380126602,0.0
10.0,30.0,2.8729848333536627e-06,2.9375,combined,81.62701729125767,0.0
10.0,30.0,2.8729848333536627e-06,3.0,arca,70.28201042349139,0.0
10.0,30.0,2.8729848333536627e-06,3.0,orca,57.91946380126602,0.0
10.0,30.0,2.8729848333536627e-06,3.0,combined,81.62701729125767,0.0
10.0,30.0,8.254041852680188e-06,1.5,arca,54.32696181374018,0.0
10.0,30.0,8.254041852680188e-06,1.5,orca,57.91946380126602,0.0
10.0,30.0,8.254041852680188e-06,1.5,combined,59.388231883903806,0.0
10.0,30.0,8.254041852680188e-06,1.5625,arca,60.56945126594171,0.0
10.0,30.0,8.254041852680188e-06,1.5625,orca,57.91946380126602,0.0
10.0,30.0,8.254041852680188e-06,1.5625,combined,63.0412601415226,0.0
10.0,30.0,8.254041852680188e-06,1.625,arca,60.992802032832486,0.0
10.0,30.0,8.254041852680188e-06,1.625,orca,57.91946380126602,0.0
10.0,30.0,8.254041852680188e-06,1.625,combined,68.9888424433879,0.0
10.0,30.0,8.254041852680188e-06,1.6875,arca,59.34389238660961,0.0
10.0,30.0,8.254041852680188e-06,1.6875,orca,57.91946380126602,0.0
10.0,30.0,8.254041852680188e-06,1.6875,combined,64.17576621222112,0.0
10.0,30.0,8.254041852680188e-06,1.75,arca,65.16810414382016,0.0
10.0,30.0,8.254041852680188e-06,1.75,orca,57.91946380126602,0.0
10.0,30.0,8.254041852680188e-06,1.75,combined,81.62701729125767,0.0
10.0,30.0,8.254041852680188e-06,1.8125,arca,70.28201042349139,0.0
10.0,30.0,8.254041852680188e-06,1.8125,orca,57.91946380126602,0.0
10.0,30.0,8.254041852680188e-06,1.8125,combined,62.06519838073898,0.0
10.0,30.0,8.254041852680188e-06,1.875,arca,70.28201042349139,0.0
10.0,30.0,8.254041852680188e-06,1.875,orca,57.91946380126602,0.0
10.0,30.0,8.254041852680188e-06,1.875,combined,81.62701729125767,0.0
10.0,30.0,8.254041852680188e-06,1.9375,arca,70.28201042349139,0.0
10.0,30.0,8.254041852680188e-06,1.9375,orca,57.91946380126602,0.0
10.0,30.0,8.254041852680188e-06,1.9375,combined,81.62701729125767,0.0
10.0,30.0,8.254041852680188e-06,2.0,arca,70.28201042349139,0.0
10.0,30.0,8.254041852680188e-06,2.0,orca,57.91946380126602,0.0
10.0,30.0,8.254041852680188e-06,2.0,combined,81.62701729125767,0.0
10.0,30.0,8.254041852680188e-06,2.0625,arca,70.28201042349139,0.0
10.0,30.0,8.254041852680188e-06,2.0625,orca,57.91946380126602,0.0
10.0,30.0,8.254041852680188e-06,2.0625,combined,81.62701729125767,0.0
10.0,30.0,8.254041852680188e-06,2.125,arca,70.28201042349139,0.0
10.0,30.0,8.254041852680188e-06,2.125,orca,57.91946380126602,0.0
10.0,30.0,8.254041852680188e-06,2.125,combined,81.62701729125767,0.0
10.0,30.0,8.254041852680188e-06,2.1875,arca,70.28201042349139,0.0
10.0,30.0,8.254041852680188e-06,2.1875,orca,57.91946380126602,0.0
10.0,30.0,8.254041852680188e-06,2.1875,combined,81.62701729125767,0.0
10.0,30.0,8.254041852680188e-06,2.25,arca,70.28201042349139,0.0
10.0,30.0,8.254041852680188e-06,2.25,orca,57.91946380126602,0.0
10.0,30.0,8.254041852680188e-06,2.25,combined,81.62701729125767,0.0
10.0,30.0,8.254041852680188e-06,2.3125,arca,70.28201042349139,0.0
10.0,30.0,8.254041852680188e-06,2.3125,orca,57.91946380126602,0.0
10.0,30.0,8.254041852680188e-06,2.3125,combined,81.62701729125767,0.0
10.0,30.0,8.254041852680188e-06,2.375,arca,70.28201042349139,0.0
10.0,30.0,8.254041852680188e-06,2.375,orca,57.91946380126602,0.0
10.0,30.0,8.254041852680188e-06,2.375,combined,81.62701729125767,0.0
10.0,30.0,8.254041852680188e-06,2.4375,arca,70.28201042349139,0.0
10.0,30.0,8.254041852680188e-06,2.4375,orca,57.91946380126602,0.0
10.0,30.0,8.254041852680188e-06,2.4375,combined,81.62701729125767,0.0
10.0,30.0,8.254041852680188e-06,2.5,arca,70.28201042349139,0.0
10.0,30.0,8.254041852680188e-06,2.5,orca,57.91946380126602,0.0
10.0,30.0,8.254041852680188e-06,2.5,combined,81.62701729125767,0.0
10.0,30.0,8.254041852680188e-06,2.5625,arca,70.28201042349139,0.0
10.0,30.0,8.254041852680188e-06,2.5625,orca,57.91946380126602,0.0
10.0,30.0,8.254041852680188e-06,2.5625,combined,81.62701729125767,0.0
10.0,30.0,8.254041852680188e-06,2.625,arca,70.28201042349139,0.0
10.0,30.0,8.254041852680188e-06,2.625,orca,57.91946380126602,0.0
10.0,30.0,8.254041852680188e-06,2.625,combined,81.62701729125767,0.0
10.0,30.0,8.254041852680188e-06,2.6875,arca,70.28201042349139,0.0
10.0,30.0,8.254041852680188e-06,2.6875,orca,57.91946380126602,0.0
10.0,30.0,8.254041852680188e-06,2.6875,combined,81.62701729125767,0.0
10.0,30.0,8.254041852680188e-06,2.75,arca,70.28201042349139,0.0
10.0,30.0,8.254041852680188e-06,2.75,orca,57.91946380126602,0.0
10.0,30.0,8.254041852680188e-06,2.75,combined,81.62701729125767,0.0
10.0,30.0,8.254041852680188e-06,2.8125,arca,70.28201042349139,0.0
10.0,30.0,8.254041852680188e-06,2.8125,orca,57.91946380126602,0.0
10.0,30.0,8.254041852680188e-06,2.8125,combined,81.62701729125767,0.0
10.0,30.0,8.254041852680188e-06,2.875,arca,70.28201042349139,0.0
10.0,30.0,8.254041852680188e-06,2.875,orca,57.91946380126602,0.0
10.0,30.0,8.254041852680188e-06,2.875,combined,81.62701729125767,0.0
10.0,30.0,8.254041852680188e-06,2.9375,arca,70.28201042349139,0.0
10.0,30.0,8.254041852680188e-06,2.9375,orca,57.91946380126602,0.0
10.0,30.0,8.254041852680188e-06,2.9375,combined,81.62701729125767,0.0
10.0,30.0,8.254041852680188e-06,3.0,arca,70.28201042349139,0.0
10.0,30.0,8.254041852680188e-06,3.0,orca,57.91946380126602,0.0
10.0,30.0,8.254041852680188e-06,3.0,combined,81.62701729125767,0.0
10.0,30.0,2.371373705661655e-05,1.5,arca,60.7740978353323,0.0
10.0,30.0,2.371373705661655e-05,1.5,orca,57.91946380126602,0.0
10.0,30.0,2.371373705661655e-05,1.5,combined,60.64665551439201,0.0
10.0,30.0,2.371373705661655e-05,1.5625,arca,58.38550399736256,0.0
10.0,30.0,2.371373705661655e-05,1.5625,orca,57.91946380126602,0.0
10.0,30.0,2.371373705661655e-05,1.5625,combined,66.32766034394271,0.0
10.0,30.0,2.371373705661655e-05,1.625,arca,63.96927382588831,0.0
10.0,30.0,2.371373705661655e-05,1.625,orca,57.91946380126602,0.0
10.0,30.0,2.371373705661655e-05,1.625,combined,61.86364257595289,0.0
10.0,30.0,2.371373705661655e-05,1.6875,arca,64.10167703828711,0.0
10.0,30.0,2.371373705661655e-05,1.6875,orca,57.91946380126602,0.0
10.0,30.0,2.371373705661655e-05,1.6875,combined,81.60700471798359,0.0
10.0,30.0,2.371373705661655e-05,1.75,arca,64.13024330587449,0.0
10.0,30.0,2.371373705661655e-05,1.75,orca,57.91946380126602,0.0
10.0,30.0,2.371373705661655e-05,1.75,combined,61.932033208478096,0.0
10.0,30.0,2.371373705661655e-05,1.8125,arca,70.26501962230358,0.0
10.0,30.0,2.371373705661655e-05,1.8125,orca,57.91946380126602,0.0
10.0,30.0,2.371373705661655e-05,1.8125,combined,75.4513492892671,0.0
10.0,30.0,2.371373705661655e-05,1.875,arca,66.17213422465177,0.0
10.0,30.0,2.371373705661655e-05,1.875,orca,57.91946380126602,0.0
10.0,30.0,2.371373705661655e-05,1.875,combined,81.62701729125767,0.0
10.0,30.0,2.371373705661655e-05,1.9375,arca,70.28201042349139,0.0
10.0,30.0,2.371373705661655e-05,1.9375,orca,57.91946380126602,0.0
10.0,30.0,2.371373705661655e-05,1.9375,combined,71.80989319663354,0.0
10.0,30.0,2.371373705661655e-05,2.0,arca,70.28201042349139,0.0
10.0,30.0,2.371373705661655e-05,2.0,orca,57.91946380126602,0.0
10.0,30.0,2.371373705661655e-05,2.0,combined,81.62701729125767,0.0
10.0,30.0,2.371373705661655e-05,2.0625,arca,70.28201042349139,0.0
10.0,30.0,2.371373705661655e-05,2.0625,orca,57.91946380126602,0.0
10.0,30.0,2.371373705661655e-05,2.0625,combined,81.62701729125767,0.0
10.0,30.0,2.371373705661655e-05,2.125,arca,70.28201042349139,0.0
10.0,30.0,2.371373705661655e-05,2.125,orca,57.91946380126602,0.0
10.0,30.0,2.371373705661655e-05,2.125,combined,81.62701729125767,0.0
10.0,30.0,2.371373705661655e-05,2.1875,arca,70.28201042349139,0.0
10.0,30.0,2.371373705661655e-05,2.1875,orca,57.91946380126602,0.0
10.0,30.0,2.371373705661655e-05,2.1875,combined,81.62701729125767,0.0
10.0,30.0,2.371373705661655e-05,2.25,arca,70.28201042349139,0.0
10.0,30.0,2.371373705661655e-05,2.25,orca,57.91946380126602,0.0
10.0,30.0,2.371373705661655e-05,2.25,combined,81.62701729125767,0.0
10.0,30.0,2.371373705661655e-05,2.3125,arca,70.28201042349139,0.0
10.0,30.0,2.371373705661655e-05,2.3125,orca,57.91946380126602,0.0
10.0,30.0,2.371373705661655e-05,2.3125,combined,81.62701729125767,0.0
10.0,30.0,2.371373705661655e-05,2.375,arca,70.28201042349139,0.0
10.0,30.0,2.371373705661655e-05,2.375,orca,57.91946380126602,0.0
10.0,30.0,2.371373705661655e-05,2.375,combined,81.62701729125767,0.0
10.0,30.0,2.371373705661655e-05,2.4375,arca,70.28201042349139,0.0
10.0,30.0,2.371373705661655e-05,2.4375,orca,57.91946380126602,0.0
10.0,30.0,2.371373705661655e-05,2.4375,combined,81.62701729125767,0.0
10.0,30.0,2.371373705661655e-05,2.5,arca,70.28201042349139,0.0
10.0,30.0,2.371373705661655e-05,2.5,orca,57.91946380126602,0.0
10.0,30.0,2.371373705661655e-05,2.5,combined,81.62701729125767,0.0
10.0,30.0,2.371373705661655e-05,2.5625,arca,70.28201042349139,0.0
10.0,30.0,2.371373705661655e-05,2.5625,orca,57.91946380126602,0.0
10.0,30.0,2.371373705661655e-05,2.5625,combined,81.62701729125767,0.0
10.0,30.0,2.371373705661655e-05,2.625,arca,70.28201042349139,0.0
10.0,30.0,2.371373705661655e-05,2.625,orca,57.91946380126602,0.0
10.0,30.0,2.371373705661655e-05,2.625,combined,81.62701729125767,0.0
10.0,30.0,2.371373705661655e-05,2.6875,arca,70.28201042349139,0.0
10.0,30.0,2.371373705661655e-05,2.6875,orca,57.91946380126602,0.0
10.0,30.0,2.371373705661655e-05,2.6875,combined,81.62701729125767,0.0
10.0,30.0,2.371373705661655e-05,2.75,arca,70.28201042349139,0.0
10.0,30.0,2.371373705661655e-05,2.75,orca,57.91946380126602,0.0
10.0,30.0,2.371373705661655e-05,2.75,combined,81.62701729125767,0.0
10.0,30.0,2.371373705661655e-05,2.8125,arca,70.28201042349139,0.0
10.0,30.0,2.371373705661655e-05,2.8125,orca,57.91946380126602,0.0
10.0,30.0,2.371373705661655e-05,2.8125,combined,81.62701729125767,0.0
10.0,30.0,2.371373705661655e-05,2.875,arca,70.28201042349139,0.0
10.0,30.0,2.371373705661655e-05,2.875,orca,57.91946380126602,0.0
10.0,30.0,2.371373705661655e-05,2.875,combined,81.62701729125767,0.0
10.0,30.0,2.371373705661655e-05,2.9375,arca,70.28201042349139,0.0
10.0,30.0,2.371373705661655e-05,2.9375,orca,57.91946380126602,0.0
10.0,30.0,2.371373705661655e-05,2.9375,combined,81.62701729125767,0.0
10.0,30.0,2.371373705661655e-05,3.0,arca,70.28201042349139,0.0
10.0,30.0,2.371373705661655e-05,3.0,orca,57.91946380126602,0.0
10.0,30.0,2.371373705661655e-05,3.0,combined,81.62701729125767,0.0
10.0,30.0,6.812920690579608e-05,1.5,arca,67.23379029758726,0.0
10.0,30.0,6.812920690579608e-05,1.5,orca,62.94705669043878,0.0
10.0,30.0,6.812920690579608e-05,1.5,combined,57.02187565668199,0.0
10.0,30.0,6.812920690579608e-05,1.5625,arca,64.18460889287408,0.0
10.0,30.0,6.812920690579608e-05,1.5625,orca,54.33063185828013,0.0
10.0,30.0,6.812920690579608e-05,1.5625,combined,58.806379198450955,0.0
10.0,30.0,6.812920690579608e-05,1.625,arca,57.21088549754219,0.0
10.0,30.0,6.812920690579608e-05,1.625,orca,57.91946380126602,0.0
10.0,30.0,6.812920690579608e-05,1.625,combined,67.24989763741843,0.0
10.0,30.0,6.812920690579608e-05,1.6875,arca,59.80969711354615,0.0
10.0,30.0,6.812920690579608e-05,1.6875,orca,57.91946380126602,0.0
10.0,30.0,6.812920690579608e-05,1.6875,combined,62.56277310723223,0.0
10.0,30.0,6.812920690579608e-05,1.75,arca,59.48738376749872,0.0
10.0,30.0,6.812920690579608e-05,1.75,orca,57.91946380126602,0.0
10.0,30.0,6.812920690579608e-05,1.75,combined,58.961007142572136,0.0
10.0,30.0,6.812920690579608e-05,1.8125,arca,58.3412869427696,0.0
10.0,30.0,6.812920690579608e-05,1.8125,orca,57.91946380126602,0.0
10.0,30.0,6.812920690579608e-05,1.8125,combined,78.21791712849628,0.0
10.0,30.0,6.812920690579608e-05,1.875,arca,59.87723297372971,0.0
10.0,30.0,6.812920690579608e-05,1.875,orca,57.91946380126602,0.0
10.0,30.0,6.812920690579608e-05,1.875,combined,79.21265518737411,0.0
10.0,30.0,6.812920690579608e-05,1.9375,arca,70.28201042349139,0.0
10.0,30.0,6.812920690579608e-05,1.9375,orca,57.91946380126602,0.0
10.0,30.0,6.812920690579608e-05,1.9375,combined,81.37813886356327,0.0
10.0,30.0,6.812920690579608e-05,2.0,arca,57.723802994696825,0.0
10.0,30.0,6.812920690579608e-05,2.0,orca,57.91946380126602,0.0
10.0,30.0,6.812920690579608e-05,2.0,combined,81.62701729125767,0.0
10.0,30.0,6.812920690579608e-05,2.0625,arca,70.28201042349139,0.0
10.0,30.0,6.812920690579608e-05,2.0625,orca,57.91946380126602,0.0
10.0,30.0,6.812920690579608e-05,2.0625,combined,81.62701729125767,0.0
10.0,30.0,6.812920690579608e-05,2.125,arca,70.28201042349139,0.0
10.0,30.0,6.812920690579608e-05,2.125,orca,57.91946380126602,0.0
10.0,30.0,6.812920690579608e-05,2.125,combined,81.62701729125767,0.0
10.0,30.0,6.812920690579608e-05,2.1875,arca,70.28201042349139,0.0
10.0,30.0,6.812920690579608e-05,2.1875,orca,57.91946380126602,0.0
10.0,30.0,6.812920690579608e-05,2.1875,combined,81.62701729125767,0.0
10.0,30.0,6.812920690579608e-05,2.25,arca,61.79878653328635,0.0
10.0,30.0,6.812920690579608e-05,2.25,orca,57.91946380126602,0.0
10.0,30.0,6.812920690579608e-05,2.25,combined,81.62701729125767,0.0
10.0,30.0,6.812920690579608e-05,2.3125,arca,70.28201042349139,0.0
10.0,30.0,6.812920690579608e-05,2.3125,orca,57.91946380126602,0.0
10.0,30.0,6.812920690579608e-05,2.3125,combined,81.62701729125767,0.0
10.0,30.0,6.812920690579608e-05,2.375,arca,70.28201042349139,0.0
10.0,30.0,6.812920690579608e-05,2.375,orca,57.91946380126602,0.0
10.0,30.0,6.812920690579608e-05,2.375,combined,81.62701729125767,0.0
10.0,30.0,6.812920690579608e-05,2.4375,arca,70.28201042349139,0.0
10.0,30.0,6.812920690579608e-05,2.4375,orca,57.91946380126602,0.0
10.0,30.0,6.812920690579608e-05,2.4375,combined,81.62701729125767,0.0
10.0,30.0,6.812920690579608e-05,2.5,arca,70.28201042349139,0.0
10.0,30.0,6.812920690579608e-05,2.5,orca,57.91946380126602,0.0
10.0,30.0,6.812920690579608e-05,2.5,combined,81.62701729125767,0.0
10.0,30.0,6.812920690579608e-05,2.5625,arca,70.28201042349139,0.0
10.0,30.0,6.812920690579608e-05,2.5625,orca,57.91946380126602,0.0
10.0,30.0,6.812920690579608e-05,2.5625,combined,81.62701729125767,0.0
10.0,30.0,6.812920690579608e-05,2.625,arca,70.28201042349139,0.0
10.0,30.0,6.812920690579608e-05,2.625,orca,57.91946380126602,0.0
10.0,30.0,6.812920690579608e-05,2.625,combined,81.62701729125767,0.0
10.0,30.0,6.812920690579608e-05,2.6875,arca,70.28201042349139,0.0
10.0,30.0,6.812920690579608e-05,2.6875,orca,57.91946380126602,0.0
10.0,30.0,6.812920690579608e-05,2.6875,combined,81.62701729125767,0.0
10.0,30.0,6.812920690579608e-05,2.75,arca,70.28201042349139,0.0
10.0,30.0,6.812920690579608e-05,2.75,orca,57.91946380126602,0.0
10.0,30.0,6.812920690579608e-05,2.75,combined,81.62701729125767,0.0
10.0,30.0,6.812920690579608e-05,2.8125,arca,70.28201042349139,0.0
10.0,30.0,6.812920690579608e-05,2.8125,orca,57.91946380126602,0.0
10.0,30.0,6.812920690579608e-05,2.8125,combined,81.62701729125767,0.0
10.0,30.0,6.812920690579608e-05,2.875,arca,70.28201042349139,0.0
10.0,30.0,6.812920690579608e-05,2.875,orca,57.91946380126602,0.0
10.0,30.0,6.812920690579608e-05,2.875,combined,81.62701729125767,0.0
10.0,30.0,6.812920690579608e-05,2.9375,arca,70.28201042349139,0.0
10.0,30.0,6.812920690579608e-05,2.9375,orca,57.91946380126602,0.0
10.0,30.0,6.812920690579608e-05,2.9375,combined,81.62701729125767,0.0
10.0,30.0,6.812920690579608e-05,3.0,arca,70.28201042349139,0.0
10.0,30.0,6.812920690579608e-05,3.0,orca,57.91946380126602,0.0
10.0,30.0,6.812920690579608e-05,3.0,combined,81.62701729125767,0.0
10.0,30.0,0.00019573417814876596,1.5,arca,67.06296122875627,0.0
10.0,30.0,0.00019573417814876596,1.5,orca,60.344216048851806,0.0
10.0,30.0,0.00019573417814876596,1.5,combined,59.144603499454064,0.0
10.0,30.0,0.00019573417814876596,1.5625,arca,58.23179598444955,0.0
10.0,30.0,0.00019573417814876596,1.5625,orca,57.91946380126602,0.0
10.0,30.0,0.00019573417814876596,1.5625,combined,62.377472558161806,0.0
10.0,30.0,0.00019573417814876596,1.625,arca,61.080719558716375,0.0
10.0,30.0,0.00019573417814876596,1.625,orca,57.91946380126602,0.0
10.0,30.0,0.00019573417814876596,1.625,combined,66.78577450816118,0.0
10.0,30.0,0.00019573417814876596,1.6875,arca,61.08740466698982,0.0
10.0,30.0,0.00019573417814876596,1.6875,orca,57.91946380126602,0.0
10.0,30.0,0.00019573417814876596,1.6875,combined,63.980786465161685,0.0
10.0,30.0,0.00019573417814876596,1.75,arca,59.399953845646664,0.0
10.0,30.0,0.00019573417814876596,1.75,orca,57.91946380126602,0.0
10.0,30.0,0.00019573417814876596,1.75,combined,60.82965982487349,0.0
10.0,30.0,0.00019573417814876596,1.8125,arca,58.84845288094468,0.0
10.0,30.0,0.00019573417814876596,1.8125,orca,57.91946380126602,0.0
10.0,30.0,0.00019573417814876596,1.8125,combined,59.10081772843759,0.0
10.0,30.0,0.00019573417814876596,1.875,arca,68.37937915523754,0.0
10.0,30.0,0.00019573417814876596,1.875,orca,57.91946380126602,0.0
10.0,30.0,0.00019573417814876596,1.875,combined,66.26518220776045,0.0
10.0,30.0,0.00019573417814876596,1.9375,arca,64.05543789381457,0.0
10.0,30.0,0.00019573417814876596,1.9375,orca,54.79587324981577,0.0
10.0,30.0,0.00019573417814876596,1.9375,combined,57.66158426368952,0.0
10.0,30.0,0.00019573417814876596,2.0,arca,58.36856668511345,0.0
10.0,30.0,0.00019573417814876596,2.0,orca,57.91946380126602,0.0
10.0,30.0,0.00019573417814876596,2.0,combined,81.62701729125767,0.0
10.0,30.0,0.00019573417814876596,2.0625,arca,70.28201042349139,0.0
10.0,30.0,0.00019573417814876596,2.0625,orca,57.91946380126602,0.0
10.0,30.0,0.00019573417814876596,2.0625,combined,81.62701729125767,0.0
10.0,30.0,0.00019573417814876596,2.125,arca,57.293180739412485,0.0
10.0,30.0,0.00019573417814876596,2.125,orca,57.91946380126602,0.0
10.0,30.0,0.00019573417814876596,2.125,combined,81.62701729125767,0.0
10.0,30.0,0.00019573417814876596,2.1875,arca,58.633008537827095,0.0
10.0,30.0,0.00019573417814876596,2.1875,orca,57.91946380126602,0.0
10.0,30.0,0.00019573417814876596,2.1875,combined,81.62701729125767,0.0
10.0,30.0,0.00019573417814876596,2.25,arca,70.28201042349139,0.0
10.0,30.0,0.00019573417814876596,2.25,orca,57.91946380126602,0.0
10.0,30.0,0.00019573417814876596,2.25,combined,81.62701729125767,0.0
10.0,30.0,0.00019573417814876596,2.3125,arca,70.28201042349139,0.0
10.0,30.0,0.00019573417814876596,2.3125,orca,57.91946380126602,0.0
10.0,30.0,0.00019573417814876596,2.3125,combined,81.62701729125767,0.0
10.0,30.0,0.00019573417814876596,2.375,arca,70.28201042349139,0.0
10.0,30.0,0.00019573417814876596,2.375,orca,57.91946380126602,0.0
10.0,30.0,0.00019573417814876596,2.375,combined,66.84243980635951,0.0
10.0,30.0,0.00019573417814876596,2.4375,arca,70.28201042349139,0.0
10.0,30.0,0.00019573417814876596,2.4375,orca,57.91946380126602,0.0
10.0,30.0,0.00019573417814876596,2.4375,combined,81.62701729125767,0.0
10.0,30.0,0.00019573417814876596,2.5,arca,70.28201042349139,0.0
10.0,30.0,0.00019573417814876596,2.5,orca,57.91946380126602,0.0
10.0,30.0,0.00019573417814876596,2.5,combined,81.62701729125767,0.0
10.0,30.0,0.00019573417814876596,2.5625,arca,70.28201042349139,0.0
10.0,30.0,0.00019573417814876596,2.5625,orca,57.91946380126602,0.0
10.0,30.0,0.00019573417814876596,2.5625,combined,81.62701729125767,0.0
10.0,30.0,0.00019573417814876596,2.625,arca,70.28201042349139,0.0
10.0,30.0,0.00019573417814876596,2.625,orca,57.91946380126602,0.0
10.0,30.0,0.00019573417814876596,2.625,combined,81.62701729125767,0.0
10.0,30.0,0.00019573417814876596,2.6875,arca,70.28201042349139,0.0
10.0,30.0,0.00019573417814876596,2.6875,orca,57.91946380126602,0.0
10.0,30.0,0.00019573417814876596,2.6875,combined,81.62701729125767,0.0
10.0,30.0,0.00019573417814876596,2.75,arca,70.28201042349139,0.0
10.0,30.0,0.00019573417814876596,2.75,orca,57.91946380126602,0.0
10.0,30.0,0.00019573417814876596,2.75,combined,81.62701729125767,0.0
10.0,30.0,0.00019573417814876596,2.8125,arca,70.28201042349139,0.0
10.0,30.0,0.00019573417814876596,2.8125,orca,59.19226829306731,0.0
10.0,30.0,0.00019573417814876596,2.8125,combined,81.62701729125767,0.0
10.0,30.0,0.00019573417814876596,2.875,arca,70.28201042349139,0.0
10.0,30.0,0.00019573417814876596,2.875,orca,57.91946380126602,0.0
10.0,30.0,0.00019573417814876596,2.875,combined,81.62701729125767,0.0
10.0,30.0,0.00019573417814876596,2.9375,arca,70.28201042349139,0.0
10.0,30.0,0.00019573417814876596,2.9375,orca,57.91946380126602,0.0
10.0,30.0,0.00019573417814876596,2.9375,combined,81.62701729125767,0.0
10.0,30.0,0.00019573417814876596,3.0,arca,70.28201042349139,0.0
10.0,30.0,0.00019573417814876596,3.0,orca,57.91946380126602,0.0
10.0,30.0,0.00019573417814876596,3.0,combined,81.62701729125767,0.0
10.0,30.0,0.000562341325190349,1.5,arca,66.19079906341722,0.0
10.0,30.0,0.000562341325190349,1.5,orca,50.197942990439515,0.0
10.0,30.0,0.000562341325190349,1.5,combined,57.4527095520985,0.0
10.0,30.0,0.000562341325190349,1.5625,arca,57.5996484644227,0.0
10.0,30.0,0.000562341325190349,1.5625,orca,55.809677836718855,0.0
10.0,30.0,0.000562341325190349,1.5625,combined,52.24844261916847,0.0
10.0,30.0,0.000562341325190349,1.625,arca,64.9982722920486,0.0
10.0,30.0,0.000562341325190349,1.625,orca,59.239074550128535,0.0
10.0,30.0,0.000562341325190349,1.625,combined,57.65839166277805,0.0
10.0,30.0,0.000562341325190349,1.6875,arca,62.799663005450604,0.0
10.0,30.0,0.000562341325190349,1.6875,orca,57.91946380126602,0.0
10.0,30.0,0.000562341325190349,1.6875,combined,60.522535153302705,0.0
10.0,30.0,0.000562341325190349,1.75,arca,63.65908536384318,0.0
10.0,30.0,0.000562341325190349,1.75,orca,57.91946380126602,0.0
10.0,30.0,0.000562341325190349,1.75,combined,65.06035229651765,0.0
10.0,30.0,0.000562341325190349,1.8125,arca,65.08595161183993,0.0
10.0,30.0,0.000562341325190349,1.8125,orca,57.91946380126602,0.0
10.0,30.0,0.000562341325190349,1.8125,combined,60.96976143120007,0.0
10.0,30.0,0.000562341325190349,1.875,arca,61.206552058398785,0.0
10.0,30.0,0.000562341325190349,1.875,orca,57.91946380126602,0.0
10.0,30.0,0.000562341325190349,1.875,combined,63.90462315565598,0.0
10.0,30.0,0.000562341325190349,1.9375,arca,62.471515878719146,0.0
10.0,30.0,0.000562341325190349,1.9375,orca,57.91946380126602,0.0
10.0,30.0,0.000562341325190349,1.9375,combined,71.69627483509842,0.0
10.0,30.0,0.000562341325190349,2.0,arca,60.18431106261928,0.0
10.0,30.0,0.000562341325190349,2.0,orca,57.91946380126602,0.0
10.0,30.0,0.000562341325190349,2.0,combined,76.91987247608924,0.0
10.0,30.0,0.000562341325190349,2.0625,arca,56.98063869887838,0.0
10.0,30.0,0.000562341325190349,2.0625,orca,57.91946380126602,0.0
10.0,30.0,0.000562341325190349,2.0625,combined,58.75477234670282,0.0
10.0,30.0,0.000562341325190349,2.125,arca,70.28201042349139,0.0
10.0,30.0,0.000562341325190349,2.125,orca,57.91946380126602,0.0
10.0,30.0,0.000562341325190349,2.125,combined,83.14091998363435,0.0
10.0,30.0,0.000562341325190349,2.1875,arca,70.28201042349139,0.0
10.0,30.0,0.000562341325190349,2.1875,orca,57.91946380126602,0.0
10.0,30.0,0.000562341325190349,2.1875,combined,61.335122923588045,0.0
10.0,30.0,0.000562341325190349,2.25,arca,59.15089838511445,0.0
10.0,30.0,0.000562341325190349,2.25,orca,57.91946380126602,0.0
10.0,30.0,0.000562341325190349,2.25,combined,81.62701729125767,0.0
10.0,30.0,0.000562341325190349,2.3125,arca,70.28201042349139,0.0
10.0,30.0,0.000562341325190349,2.3125,orca,57.91946380126602,0.0
10.0,30.0,0.000562341325190349,2.3125,combined,81.62701729125767,0.0
10.0,30.0,0.000562341325190349,2.375,arca,60.02817880282085,0.0
10.0,30.0,0.000562341325190349,2.375,orca,57.91946380126602,0.0
10.0,30.0,0.000562341325190349,2.375,combined,81.62701729125767,0.0
10.0,30.0,0.000562341325190349,2.4375,arca,70.28201042349139,0.0
10.0,30.0,0.000562341325190349,2.4375,orca,57.91946380126602,0.0
10.0,30.0,0.000562341325190349,2.4375,combined,81.62701729125767,0.0
10.0,30.0,0.000562341325190349,2.5,arca,70.28201042349139,0.0
10.0,30.0,0.000562341325190349,2.5,orca,57.91946380126602,0.0
10.0,30.0,0.000562341325190349,2.5,combined,81.62701729125767,0.0
10.0,30.0,0.000562341325190349,2.5625,arca,70.28201042349139,0.0
10.0,30.0,0.000562341325190349,2.5625,orca,57.91946380126602,0.0
10.0,30.0,0.000562341325190349,2.5625,combined,81.62701729125767,0.0
10.0,30.0,0.000562341325190349,2.625,arca,70.28201042349139,0.0
10.0,30.0,0.000562341325190349,2.625,orca,57.91946380126602,0.0
10.0,30.0,0.000562341325190349,2.625,combined,81.62701729125767,0.0
10.0,30.0,0.000562341325190349,2.6875,arca,70.28201042349139,0.0
10.0,30.0,0.000562341325190349,2.6875,orca,57.91946380126602,0.0
10.0,30.0,0.000562341325190349,2.6875,combined,81.62701729125767,0.0
10.0,30.0,0.000562341325190349,2.75,arca,70.28201042349139,0.0
10.0,30.0,0.000562341325190349,2.75,orca,57.91946380126602,0.0
10.0,30.0,0.000562341325190349,2.75,combined,81.62701729125767,0.0
10.0,30.0,0.000562341325190349,2.8125,arca,70.28201042349139,0.0
10.0,30.0,0.000562341325190349,2.8125,orca,57.91946380126602,0.0
10.0,30.0,0.000562341325190349,2.8125,combined,81.62701729125767,0.0
10.0,30.0,0.000562341325190349,2.875,arca,70.28201042349139,0.0
10.0,30.0,0.000562341325190349,2.875,orca,57.91946380126602,0.0
10.0,30.0,0.000562341325190349,2.875,combined,81.62701729125767,0.0
10.0,30.0,0.000562341325190349,2.9375,arca,70.28201042349139,0.0
10.0,30.0,0.000562341325190349,2.9375,orca,57.91946380126602,0.0
10.0,30.0,0.000562341325190349,2.9375,combined,71.10625206558132,0.0
10.0,30.0,0.000562341325190349,3.0,arca,70.28201042349139,0.0
10.0,30.0,0.000562341325190349,3.0,orca,57.91946380126602,0.0
10.0,30.0,0.000562341325190349,3.0,combined,81.62701729125767,0.0
10.0,30.0,0.0016155980984398728,1.5,arca,128.82136260488682,0.0
10.0,30.0,0.0016155980984398728,1.5,orca,66.5928141079203,0.0
10.0,30.0,0.0016155980984398728,1.5,combined,113.04056557156768,0.0
10.0,30.0,0.0016155980984398728,1.5625,arca,67.15388319732962,0.0
10.0,30.0,0.0016155980984398728,1.5625,orca,61.57709743652294,0.0
10.0,30.0,0.0016155980984398728,1.5625,combined,56.86768799489898,0.0
10.0,30.0,0.0016155980984398728,1.625,arca,68.29317714104796,0.0
10.0,30.0,0.0016155980984398728,1.625,orca,55.28776231040932,0.0
10.0,30.0,0.0016155980984398728,1.625,combined,60.89182295055537,0.0
10.0,30.0,0.0016155980984398728,1.6875,arca,54.792556102900924,0.0
10.0,30.0,0.0016155980984398728,1.6875,orca,62.90400359874046,0.0
10.0,30.0,0.0016155980984398728,1.6875,combined,62.31382122311862,0.0
10.0,30.0,0.0016155980984398728,1.75,arca,58.92809517842656,0.0
10.0,30.0,0.0016155980984398728,1.75,orca,57.47393735345396,0.0
10.0,30.0,0.0016155980984398728,1.75,combined,59.33376595284446,0.0
10.0,30.0,0.0016155980984398728,1.8125,arca,61.86872796937392,0.0
10.0,30.0,0.0016155980984398728,1.8125,orca,53.17114500121036,0.0
10.0,30.0,0.0016155980984398728,1.8125,combined,50.62473039775735,0.0
10.0,30.0,0.0016155980984398728,1.875,arca,56.71709211767111,0.0
10.0,30.0,0.0016155980984398728,1.875,orca,57.91946380126602,0.0
10.0,30.0,0.0016155980984398728,1.875,combined,58.02642834344079,0.0
10.0,30.0,0.0016155980984398728,1.9375,arca,58.4636271015434,0.0
10.0,30.0,0.0016155980984398728,1.9375,orca,57.895338945762816,0.0
10.0,30.0,0.0016155980984398728,1.9375,combined,57.97876731272472,0.0
10.0,30.0,0.0016155980984398728,2.0,arca,55.777344084816264,0.0
10.0,30.0,0.0016155980984398728,2.0,orca,57.91946380126602,0.0
10.0,30.0,0.0016155980984398728,2.0,combined,64.5305245924296,0.0
10.0,30.0,0.0016155980984398728,2.0625,arca,58.4322897280917,0.0
10.0,30.0,0.0016155980984398728,2.0625,orca,57.91946380126602,0.0
10.0,30.0,0.0016155980984398728,2.0625,combined,73.22668822259328,0.0
10.0,30.0,0.0016155980984398728,2.125,arca,60.14611842061917,0.0
10.0,30.0,0.0016155980984398728,2.125,orca,57.91946380126602,0.0
10.0,30.0,0.0016155980984398728,2.125,combined,62.96727536717485,0.0
10.0,30.0,0.0016155980984398728,2.1875,arca,67.184570399323,0.0
10.0,30.0,0.0016155980984398728,2.1875,orca,63.3488186346408,0.0
10.0,30.0,0.0016155980984398728,2.1875,combined,81.45516299655438,0.0
10.0,30.0,0.0016155980984398728,2.25,arca,70.28201042349139,0.0
10.0,30.0,0.0016155980984398728,2.25,orca,57.91946380126602,0.0
10.0,30.0,0.0016155980984398728,2.25,combined,72.0244075346411,0.0
10.0,30.0,0.0016155980984398728,2.3125,arca,64.32499259015313,0.0
10.0,30.0,0.0016155980984398728,2.3125,orca,57.91946380126602,0.0
10.0,30.0,0.0016155980984398728,2.3125,combined,81.62701729125767,0.0
10.0,30.0,0.0016155980984398728,2.375,arca,70.28201042349139,0.0
10.0,30.0,0.0016155980984398728,2.375,orca,57.91946380126602,0.0
10.0,30.0,0.0016155980984398728,2.375,combined,81.62701729125767,0.0
10.0,30.0,0.0016155980984398728,2.4375,arca,70.28201042349139,0.0
10.0,30.0,0.0016155980984398728,2.4375,orca,57.91946380126602,0.0
10.0,30.0,0.0016155980984398728,2.4375,combined,81.62701729125767,0.0
10.0,30.0,0.0016155980984398728,2.5,arca,70.28201042349139,0.0
10.0,30.0,0.0016155980984398728,2.5,orca,57.91946380126602,0.0
10.0,30.0,0.0016155980984398728,2.5,combined,81.62701729125767,0.0
10.0,30.0,0.0016155980984398728,2.5625,arca,70.28201042349139,0.0
10.0,30.0,0.0016155980984398728,2.5625,orca,57.91946380126602,0.0
10.0,30.0,0.0016155980984398728,2.5625,combined,81.62701729125767,0.0
10.0,30.0,0.0016155980984398728,2.625,arca,70.28201042349139,0.0
10.0,30.0,0.0016155980984398728,2.625,orca,57.91946380126602,0.0
10.0,30.0,0.0016155980984398728,2.625,combined,81.62701729125767,0.0
10.0,30.0,0.0016155980984398728,2.6875,arca,70.28201042349139,0.0
10.0,30.0,0.0016155980984398728,2.6875,orca,57.91946380126602,0.0
10.0,30.0,0.0016155980984398728,2.6875,combined,81.62701729125767,0.0
10.0,30.0,0.0016155980984398728,2.75,arca,70.28201042349139,0.0
10.0,30.0,0.0016155980984398728,2.75,orca,57.91946380126602,0.0
10.0,30.0,0.0016155980984398728,2.75,combined,81.62701729125767,0.0
10.0,30.0,0.0016155980984398728,2.8125,arca,70.28201042349139,0.0
10.0,30.0,0.0016155980984398728,2.8125,orca,57.91946380126602,0.0
10.0,30.0,0.0016155980984398728,2.8125,combined,81.62701729125767,0.0
10.0,30.0,0.0016155980984398728,2.875,arca,70.28201042349139,0.0
10.0,30.0,0.0016155980984398728,2.875,orca,57.91946380126602,0.0
10.0,30.0,0.0016155980984398728,2.875,combined,81.62701729125767,0.0
10.0,30.0,0.0016155980984398728,2.9375,arca,70.28201042349139,0.0
10.0,30.0,0.0016155980984398728,2.9375,orca,57.91946380126602,0.0
10.0,30.0,0.0016155980984398728,2.9375,combined,81.62701729125767,0.0
10.0,30.0,0.0016155980984398728,3.0,arca,70.28201042349139,0.0
10.0,30.0,0.0016155980984398728,3.0,orca,57.91946380126602,0.0
10.0,30.0,0.0016155980984398728,3.0,combined,81.62701729125767,0.0
10.0,30.0,0.004641588833612777,1.5,arca,881.4567689393689,0.0
10.0,30.0,0.004641588833612777,1.5,orca,59.044984625814095,0.0
10.0,30.0,0.004641588833612777,1.5,combined,837.9997347487838,0.0
10.0,30.0,0.004641588833612777,1.5625,arca,186.44819738100736,0.0
10.0,30.0,0.004641588833612777,1.5625,orca,66.12784263892198,0.0
10.0,30.0,0.004641588833612777,1.5625,combined,161.60137809022766,0.0
10.0,30.0,0.004641588833612777,1.625,arca,67.81906407563372,0.0
10.0,30.0,0.004641588833612777,1.625,orca,60.69434515626433,0.0
10.0,30.0,0.004641588833612777,1.625,combined,69.69362627939383,0.0
10.0,30.0,0.004641588833612777,1.6875,arca,57.966156748040405,0.0
10.0,30.0,0.004641588833612777,1.6875,orca,64.28995745364051,0.0
10.0,30.0,0.004641588833612777,1.6875,combined,61.47913394529568,0.0
10.0,30.0,0.004641588833612777,1.75,arca,61.926036937017145,0.0
10.0,30.0,0.004641588833612777,1.75,orca,62.2206487617719,0.0
10.0,30.0,0.004641588833612777,1.75,combined,57.32398794742982,0.0
10.0,30.0,0.004641588833612777,1.8125,arca,63.24344918772235,0.0
10.0,30.0,0.004641588833612777,1.8125,orca,54.1941570819679,0.0
10.0,30.0,0.004641588833612777,1.8125,combined,65.20950637822604,0.0
10.0,30.0,0.004641588833612777,1.875,arca,71.2908255126066,0.0
10.0,30.0,0.004641588833612777,1.875,orca,53.42764105025024,0.0
10.0,30.0,0.004641588833612777,1.875,combined,62.32044996681145,0.0
10.0,30.0,0.004641588833612777,1.9375,arca,69.51026659851946,0.0
10.0,30.0,0.004641588833612777,1.9375,orca,61.93468002037005,0.0
10.0,30.0,0.004641588833612777,1.9375,combined,58.835452906065115,0.0
10.0,30.0,0.004641588833612777,2.0,arca,58.32001543021619,0.0
10.0,30.0,0.004641588833612777,2.0,orca,57.91946380126602,0.0
10.0,30.0,0.004641588833612777,2.0,combined,61.75099611130913,0.0
10.0,30.0,0.004641588833612777,2.0625,arca,55.88793609153886,0.0
10.0,30.0,0.004641588833612777,2.0625,orca,60.42337083658237,0.0
10.0,30.0,0.004641588833612777,2.0625,combined,57.04669409727671,0.0
10.0,30.0,0.004641588833612777,2.125,arca,62.6810491474688,0.0
10.0,30.0,0.004641588833612777,2.125,orca,57.91946380126602,0.0
10.0,30.0,0.004641588833612777,2.125,combined,76.57997081580199,0.0
10.0,30.0,0.004641588833612777,2.1875,arca,59.7962116866763,0.0
10.0,30.0,0.004641588833612777,2.1875,orca,57.91946380126602,0.0
10.0,30.0,0.004641588833612777,2.1875,combined,71.18398167844364,0.0
10.0,30.0,0.004641588833612777,2.25,arca,65.75309390045511,0.0
10.0,30.0,0.004641588833612777,2.25,orca,57.91946380126602,0.0
10.0,30.0,0.004641588833612777,2.25,combined,63.73354116999816,0.0
10.0,30.0,0.004641588833612777,2.3125,arca,64.83510676848272,0.0
10.0,30.0,0.004641588833612777,2.3125,orca,57.91946380126602,0.0
10.0,30.0,0.004641588833612777,2.3125,combined,82.93797605226314,0.0
10.0,30.0,0.004641588833612777,2.375,arca,59.81539714088887,0.0
10.0,30.0,0.004641588833612777,2.375,orca,57.91946380126602,0.0
10.0,30.0,0.004641588833612777,2.375,combined,70.17701975482697,0.0
10.0,30.0,0.004641588833612777,2.4375,arca,70.28201042349139,0.0
10.0,30.0,0.004641588833612777,2.4375,orca,57.91946380126602,0.0
10.0,30.0,0.004641588833612777,2.4375,combined,81.62701729125767,0.0
10.0,30.0,0.004641588833612777,2.5,arca,70.28201042349139,0.0
10.0,30.0,0.004641588833612777,2.5,orca,57.91946380126602,0.0
10.0,30.0,0.004641588833612777,2.5,combined,81.62701729125767,0.0
10.0,30.0,0.004641588833612777,2.5625,arca,70.28201042349139,0.0
10.0,30.0,0.004641588833612777,2.5625,orca,57.91946380126602,0.0
10.0,30.0,0.004641588833612777,2.5625,combined,81.62701729125767,0.0
10.0,30.0,0.004641588833612777,2.625,arca,70.28201042349139,0.0
10.0,30.0,0.004641588833612777,2.625,orca,57.91946380126602,0.0
10.0,30.0,0.004641588833612777,2.625,combined,81.62701729125767,0.0
10.0,30.0,0.004641588833612777,2.6875,arca,70.28201042349139,0.0
10.0,30.0,0.004641588833612777,2.6875,orca,57.91946380126602,0.0
10.0,30.0,0.004641588833612777,2.6875,combined,81.62701729125767,0.0
10.0,30.0,0.004641588833612777,2.75,arca,70.28201042349139,0.0
10.0,30.0,0.004641588833612777,2.75,orca,57.91946380126602,0.0
10.0,30.0,0.004641588833612777,2.75,combined,81.62701729125767,0.0
10.0,30.0,0.004641588833612777,2.8125,arca,70.28201042349139,0.0
10.0,30.0,0.004641588833612777,2.8125,orca,57.91946380126602,0.0
10.0,30.0,0.004641588833612777,2.8125,combined,81.62701729125767,0.0
10.0,30.0,0.004641588833612777,2.875,arca,70.28201042349139,0.0
10.0,30.0,0.004641588833612777,2.875,orca,57.91946380126602,0.0
10.0,30.0,0.004641588833612777,2.875,combined,81.62701729125767,0.0
10.0,30.0,0.004641588833612777,2.9375,arca,70.28201042349139,0.0
10.0,30.0,0.004641588833612777,2.9375,orca,57.91946380126602,0.0
10.0,30.0,0.004641588833612777,2.9375,combined,81.62701729125767,0.0
10.0,30.0,0.004641588833612777,3.0,arca,70.28201042349139,0.0
10.0,30.0,0.004641588833612777,3.0,orca,57.91946380126602,0.0
10.0,30.0,0.004641588833612777,3.0,combined,81.62701729125767,0.0
10.0,30.0,0.013335214321633239,1.5,arca,7638.2986119600755,0.0
10.0,30.0,0.013335214321633239,1.5,orca,52.58040789033768,0.0
10.0,30.0,0.013335214321633239,1.5,combined,7044.539888781003,0.0
10.0,30.0,0.013335214321633239,1.5625,arca,1385.873882079612,0.0
10.0,30.0,0.013335214321633239,1.5625,orca,64.90563490002597,0.0
10.0,30.0,0.013335214321633239,1.5625,combined,1255.4247571530273,0.0
10.0,30.0,0.013335214321633239,1.625,arca,255.27692256936433,0.0
10.0,30.0,0.013335214321633239,1.625,orca,59.18760900480294,0.0
10.0,30.0,0.013335214321633239,1.625,combined,218.27512304094384,0.0
10.0,30.0,0.013335214321633239,1.6875,arca,67.86743363765899,0.0
10.0,30.0,0.013335214321633239,1.6875,orca,65.15009812900695,0.0
10.0,30.0,0.013335214321633239,1.6875,combined,80.78146521785197,0.0
10.0,30.0,0.013335214321633239,1.75,arca,58.19346284508065,0.0
10.0,30.0,0.013335214321633239,1.75,orca,58.38448267363337,0.0
10.0,30.0,0.013335214321633239,1.75,combined,66.69773236762452,0.0
10.0,30.0,0.013335214321633239,1.8125,arca,57.95221733840254,0.0
10.0,30.0,0.013335214321633239,1.8125,orca,56.75737717556812,0.0
10.0,30.0,0.013335214321633239,1.8125,combined,65.72439814419826,0.0
10.0,30.0,0.013335214321633239,1.875,arca,62.230133662158515,0.0
10.0,30.0,0.013335214321633239,1.875,orca,64.69906221106855,0.0
10.0,30.0,0.013335214321633239,1.875,combined,64.07906081875514,0.0
10.0,30.0,0.013335214321633239,1.9375,arca,62.78511797211928,0.0
10.0,30.0,0.013335214321633239,1.9375,orca,67.94824517951822,0.0
10.0,30.0,0.013335214321633239,1.9375,combined,54.90288007661962,0.0
10.0,30.0,0.013335214321633239,2.0,arca,64.32943783470073,0.0
10.0,30.0,0.013335214321633239,2.0,orca,62.00188301982024,0.0
10.0,30.0,0.013335214321633239,2.0,combined,59.49624970316185,0.0
10.0,30.0,0.013335214321633239,2.0625,arca,62.6268452481049,0.0
10.0,30.0,0.013335214321633239,2.0625,orca,61.408204515045405,0.0
10.0,30.0,0.013335214321633239,2.0625,combined,56.61668958217536,0.0
10.0,30.0,0.013335214321633239,2.125,arca,61.02767064221998,0.0
10.0,30.0,0.013335214321633239,2.125,orca,57.91946380126602,0.0
10.0,30.0,0.013335214321633239,2.125,combined,64.2337545423606,0.0
10.0,30.0,0.013335214321633239,2.1875,arca,56.76939428594027,0.0
10.0,30.0,0.013335214321633239,2.1875,orca,59.75019373907403,0.0
10.0,30.0,0.013335214321633239,2.1875,combined,63.401479260050934,0.0
10.0,30.0,0.013335214321633239,2.25,arca,65.21828607207,0.0
10.0,30.0,0.013335214321633239,2.25,orca,59.40569233389475,0.0
10.0,30.0,0.013335214321633239,2.25,combined,57.589598806482336,0.0
10.0,30.0,0.013335214321633239,2.3125,arca,61.21031615292365,0.0
10.0,30.0,0.013335214321633239,2.3125,orca,57.91946380126602,0.0
10.0,30.0,0.013335214321633239,2.3125,combined,60.413369569738904,0.0
10.0,30.0,0.013335214321633239,2.375,arca,75.68626805318652,0.0
10.0,30.0,0.013335214321633239,2.375,orca,54.632098041334174,0.0
10.0,30.0,0.013335214321633239,2.375,combined,82.33607130373993,0.0
10.0,30.0,0.013335214321633239,2.4375,arca,65.31969091094899,0.0
10.0,30.0,0.013335214321633239,2.4375,orca,57.91946380126602,0.0
10.0,30.0,0.013335214321633239,2.4375,combined,64.44420436031754,0.0
10.0,30.0,0.013335214321633239,2.5,arca,59.43880102385369,0.0
10.0,30.0,0.013335214321633239,2.5,orca,57.91946380126602,0.0
10.0,30.0,0.013335214321633239,2.5,combined,81.62701729125767,0.0
10.0,30.0,0.013335214321633239,2.5625,arca,70.28201042349139,0.0
10.0,30.0,0.013335214321633239,2.5625,orca,57.91946380126602,0.0
10.0,30.0,0.013335214321633239,2.5625,combined,66.70449670783435,0.0
10.0,30.0,0.013335214321633239,2.625,arca,70.28201042349139,0.0
10.0,30.0,0.013335214321633239,2.625,orca,57.91946380126602,0.0
10.0,30.0,0.013335214321633239,2.625,combined,81.62701729125767,0.0
10.0,30.0,0.013335214321633239,2.6875,arca,70.28201042349139,0.0
10.0,30.0,0.013335214321633239,2.6875,orca,57.91946380126602,0.0
10.0,30.0,0.013335214321633239,2.6875,combined,81.62701729125767,0.0
10.0,30.0,0.013335214321633239,2.75,arca,70.28201042349139,0.0
10.0,30.0,0.013335214321633239,2.75,orca,57.91946380126602,0.0
10.0,30.0,0.013335214321633239,2.75,combined,81.62701729125767,0.0
10.0,30.0,0.013335214321633239,2.8125,arca,70.28201042349139,0.0
10.0,30.0,0.013335214321633239,2.8125,orca,57.91946380126602,0.0
10.0,30.0,0.013335214321633239,2.8125,combined,81.62701729125767,0.0
10.0,30.0,0.013335214321633239,2.875,arca,70.28201042349139,0.0
10.0,30.0,0.013335214321633239,2.875,orca,57.91946380126602,0.0
10.0,30.0,0.013335214321633239,2.875,combined,81.62701729125767,0.0
10.0,30.0,0.013335214321633239,2.9375,arca,70.28201042349139,0.0
10.0,30.0,0.013335214321633239,2.9375,orca,57.91946380126602,0.0
10.0,30.0,0.013335214321633239,2.9375,combined,81.62701729125767,0.0
10.0,30.0,0.013335214321633239,3.0,arca,70.28201042349139,0.0
10.0,30.0,0.013335214321633239,3.0,orca,57.91946380126602,0.0
10.0,30.0,0.013335214321633239,3.0,combined,81.62701729125767,0.0
10.0,30.0,0.03831186849557285,1.5,arca,64758.02945504196,0.0
10.0,30.0,0.03831186849557285,1.5,orca,57.34995301531149,0.0
10.0,30.0,0.03831186849557285,1.5,combined,58083.38436912326,0.0
10.0,30.0,0.03831186849557285,1.5625,arca,11047.079135169422,0.0
10.0,30.0,0.03831186849557285,1.5625,orca,54.014273197478886,0.0
10.0,30.0,0.03831186849557285,1.5625,combined,9970.262050920799,0.0
10.0,30.0,0.03831186849557285,1.625,arca,2031.529635190655,0.0
10.0,30.0,0.03831186849557285,1.625,orca,54.15600395014279,0.0
10.0,30.0,0.03831186849557285,1.625,combined,1750.932776381465,0.0
10.0,30.0,0.03831186849557285,1.6875,arca,390.7968277845954,0.0
10.0,30.0,0.03831186849557285,1.6875,orca,53.12631872732347,0.0
10.0,30.0,0.03831186849557285,1.6875,combined,421.8356621499071,0.0
10.0,30.0,0.03831186849557285,1.75,arca,100.28601583113458,0.0
10.0,30.0,0.03831186849557285,1.75,orca,56.45041288529147,0.0
10.0,30.0,0.03831186849557285,1.75,combined,110.79919897137286,0.0
10.0,30.0,0.03831186849557285,1.8125,arca,59.75178418310138,0.0
10.0,30.0,0.03831186849557285,1.8125,orca,66.75046016823354,0.0
10.0,30.0,0.03831186849557285,1.8125,combined,59.95398826042744,0.0
10.0,30.0,0.03831186849557285,1.875,arca,53.70000461653113,0.0
10.0,30.0,0.03831186849557285,1.875,orca,57.45614802262974,0.0
10.0,30.0,0.03831186849557285,1.875,combined,65.23574762801688,0.0
10.0,30.0,0.03831186849557285,1.9375,arca,75.10433257161323,0.0
10.0,30.0,0.03831186849557285,1.9375,orca,56.73750736786955,0.0
10.0,30.0,0.03831186849557285,1.9375,combined,57.00263603507227,0.0
10.0,30.0,0.03831186849557285,2.0,arca,65.30705607661562,0.0
10.0,30.0,0.03831186849557285,2.0,orca,54.28579470065539,0.0
10.0,30.0,0.03831186849557285,2.0,combined,67.08556668117836,0.0
10.0,30.0,0.03831186849557285,2.0625,arca,64.15533160977154,0.0
10.0,30.0,0.03831186849557285,2.0625,orca,66.6991256849374,0.0
10.0,30.0,0.03831186849557285,2.0625,combined,51.52434217475664,0.0
10.0,30.0,0.03831186849557285,2.125,arca,59.31721073433477,0.0
10.0,30.0,0.03831186849557285,2.125,orca,57.47010181404725,0.0
10.0,30.0,0.03831186849557285,2.125,combined,59.53389614319022,0.0
10.0,30.0,0.03831186849557285,2.1875,arca,60.95575349600787,0.0
10.0,30.0,0.03831186849557285,2.1875,orca,57.91946380126602,0.0
10.0,30.0,0.03831186849557285,2.1875,combined,59.22936182917143,0.0
10.0,30.0,0.03831186849557285,2.25,arca,58.960963099217416,0.0
10.0,30.0,0.03831186849557285,2.25,orca,58.37358004693373,0.0
10.0,30.0,0.03831186849557285,2.25,combined,56.81684907501949,0.0
10.0,30.0,0.03831186849557285,2.3125,arca,70.93055386147036,0.0
10.0,30.0,0.03831186849557285,2.3125,orca,53.61556184489356,0.0
10.0,30.0,0.03831186849557285,2.3125,combined,64.61217836049386,0.0
10.0,30.0,0.03831186849557285,2.375,arca,62.19253974429141,0.0
10.0,30.0,0.03831186849557285,2.375,orca,70.42155150420945,0.0
10.0,30.0,0.03831186849557285,2.375,combined,61.30636528250112,0.0
10.0,30.0,0.03831186849557285,2.4375,arca,65.1050608795396,0.0
10.0,30.0,0.03831186849557285,2.4375,orca,57.70570879970029,0.0
10.0,30.0,0.03831186849557285,2.4375,combined,59.31081899307933,0.0
10.0,30.0,0.03831186849557285,2.5,arca,64.04546383798149,0.0
10.0,30.0,0.03831186849557285,2.5,orca,57.91946380126602,0.0
10.0,30.0,0.03831186849557285,2.5,combined,81.62701729125767,0.0
10.0,30.0,0.03831186849557285,2.5625,arca,73.12973158074968,0.0
10.0,30.0,0.03831186849557285,2.5625,orca,57.91946380126602,0.0
10.0,30.0,0.03831186849557285,2.5625,combined,62.98215775794716,0.0
10.0,30.0,0.03831186849557285,2.625,arca,70.26501962230358,0.0
10.0,30.0,0.03831186849557285,2.625,orca,57.91946380126602,0.0
10.0,30.0,0.03831186849557285,2.625,combined,81.62701729125767,0.0
10.0,30.0,0.03831186849557285,2.6875,arca,66.19406406983447,0.0
10.0,30.0,0.03831186849557285,2.6875,orca,57.91946380126602,0.0
10.0,30.0,0.03831186849557285,2.6875,combined,79.627134978851,0.0
10.0,30.0,0.03831186849557285,2.75,arca,70.28201042349139,0.0
10.0,30.0,0.03831186849557285,2.75,orca,57.71510413558513,0.0
10.0,30.0,0.03831186849557285,2.75,combined,61.62399902129481,0.0
10.0,30.0,0.03831186849557285,2.8125,arca,70.28201042349139,0.0
10.0,30.0,0.03831186849557285,2.8125,orca,57.91946380126602,0.0
10.0,30.0,0.03831186849557285,2.8125,combined,81.62701729125767,0.0
10.0,30.0,0.03831186849557285,2.875,arca,70.28201042349139,0.0
10.0,30.0,0.03831186849557285,2.875,orca,57.91946380126602,0.0
10.0,30.0,0.03831186849557285,2.875,combined,81.62701729125767,0.0
10.0,30.0,0.03831186849557285,2.9375,arca,70.28201042349139,0.0
10.0,30.0,0.03831186849557285,2.9375,orca,57.91946380126602,0.0
10.0,30.0,0.03831186849557285,2.9375,combined,81.62701729125767,0.0
10.0,30.0,0.03831186849557285,3.0,arca,70.28201042349139,0.0
10.0,30.0,0.03831186849557285,3.0,orca,57.91946380126602,0.0
10.0,30.0,0.03831186849557285,3.0,combined,81.62701729125767,0.0
10.0,30.0,0.11006941712522081,1.5,arca,,
10.0,30.0,0.11006941712522081,1.5,orca,63.04866247705913,0.0
10.0,30.0,0.11006941712522081,1.5,combined,,
10.0,30.0,0.11006941712522081,1.5625,arca,94132.68652834269,0.0
10.0,30.0,0.11006941712522081,1.5625,orca,60.38112042346714,0.0
10.0,30.0,0.11006941712522081,1.5625,combined,83618.19693541719,0.0
10.0,30.0,0.11006941712522081,1.625,arca,17064.287887405913,0.0
10.0,30.0,0.11006941712522081,1.625,orca,60.94507382550335,0.0
10.0,30.0,0.11006941712522081,1.625,combined,14967.139860305433,0.0
10.0,30.0,0.11006941712522081,1.6875,arca,3098.0196646739005,0.0
10.0,30.0,0.11006941712522081,1.6875,orca,63.7458223394899,0.0
10.0,30.0,0.11006941712522081,1.6875,combined,2823.6521022453,0.0
10.0,30.0,0.11006941712522081,1.75,arca,576.0950692027252,0.0
10.0,30.0,0.11006941712522081,1.75,orca,56.00570989348854,0.0
10.0,30.0,0.11006941712522081,1.75,combined,557.4599835287936,0.0
10.0,30.0,0.11006941712522081,1.8125,arca,154.58784164855425,0.0
10.0,30.0,0.11006941712522081,1.8125,orca,56.422355256229054,0.0
10.0,30.0,0.11006941712522081,1.8125,combined,112.74451408821979,0.0
10.0,30.0,0.11006941712522081,1.875,arca,73.78705749658661,0.0
10.0,30.0,0.11006941712522081,1.875,orca,54.68011079255551,0.0
10.0,30.0,0.11006941712522081,1.875,combined,64.8536116927396,0.0
10.0,30.0,0.11006941712522081,1.9375,arca,57.00774396116147,0.0
10.0,30.0,0.11006941712522081,1.9375,orca,58.611909845788844,0.0
10.0,30.0,0.11006941712522081,1.9375,combined,65.32133135911054,0.0
10.0,30.0,0.11006941712522081,2.0,arca,59.53815944365856,0.0
10.0,30.0,0.11006941712522081,2.0,orca,59.45630254113476,0.0
10.0,30.0,0.11006941712522081,2.0,combined,53.45756626421203,0.0
10.0,30.0,0.11006941712522081,2.0625,arca,55.79066777011008,0.0
10.0,30.0,0.11006941712522081,2.0625,orca,59.480085049571045,0.0
10.0,30.0,0.11006941712522081,2.0625,combined,49.56661780861765,0.0
10.0,30.0,0.11006941712522081,2.125,arca,60.999413108776,0.0
10.0,30.0,0.11006941712522081,2.125,orca,60.22709145083658,0.0
10.0,30.0,0.11006941712522081,2.125,combined,58.61505975171134,0.0
10.0,30.0,0.11006941712522081,2.1875,arca,62.19056536589868,0.0
10.0,30.0,0.11006941712522081,2.1875,orca,60.77290975737476,0.0
10.0,30.0,0.11006941712522081,2.1875,combined,56.50181692334313,0.0
10.0,30.0,0.11006941712522081,2.25,arca,60.060401578359205,0.0
10.0,30.0,0.11006941712522081,2.25,orca,61.87282127311779,0.0
10.0,30.0,0.11006941712522081,2.25,combined,64.41197750948001,0.0
10.0,30.0,0.11006941712522081,2.3125,arca,61.29155126480439,0.0
10.0,30.0,0.11006941712522081,2.3125,orca,61.201462090092605,0.0
10.0,30.0,0.11006941712522081,2.3125,combined,61.54546738554724,0.0
10.0,30.0,0.11006941712522081,2.375,arca,59.280859903063075,0.0
10.0,30.0,0.11006941712522081,2.375,orca,63.56328540789579,0.0
10.0,30.0,0.11006941712522081,2.375,combined,61.47690683768183,0.0
10.0,30.0,0.11006941712522081,2.4375,arca,65.07001589321865,0.0
10.0,30.0,0.11006941712522081,2.4375,orca,57.45875083018106,0.0
10.0,30.0,0.11006941712522081,2.4375,combined,65.0986007740399,0.0
10.0,30.0,0.11006941712522081,2.5,arca,63.555016607792496,0.0
10.0,30.0,0.11006941712522081,2.5,orca,65.04260192395786,0.0
10.0,30.0,0.11006941712522081,2.5,combined,59.30739453751241,0.0
10.0,30.0,0.11006941712522081,2.5625,arca,66.6603040234523,0.0
10.0,30.0,0.11006941712522081,2.5625,orca,57.91946380126602,0.0
10.0,30.0,0.11006941712522081,2.5625,combined,68.53235152565215,0.0
10.0,30.0,0.11006941712522081,2.625,arca,68.2409773829554,0.0
10.0,30.0,0.11006941712522081,2.625,orca,57.76977003210378,0.0
10.0,30.0,0.11006941712522081,2.625,combined,79.43115348553485,0.0
10.0,30.0,0.11006941712522081,2.6875,arca,55.04402318813831,0.0
10.0,30.0,0.11006941712522081,2.6875,orca,59.290802191062326,0.0
10.0,30.0,0.11006941712522081,2.6875,combined,66.37112343506837,0.0
10.0,30.0,0.11006941712522081,2.75,arca,70.28201042349139,0.0
10.0,30.0,0.11006941712522081,2.75,orca,57.91946380126602,0.0
10.0,30.0,0.11006941712522081,2.75,combined,83.70914249584239,0.0
10.0,30.0,0.11006941712522081,2.8125,arca,70.28201042349139,0.0
10.0,30.0,0.11006941712522081,2.8125,orca,57.91946380126602,0.0
10.0,30.0,0.11006941712522081,2.8125,combined,84.41674092134107,0.0
10.0,30.0,0.11006941712522081,2.875,arca,67.48500594361958,0.0
10.0,30.0,0.11006941712522081,2.875,orca,57.91946380126602,0.0
10.0,30.0,0.11006941712522081,2.875,combined,81.62701729125767,0.0
10.0,30.0,0.11006941712522081,2.9375,arca,70.28201042349139,0.0
10.0,30.0,0.11006941712522081,2.9375,orca,57.91946380126602,0.0
10.0,30.0,0.11006941712522081,2.9375,combined,81.62701729125767,0.0
10.0,30.0,0.11006941712522081,3.0,arca,70.28201042349139,0.0
10.0,30.0,0.11006941712522081,3.0,orca,57.91946380126602,0.0
10.0,30.0,0.11006941712522081,3.0,combined,81.62701729125767,0.0
10.0,30.0,0.31622776601683794,1.5,arca,,
10.0,30.0,0.31622776601683794,1.5,orca,55.70492914008244,0.0
10.0,30.0,0.31622776601683794,1.5,combined,,
10.0,30.0,0.31622776601683794,1.5625,arca,,
10.0,30.0,0.31622776601683794,1.5625,orca,52.094318405442635,0.0
10.0,30.0,0.31622776601683794,1.5625,combined,,
10.0,30.0,0.31622776601683794,1.625,arca,138918.4445950435,0.0
10.0,30.0,0.31622776601683794,1.625,orca,60.858632355387925,0.0
10.0,30.0,0.31622776601683794,1.625,combined,127161.72296868438,0.0
10.0,30.0,0.31622776601683794,1.6875,arca,26001.6575095878,0.0
10.0,30.0,0.31622776601683794,1.6875,orca,56.493673695893435,0.0
10.0,30.0,0.31622776601683794,1.6875,combined,24434.26806374672,0.0
10.0,30.0,0.31622776601683794,1.75,arca,5137.088338055704,0.0
10.0,30.0,0.31622776601683794,1.75,orca,58.071012608130246,0.0
10.0,30.0,0.31622776601683794,1.75,combined,4671.303241254593,0.0
10.0,30.0,0.31622776601683794,1.8125,arca,1072.3393554349082,0.0
10.0,30.0,0.31622776601683794,1.8125,orca,60.513144399460195,0.0
10.0,30.0,0.31622776601683794,1.8125,combined,963.9447761765043,0.0
10.0,30.0,0.31622776601683794,1.875,arca,233.68567809441495,0.0
10.0,30.0,0.31622776601683794,1.875,orca,56.71510279795952,0.0
10.0,30.0,0.31622776601683794,1.875,combined,248.69209441981602,0.0
10.0,30.0,0.31622776601683794,1.9375,arca,90.05912576054874,0.0
10.0,30.0,0.31622776601683794,1.9375,orca,64.15338951608626,0.0
10.0,30.0,0.31622776601683794,1.9375,combined,78.83775949955023,0.0
10.0,30.0,0.31622776601683794,2.0,arca,56.380079812671084,0.0
10.0,30.0,0.31622776601683794,2.0,orca,56.76007310791726,0.0
10.0,30.0,0.31622776601683794,2.0,combined,62.98410917983337,0.0
10.0,30.0,0.31622776601683794,2.0625,arca,68.86238532110092,0.0
10.0,30.0,0.31622776601683794,2.0625,orca,63.81915307996218,0.0
10.0,30.0,0.31622776601683794,2.0625,combined,67.74900506564545,0.0
10.0,30.0,0.31622776601683794,2.125,arca,54.117820867959374,0.0
10.0,30.0,0.31622776601683794,2.125,orca,70.88525913007263,0.0
10.0,30.0,0.31622776601683794,2.125,combined,66.3377247766963,0.0
10.0,30.0,0.31622776601683794,2.1875,arca,59.83182374218138,0.0
10.0,30.0,0.31622776601683794,2.1875,orca,66.72474670367801,0.0
10.0,30.0,0.31622776601683794,2.1875,combined,59.78453838090036,0.0
10.0,30.0,0.31622776601683794,2.25,arca,57.95185395259264,0.0
10.0,30.0,0.31622776601683794,2.25,orca,65.01587456650223,0.0
10.0,30.0,0.31622776601683794,2.25,combined,57.85800398733434,0.0
10.0,30.0,0.31622776601683794,2.3125,arca,54.603460611475796,0.0
10.0,30.0,0.31622776601683794,2.3125,orca,56.3704839729331,0.0
10.0,30.0,0.31622776601683794,2.3125,combined,67.0659346982932,0.0
10.0,30.0,0.31622776601683794,2.375,arca,62.20084002030819,0.0
10.0,30.0,0.31622776601683794,2.375,orca,56.26435916729371,0.0
10.0,30.0,0.31622776601683794,2.375,combined,62.03179829978928,0.0
10.0,30.0,0.31622776601683794,2.4375,arca,58.221491069014874,0.0
10.0,30.0,0.31622776601683794,2.4375,orca,58.42406603368482,0.0
10.0,30.0,0.31622776601683794,2.4375,combined,64.57313392778116,0.0
10.0,30.0,0.31622776601683794,2.5,arca,66.02945325581089,0.0
10.0,30.0,0.31622776601683794,2.5,orca,57.91946380126602,0.0
10.0,30.0,0.31622776601683794,2.5,combined,55.24115321784801,0.0
10.0,30.0,0.31622776601683794,2.5625,arca,58.41341174376403,0.0
10.0,30.0,0.31622776601683794,2.5625,orca,65.05962548166843,0.0
10.0,30.0,0.31622776601683794,2.5625,combined,65.31479462013813,0.0
10.0,30.0,0.31622776601683794,2.625,arca,66.4411453474381,0.0
10.0,30.0,0.31622776601683794,2.625,orca,64.22379836971797,0.0
10.0,30.0,0.31622776601683794,2.625,combined,64.13708518448564,0.0
10.0,30.0,0.31622776601683794,2.6875,arca,70.60510330068318,0.0
10.0,30.0,0.31622776601683794,2.6875,orca,59.49822594187589,0.0
10.0,30.0,0.31622776601683794,2.6875,combined,59.57979065551723,0.0
10.0,30.0,0.31622776601683794,2.75,arca,71.53067623065549,0.0
10.0,30.0,0.31622776601683794,2.75,orca,56.72912180947802,0.0
10.0,30.0,0.31622776601683794,2.75,combined,71.6342352710101,0.0
10.0,30.0,0.31622776601683794,2.8125,arca,70.28201042349139,0.0
10.0,30.0,0.31622776601683794,2.8125,orca,57.91946380126602,0.0
10.0,30.0,0.31622776601683794,2.8125,combined,81.60700471798359,0.0
10.0,30.0,0.31622776601683794,2.875,arca,70.28201042349139,0.0
10.0,30.0,0.31622776601683794,2.875,orca,57.91946380126602,0.0
10.0,30.0,0.31622776601683794,2.875,combined,84.49384071851189,0.0
10.0,30.0,0.31622776601683794,2.9375,arca,70.28201042349139,0.0
10.0,30.0,0.31622776601683794,2.9375,orca,57.91946380126602,0.0
10.0,30.0,0.31622776601683794,2.9375,combined,68.63626627815634,0.0
10.0,30.0,0.31622776601683794,3.0,arca,70.28201042349139,0.0
10.0,30.0,0.31622776601683794,3.0,orca,57.91946380126602,0.0
10.0,30.0,0.31622776601683794,3.0,combined,81.62701729125767,0.0
10.0,30.0,0.9085175756516861,1.5,arca,,
10.0,30.0,0.9085175756516861,1.5,orca,64.53284671532846,0.0
10.0,30.0,0.9085175756516861,1.5,combined,,
10.0,30.0,0.9085175756516861,1.5625,arca,,
10.0,30.0,0.9085175756516861,1.5625,orca,64.65091528309918,0.0
10.0,30.0,0.9085175756516861,1.5625,combined,,
10.0,30.0,0.9085175756516861,1.625,arca,,
10.0,30.0,0.9085175756516861,1.625,orca,57.91043973157403,0.0
10.0,30.0,0.9085175756516861,1.625,combined,,
10.0,30.0,0.9085175756516861,1.6875,arca,223692.31373462852,0.0
10.0,30.0,0.9085175756516861,1.6875,orca,60.13832476732881,0.0
10.0,30.0,0.9085175756516861,1.6875,combined,198729.41187072903,0.0
10.0,30.0,0.9085175756516861,1.75,arca,43664.55266451661,0.0
10.0,30.0,0.9085175756516861,1.75,orca,69.00662251655628,0.0
10.0,30.0,0.9085175756516861,1.75,combined,39302.047693310444,0.0
10.0,30.0,0.9085175756516861,1.8125,arca,8827.753802243687,0.0
10.0,30.0,0.9085175756516861,1.8125,orca,61.98211191234839,0.0
10.0,30.0,0.9085175756516861,1.8125,combined,7983.989769312684,0.0
10.0,30.0,0.9085175756516861,1.875,arca,1976.7879843963485,0.0
10.0,30.0,0.9085175756516861,1.875,orca,65.96999915964034,0.0
10.0,30.0,0.9085175756516861,1.875,combined,1666.9097755503062,0.0
10.0,30.0,0.9085175756516861,1.9375,arca,423.0979491646211,0.0
10.0,30.0,0.9085175756516861,1.9375,orca,52.02433512470719,0.0
10.0,30.0,0.9085175756516861,1.9375,combined,417.45959373549954,0.0
10.0,30.0,0.9085175756516861,2.0,arca,127.35549370277909,0.0
10.0,30.0,0.9085175756516861,2.0,orca,68.08588809733452,0.0
10.0,30.0,0.9085175756516861,2.0,combined,146.8766034854341,0.0
10.0,30.0,0.9085175756516861,2.0625,arca,62.81727766474195,0.0
10.0,30.0,0.9085175756516861,2.0625,orca,67.44704436787134,0.0
10.0,30.0,0.9085175756516861,2.0625,combined,70.10114671550227,0.0
10.0,30.0,0.9085175756516861,2.125,arca,55.95107408799803,0.0
10.0,30.0,0.9085175756516861,2.125,orca,57.301694915254245,0.0
10.0,30.0,0.9085175756516861,2.125,combined,56.658196752660274,0.0
10.0,30.0,0.9085175756516861,2.1875,arca,61.31235409714986,0.0
10.0,30.0,0.9085175756516861,2.1875,orca,58.77990360384606,0.0
10.0,30.0,0.9085175756516861,2.1875,combined,61.37288408695278,0.0
10.0,30.0,0.9085175756516861,2.25,arca,64.9321321875845,0.0
10.0,30.0,0.9085175756516861,2.25,orca,67.42322555867598,0.0
10.0,30.0,0.9085175756516861,2.25,combined,62.36122738528511,0.0
10.0,30.0,0.9085175756516861,2.3125,arca,62.14547708702906,0.0
10.0,30.0,0.9085175756516861,2.3125,orca,59.24879830801769,0.0
10.0,30.0,0.9085175756516861,2.3125,combined,53.20874847476671,0.0
10.0,30.0,0.9085175756516861,2.375,arca,53.80445512725402,0.0
10.0,30.0,0.9085175756516861,2.375,orca,56.620621043111235,0.0
10.0,30.0,0.9085175756516861,2.375,combined,61.05982421321235,0.0
10.0,30.0,0.9085175756516861,2.4375,arca,57.25478845101439,0.0
10.0,30.0,0.9085175756516861,2.4375,orca,58.82697544807787,0.0
10.0,30.0,0.9085175756516861,2.4375,combined,56.632445221685,0.0
10.0,30.0,0.9085175756516861,2.5,arca,54.10281637201696,0.0
10.0,30.0,0.9085175756516861,2.5,orca,55.90649316851009,0.0
10.0,30.0,0.9085175756516861,2.5,combined,64.34365702467403,0.0
10.0,30.0,0.9085175756516861,2.5625,arca,63.71779577794328,0.0
10.0,30.0,0.9085175756516861,2.5625,orca,61.52573345848894,0.0
10.0,30.0,0.9085175756516861,2.5625,combined,56.87829075535448,0.0
10.0,30.0,0.9085175756516861,2.625,arca,59.12531678525174,0.0
10.0,30.0,0.9085175756516861,2.625,orca,61.66686995588624,0.0
10.0,30.0,0.9085175756516861,2.625,combined,66.78062103270878,0.0
10.0,30.0,0.9085175756516861,2.6875,arca,59.15217821129637,0.0
10.0,30.0,0.9085175756516861,2.6875,orca,57.354656216601356,0.0
10.0,30.0,0.9085175756516861,2.6875,combined,62.43915816150847,0.0
10.0,30.0,0.9085175756516861,2.75,arca,60.119982077967435,0.0
10.0,30.0,0.9085175756516861,2.75,orca,58.04700931770364,0.0
10.0,30.0,0.9085175756516861,2.75,combined,76.9278064930239,0.0
10.0,30.0,0.9085175756516861,2.8125,arca,63.66759568566214,0.0
10.0,30.0,0.9085175756516861,2.8125,orca,67.69480209823557,0.0
10.0,30.0,0.9085175756516861,2.8125,combined,70.3364676872729,0.0
10.0,30.0,0.9085175756516861,2.875,arca,73.98815614776647,0.0
10.0,30.0,0.9085175756516861,2.875,orca,57.34410098721476,0.0
10.0,30.0,0.9085175756516861,2.875,combined,79.52165340207007,0.0
10.0,30.0,0.9085175756516861,2.9375,arca,70.28201042349139,0.0
10.0,30.0,0.9085175756516861,2.9375,orca,59.03032804282716,0.0
10.0,30.0,0.9085175756516861,2.9375,combined,66.71504884700684,0.0
10.0,30.0,0.9085175756516861,3.0,arca,70.28201042349139,0.0
10.0,30.0,0.9085175756516861,3.0,orca,57.91946380126602,0.0
10.0,30.0,0.9085175756516861,3.0,combined,69.8254974518123,0.0
10.0,30.0,2.6101572156825332,1.5,arca,,
10.0,30.0,2.6101572156825332,1.5,orca,192.6047985513807,0.0
10.0,30.0,2.6101572156825332,1.5,combined,,
10.0,30.0,2.6101572156825332,1.5625,arca,,
10.0,30.0,2.6101572156825332,1.5625,orca,101.23846284838507,0.0
10.0,30.0,2.6101572156825332,1.5625,combined,,
10.0,30.0,2.6101572156825332,1.625,arca,,
10.0,30.0,2.6101572156825332,1.625,orca,66.01599268905642,0.0
10.0,30.0,2.6101572156825332,1.625,combined,,
10.0,30.0,2.6101572156825332,1.6875,arca,,
10.0,30.0,2.6101572156825332,1.6875,orca,66.73209313007777,0.0
10.0,30.0,2.6101572156825332,1.6875,combined,,
10.0,30.0,2.6101572156825332,1.75,arca,,
10.0,30.0,2.6101572156825332,1.75,orca,55.2323404255319,0.0
10.0,30.0,2.6101572156825332,1.75,combined,,
10.0,30.0,2.6101572156825332,1.8125,arca,73946.21359110637,0.0
10.0,30.0,2.6101572156825332,1.8125,orca,61.072496473906895,0.0
10.0,30.0,2.6101572156825332,1.8125,combined,66769.20916755729,0.0
10.0,30.0,2.6101572156825332,1.875,arca,15650.389338164794,0.0
10.0,30.0,2.6101572156825332,1.875,orca,64.27418226587201,0.0
10.0,30.0,2.6101572156825332,1.875,combined,14445.668322775147,0.0
10.0,30.0,2.6101572156825332,1.9375,arca,3601.5337659851193,0.0
10.0,30.0,2.6101572156825332,1.9375,orca,54.140550375255856,0.0
10.0,30.0,2.6101572156825332,1.9375,combined,3366.3902312435303,0.0
10.0,30.0,2.6101572156825332,2.0,arca,906.1449789842497,0.0
10.0,30.0,2.6101572156825332,2.0,orca,62.87816489937243,0.0
10.0,30.0,2.6101572156825332,2.0,combined,706.8135881845993,0.0
10.0,30.0,2.6101572156825332,2.0625,arca,228.0559017274877,0.0
10.0,30.0,2.6101572156825332,2.0625,orca,52.283776159901144,0.0
10.0,30.0,2.6101572156825332,2.0625,combined,201.69723966354698,0.0
10.0,30.0,2.6101572156825332,2.125,arca,80.96877896257499,0.0
10.0,30.0,2.6101572156825332,2.125,orca,65.22423720604854,0.0
10.0,30.0,2.6101572156825332,2.125,combined,69.49618895266772,0.0
10.0,30.0,2.6101572156825332,2.1875,arca,61.63393030855628,0.0
10.0,30.0,2.6101572156825332,2.1875,orca,60.135401332869414,0.0
10.0,30.0,2.6101572156825332,2.1875,combined,60.626586790509904,0.0
10.0,30.0,2.6101572156825332,2.25,arca,63.48070656834162,0.0
10.0,30.0,2.6101572156825332,2.25,orca,73.39384389116503,0.0
10.0,30.0,2.6101572156825332,2.25,combined,56.97829183387607,0.0
10.0,30.0,2.6101572156825332,2.3125,arca,59.39761002680806,0.0
10.0,30.0,2.6101572156825332,2.3125,orca,54.36540570874678,0.0
10.0,30.0,2.6101572156825332,2.3125,combined,59.176000233887365,0.0
10.0,30.0,2.6101572156825332,2.375,arca,63.08196872671154,0.0
10.0,30.0,2.6101572156825332,2.375,orca,55.05478666562411,0.0
10.0,30.0,2.6101572156825332,2.375,combined,60.825013073498184,0.0
10.0,30.0,2.6101572156825332,2.4375,arca,63.153716801028736,0.0
10.0,30.0,2.6101572156825332,2.4375,orca,51.784264544035224,0.0
10.0,30.0,2.6101572156825332,2.4375,combined,62.33919441584381,0.0
10.0,30.0,2.6101572156825332,2.5,arca,66.30008472592647,0.0
10.0,30.0,2.6101572156825332,2.5,orca,52.653690956563025,0.0
10.0,30.0,2.6101572156825332,2.5,combined,58.603263248813846,0.0
10.0,30.0,2.6101572156825332,2.5625,arca,53.84124853661352,0.0
10.0,30.0,2.6101572156825332,2.5625,orca,62.839363732767765,0.0
10.0,30.0,2.6101572156825332,2.5625,combined,51.75279023432679,0.0
10.0,30.0,2.6101572156825332,2.625,arca,62.527698388367504,0.0
10.0,30.0,2.6101572156825332,2.625,orca,58.93999367842642,0.0
10.0,30.0,2.6101572156825332,2.625,combined,65.22006639076963,0.0
10.0,30.0,2.6101572156825332,2.6875,arca,63.01200179367465,0.0
10.0,30.0,2.6101572156825332,2.6875,orca,66.50913294797687,0.0
10.0,30.0,2.6101572156825332,2.6875,combined,57.80113618358698,0.0
10.0,30.0,2.6101572156825332,2.75,arca,70.98503053243823,0.0
10.0,30.0,2.6101572156825332,2.75,orca,58.912448700410394,0.0
10.0,30.0,2.6101572156825332,2.75,combined,52.42074130352201,0.0
10.0,30.0,2.6101572156825332,2.8125,arca,57.58771371782489,0.0
10.0,30.0,2.6101572156825332,2.8125,orca,62.708744483117435,0.0
10.0,30.0,2.6101572156825332,2.8125,combined,57.39080232008446,0.0
10.0,30.0,2.6101572156825332,2.875,arca,62.644829496004434,0.0
10.0,30.0,2.6101572156825332,2.875,orca,62.74796733690403,0.0
10.0,30.0,2.6101572156825332,2.875,combined,63.73642410680696,0.0
10.0,30.0,2.6101572156825332,2.9375,arca,62.26787597553259,0.0
10.0,30.0,2.6101572156825332,2.9375,orca,59.02546491284909,0.0
10.0,30.0,2.6101572156825332,2.9375,combined,63.63061148910748,0.0
10.0,30.0,2.6101572156825332,3.0,arca,60.14089965397925,0.0
10.0,30.0,2.6101572156825332,3.0,orca,64.08582431258367,0.0
10.0,30.0,2.6101572156825332,3.0,combined,55.32097562844252,0.0
10.0,30.0,7.498942093324558,1.5,arca,,
10.0,30.0,7.498942093324558,1.5,orca,1013.1167171874557,0.0
10.0,30.0,7.498942093324558,1.5,combined,,
10.0,30.0,7.498942093324558,1.5625,arca,,
10.0,30.0,7.498942093324558,1.5625,orca,321.7431959345003,0.0
10.0,30.0,7.498942093324558,1.5625,combined,,
10.0,30.0,7.498942093324558,1.625,arca,,
10.0,30.0,7.498942093324558,1.625,orca,169.55045246943348,0.0
10.0,30.0,7.498942093324558,1.625,combined,,
10.0,30.0,7.498942093324558,1.6875,arca,,
10.0,30.0,7.498942093324558,1.6875,orca,69.90484821024015,0.0
10.0,30.0,7.498942093324558,1.6875,combined,,
10.0,30.0,7.498942093324558,1.75,arca,,
10.0,30.0,7.498942093324558,1.75,orca,81.08603859250852,0.0
10.0,30.0,7.498942093324558,1.75,combined,,
10.0,30.0,7.498942093324558,1.8125,arca,,
10.0,30.0,7.498942093324558,1.8125,orca,65.99358267605237,0.0
10.0,30.0,7.498942093324558,1.8125,combined,,
10.0,30.0,7.498942093324558,1.875,arca,135695.02593598692,0.0
10.0,30.0,7.498942093324558,1.875,orca,54.88614800759013,0.0
10.0,30.0,7.498942093324558,1.875,combined,119962.69822259335,0.0
10.0,30.0,7.498942093324558,1.9375,arca,30345.37960977418,0.0
10.0,30.0,7.498942093324558,1.9375,orca,78.63472985996941,0.0
10.0,30.0,7.498942093324558,1.9375,combined,27023.20905759877,0.0
10.0,30.0,7.498942093324558,2.0,arca,7241.020980383738,0.0
10.0,30.0,7.498942093324558,2.0,orca,58.622295377170026,0.0
10.0,30.0,7.498942093324558,2.0,combined,6361.740956493884,0.0
10.0,30.0,7.498942093324558,2.0625,arca,1772.882880266163,0.0
10.0,30.0,7.498942093324558,2.0625,orca,53.58034766083506,0.0
10.0,30.0,7.498942093324558,2.0625,combined,1563.206250832803,0.0
10.0,30.0,7.498942093324558,2.125,arca,437.7306533823796,0.0
10.0,30.0,7.498942093324558,2.125,orca,52.571685797884314,0.0
10.0,30.0,7.498942093324558,2.125,combined,396.51063200194113,0.0
10.0,30.0,7.498942093324558,2.1875,arca,127.39993798592806,0.0
10.0,30.0,7.498942093324558,2.1875,orca,58.566489798151096,0.0
10.0,30.0,7.498942093324558,2.1875,combined,115.64843221328167,0.0
10.0,30.0,7.498942093324558,2.25,arca,78.16977212017282,0.0
10.0,30.0,7.498942093324558,2.25,orca,62.8396636144845,0.0
10.0,30.0,7.498942093324558,2.25,combined,69.60283505687542,0.0
10.0,30.0,7.498942093324558,2.3125,arca,66.13496222376851,0.0
10.0,30.0,7.498942093324558,2.3125,orca,53.92475398249334,0.0
10.0,30.0,7.498942093324558,2.3125,combined,61.36333611027408,0.0
10.0,30.0,7.498942093324558,2.375,arca,54.461457289083526,0.0
10.0,30.0,7.498942093324558,2.375,orca,53.64715754143067,0.0
10.0,30.0,7.498942093324558,2.375,combined,59.43218274470114,0.0
10.0,30.0,7.498942093324558,2.4375,arca,64.79474715228906,0.0
10.0,30.0,7.498942093324558,2.4375,orca,56.04060913705584,0.0
10.0,30.0,7.498942093324558,2.4375,combined,67.61648067513315,0.0
10.0,30.0,7.498942093324558,2.5,arca,56.646971935007386,0.0
10.0,30.0,7.498942093324558,2.5,orca,59.51208234279892,0.0
10.0,30.0,7.498942093324558,2.5,combined,60.6842932966385,0.0
10.0,30.0,7.498942093324558,2.5625,arca,58.80044378064179,0.0
10.0,30.0,7.498942093324558,2.5625,orca,50.68504565406192,0.0
10.0,30.0,7.498942093324558,2.5625,combined,58.49811142865561,0.0
10.0,30.0,7.498942093324558,2.625,arca,64.73401207357563,0.0
10.0,30.0,7.498942093324558,2.625,orca,60.00010051766598,0.0
10.0,30.0,7.498942093324558,2.625,combined,58.03693715586271,0.0
10.0,30.0,7.498942093324558,2.6875,arca,62.73557701816265,0.0
10.0,30.0,7.498942093324558,2.6875,orca,56.54711026958796,0.0
10.0,30.0,7.498942093324558,2.6875,combined,62.602244265848455,0.0
10.0,30.0,7.498942093324558,2.75,arca,56.54405525244366,0.0
10.0,30.0,7.498942093324558,2.75,orca,64.06534674889107,0.0
10.0,30.0,7.498942093324558,2.75,combined,55.7046562476563,0.0
10.0,30.0,7.498942093324558,2.8125,arca,61.03067549389392,0.0
10.0,30.0,7.498942093324558,2.8125,orca,54.5888780487805,0.0
10.0,30.0,7.498942093324558,2.8125,combined,56.39220115440538,0.0
10.0,30.0,7.498942093324558,2.875,arca,61.10725256760142,0.0
10.0,30.0,7.498942093324558,2.875,orca,56.856807829341996,0.0
10.0,30.0,7.498942093324558,2.875,combined,66.73077709312852,0.0
10.0,30.0,7.498942093324558,2.9375,arca,64.52629912951728,0.0
10.0,30.0,7.498942093324558,2.9375,orca,61.48832842488091,0.0
10.0,30.0,7.498942093324558,2.9375,combined,65.59181576919784,0.0
10.0,30.0,7.498942093324558,3.0,arca,66.31168852572489,0.0
10.0,30.0,7.498942093324558,3.0,orca,74.31347453808024,0.0
10.0,30.0,7.498942093324558,3.0,combined,64.51465909479663,0.0
10.0,30.0,21.54434690031882,1.5,arca,,
10.0,30.0,21.54434690031882,1.5,orca,,
10.0,30.0,21.54434690031882,1.5,combined,,
10.0,30.0,21.54434690031882,1.5625,arca,,
10.0,30.0,21.54434690031882,1.5625,orca,,
10.0,30.0,21.54434690031882,1.5625,combined,,
10.0,30.0,21.54434690031882,1.625,arca,,
10.0,30.0,21.54434690031882,1.625,orca,1184.529348472407,0.0
10.0,30.0,21.54434690031882,1.625,combined,,
10.0,30.0,21.54434690031882,1.6875,arca,,
10.0,30.0,21.54434690031882,1.6875,orca,467.0093634543249,0.0
10.0,30.0,21.54434690031882,1.6875,combined,,
10.0,30.0,21.54434690031882,1.75,arca,,
10.0,30.0,21.54434690031882,1.75,orca,207.11136337836302,0.0
10.0,30.0,21.54434690031882,1.75,combined,,
10.0,30.0,21.54434690031882,1.8125,arca,,
10.0,30.0,21.54434690031882,1.8125,orca,97.03524128264539,0.0
10.0,30.0,21.54434690031882,1.8125,combined,,
10.0,30.0,21.54434690031882,1.875,arca,,
10.0,30.0,21.54434690031882,1.875,orca,55.1141437789071,0.0
10.0,30.0,21.54434690031882,1.875,combined,,
10.0,30.0,21.54434690031882,1.9375,arca,249983.07839858776,0.0
10.0,30.0,21.54434690031882,1.9375,orca,60.94336666381789,0.0
10.0,30.0,21.54434690031882,1.9375,combined,228820.8601255169,0.0
10.0,30.0,21.54434690031882,2.0,arca,58016.49731698667,0.0
10.0,30.0,21.54434690031882,2.0,orca,62.96908147145114,0.0
10.0,30.0,21.54434690031882,2.0,combined,52379.083159773436,0.0
10.0,30.0,21.54434690031882,2.0625,arca,14221.003392307466,0.0
10.0,30.0,21.54434690031882,2.0625,orca,52.32460259093738,0.0
10.0,30.0,21.54434690031882,2.0625,combined,12471.394385948235,0.0
10.0,30.0,21.54434690031882,2.125,arca,3557.1043533951997,0.0
10.0,30.0,21.54434690031882,2.125,orca,62.39615438596492,0.0
10.0,30.0,21.54434690031882,2.125,combined,3566.9794539625345,0.0
10.0,30.0,21.54434690031882,2.1875,arca,961.1066241727208,0.0
10.0,30.0,21.54434690031882,2.1875,orca,61.795418462236334,0.0
10.0,30.0,21.54434690031882,2.1875,combined,913.3884805048082,0.0
10.0,30.0,21.54434690031882,2.25,arca,285.23725704936203,0.0
10.0,30.0,21.54434690031882,2.25,orca,61.71945944417745,0.0
10.0,30.0,21.54434690031882,2.25,combined,307.1824124716742,0.0
10.0,30.0,21.54434690031882,2.3125,arca,100.14909165256906,0.0
10.0,30.0,21.54434690031882,2.3125,orca,58.94074364211174,0.0
10.0,30.0,21.54434690031882,2.3125,combined,97.82547415220169,0.0
10.0,30.0,21.54434690031882,2.375,arca,67.56359990501569,0.0
10.0,30.0,21.54434690031882,2.375,orca,60.445829338446785,0.0
10.0,30.0,21.54434690031882,2.375,combined,57.371977330531564,0.0
10.0,30.0,21.54434690031882,2.4375,arca,57.59807616842924,0.0
10.0,30.0,21.54434690031882,2.4375,orca,62.22390030099805,0.0
10.0,30.0,21.54434690031882,2.4375,combined,66.38561356690404,0.0
10.0,30.0,21.54434690031882,2.5,arca,59.35665664081051,0.0
10.0,30.0,21.54434690031882,2.5,orca,53.71359390298764,0.0
10.0,30.0,21.54434690031882,2.5,combined,60.79647455340102,0.0
10.0,30.0,21.54434690031882,2.5625,arca,61.69873185658043,0.0
10.0,30.0,21.54434690031882,2.5625,orca,51.48085699450715,0.0
10.0,30.0,21.54434690031882,2.5625,combined,59.810228674447295,0.0
10.0,30.0,21.54434690031882,2.625,arca,71.97324048612896,0.0
10.0,30.0,21.54434690031882,2.625,orca,56.75826972010178,0.0
10.0,30.0,21.54434690031882,2.625,combined,58.76618816118018,0.0
10.0,30.0,21.54434690031882,2.6875,arca,64.58755972341751,0.0
10.0,30.0,21.54434690031882,2.6875,orca,60.40753077480086,0.0
10.0,30.0,21.54434690031882,2.6875,combined,66.37487250592014,0.0
10.0,30.0,21.54434690031882,2.75,arca,61.25150454909694,0.0
10.0,30.0,21.54434690031882,2.75,orca,59.56647274294332,0.0
10.0,30.0,21.54434690031882,2.75,combined,59.373930674451245,0.0
10.0,30.0,21.54434690031882,2.8125,arca,63.94169900847756,0.0
10.0,30.0,21.54434690031882,2.8125,orca,70.31592729912624,0.0
10.0,30.0,21.54434690031882,2.8125,combined,57.96768298575826,0.0
10.0,30.0,21.54434690031882,2.875,arca,61.42920775594042,0.0
10.0,30.0,21.54434690031882,2.875,orca,56.54167023554605,0.0
10.0,30.0,21.54434690031882,2.875,combined,61.757857149057955,0.0
10.0,30.0,21.54434690031882,2.9375,arca,60.05163266584674,0.0
10.0,30.0,21.54434690031882,2.9375,orca,62.90275851090442,0.0
10.0,30.0,21.54434690031882,2.9375,combined,58.313777385251406,0.0
10.0,30.0,21.54434690031882,3.0,arca,59.911354006957154,0.0
10.0,30.0,21.54434690031882,3.0,orca,60.450743350995424,0.0
10.0,30.0,21.54434690031882,3.0,combined,63.73468824746505,0.0
10.0,30.0,61.896581889125976,1.5,arca,,
10.0,30.0,61.896581889125976,1.5,orca,,
10.0,30.0,61.896581889125976,1.5,combined,,
10.0,30.0,61.896581889125976,1.5625,arca,,
10.0,30.0,61.896581889125976,1.5625,orca,,
10.0,30.0,61.896581889125976,1.5625,combined,,
10.0,30.0,61.896581889125976,1.625,arca,,
10.0,30.0,61.896581889125976,1.625,orca,,
10.0,30.0,61.896581889125976,1.625,combined,,
10.0,30.0,61.896581889125976,1.6875,arca,,
10.0,30.0,61.896581889125976,1.6875,orca,,
10.0,30.0,61.896581889125976,1.6875,combined,,
10.0,30.0,61.896581889125976,1.75,arca,,
10.0,30.0,61.896581889125976,1.75,orca,1173.026085726411,0.0
10.0,30.0,61.896581889125976,1.75,combined,,
10.0,30.0,61.896581889125976,1.8125,arca,,
10.0,30.0,61.896581889125976,1.8125,orca,414.4266890069008,0.0
10.0,30.0,61.896581889125976,1.8125,combined,,
10.0,30.0,61.896581889125976,1.875,arca,,
10.0,30.0,61.896581889125976,1.875,orca,233.318496481492,0.0
10.0,30.0,61.896581889125976,1.875,combined,,
10.0,30.0,61.896581889125976,1.9375,arca,,
10.0,30.0,61.896581889125976,1.9375,orca,149.8669697568689,0.0
10.0,30.0,61.896581889125976,1.9375,combined,,
10.0,30.0,61.896581889125976,2.0,arca,,
10.0,30.0,61.896581889125976,2.0,orca,62.85670049888181,0.0
10.0,30.0,61.896581889125976,2.0,combined,,
10.0,30.0,61.896581889125976,2.0625,arca,118823.2923236322,0.0
10.0,30.0,61.896581889125976,2.0625,orca,56.709369241672576,0.0
10.0,30.0,61.896581889125976,2.0625,combined,107440.2191386932,0.0
10.0,30.0,61.896581889125976,2.125,arca,29751.83499695517,0.0
10.0,30.0,61.896581889125976,2.125,orca,56.670455191225756,0.0
10.0,30.0,61.896581889125976,2.125,combined,27951.916602034362,0.0
10.0,30.0,61.896581889125976,2.1875,arca,7926.683976863947,0.0
10.0,30.0,61.896581889125976,2.1875,orca,53.83409298085688,0.0
10.0,30.0,61.896581889125976,2.1875,combined,7123.408098995633,0.0
10.0,30.0,61.896581889125976,2.25,arca,2159.886228454109,0.0
10.0,30.0,61.896581889125976,2.25,orca,55.45565613372577,0.0
10.0,30.0,61.896581889125976,2.25,combined,1901.9339658444019,0.0
10.0,30.0,61.896581889125976,2.3125,arca,581.886950497336,0.0
10.0,30.0,61.896581889125976,2.3125,orca,57.66251013504069,0.0
10.0,30.0,61.896581889125976,2.3125,combined,585.6488912104089,0.0
10.0,30.0,61.896581889125976,2.375,arca,207.97381491033093,0.0
10.0,30.0,61.896581889125976,2.375,orca,58.29388181484512,0.0
10.0,30.0,61.896581889125976,2.375,combined,179.00785869765068,0.0
10.0,30.0,61.896581889125976,2.4375,arca,72.3162088183887,0.0
10.0,30.0,61.896581889125976,2.4375,orca,54.434995333578435,0.0
10.0,30.0,61.896581889125976,2.4375,combined,83.64367645751209,0.0
10.0,30.0,61.896581889125976,2.5,arca,60.541789784719285,0.0
10.0,30.0,61.896581889125976,2.5,orca,67.0767079283321,0.0
10.0,30.0,61.896581889125976,2.5,combined,71.09984078977739,0.0
10.0,30.0,61.896581889125976,2.5625,arca,65.56765641744292,0.0
10.0,30.0,61.896581889125976,2.5625,orca,56.72814678090305,0.0
10.0,30.0,61.896581889125976,2.5625,combined,55.847893135313335,0.0
10.0,30.0,61.896581889125976,2.625,arca,55.575296387290386,0.0
10.0,30.0,61.896581889125976,2.625,orca,56.036730843921646,0.0
10.0,30.0,61.896581889125976,2.625,combined,63.91749116451278,0.0
10.0,30.0,61.896581889125976,2.6875,arca,56.992079325456615,0.0
10.0,30.0,61.896581889125976,2.6875,orca,60.78963288876667,0.0
10.0,30.0,61.896581889125976,2.6875,combined,63.75008991480204,0.0
10.0,30.0,61.896581889125976,2.75,arca,59.24882689485747,0.0
10.0,30.0,61.896581889125976,2.75,orca,53.27559460852114,0.0
10.0,30.0,61.896581889125976,2.75,combined,72.15115731345671,0.0
10.0,30.0,61.896581889125976,2.8125,arca,74.4074740959127,0.0
10.0,30.0,61.896581889125976,2.8125,orca,56.3763209084696,0.0
10.0,30.0,61.896581889125976,2.8125,combined,55.21265718165181,0.0
10.0,30.0,61.896581889125976,2.875,arca,62.10407117465887,0.0
10.0,30.0,61.896581889125976,2.875,orca,63.92576616200064,0.0
10.0,30.0,61.896581889125976,2.875,combined,57.99522617573439,0.0
10.0,30.0,61.896581889125976,2.9375,arca,60.91562884340823,0.0
10.0,30.0,61.896581889125976,2.9375,orca,52.81851517245045,0.0
10.0,30.0,61.896581889125976,2.9375,combined,61.265256229431124,0.0
10.0,30.0,61.896581889125976,3.0,arca,53.581158928059146,0.0
10.0,30.0,61.896581889125976,3.0,orca,66.9439347604485,0.0
10.0,30.0,61.896581889125976,3.0,combined,60.21513785401486,0.0
10.0,30.0,177.82794100389228,1.5,arca,,
10.0,30.0,177.82794100389228,1.5,orca,,
10.0,30.0,177.82794100389228,1.5,combined,,
10.0,30.0,177.82794100389228,1.5625,arca,,
10.0,30.0,177.82794100389228,1.5625,orca,,
10.0,30.0,177.82794100389228,1.5625,combined,,
10.0,30.0,177.82794100389228,1.625,arca,,
10.0,30.0,177.82794100389228,1.625,orca,,
10.0,30.0,177.82794100389228,1.625,combined,,
10.0,30.0,177.82794100389228,1.6875,arca,,
10.0,30.0,177.82794100389228,1.6875,orca,,
10.0,30.0,177.82794100389228,1.6875,combined,,
10.0,30.0,177.82794100389228,1.75,arca,,
10.0,30.0,177.82794100389228,1.75,orca,,
10.0,30.0,177.82794100389228,1.75,combined,,
10.0,30.0,177.82794100389228,1.8125,arca,,
10.0,30.0,177.82794100389228,1.8125,orca,,
10.0,30.0,177.82794100389228,1.8125,combined,,
10.0,30.0,177.82794100389228,1.875,arca,,
10.0,30.0,177.82794100389228,1.875,orca,1599.195557796264,0.0
10.0,30.0,177.82794100389228,1.875,combined,,
10.0,30.0,177.82794100389228,1.9375,arca,,
10.0,30.0,177.82794100389228,1.9375,orca,588.5331513704084,0.0
10.0,30.0,177.82794100389228,1.9375,combined,,
10.0,30.0,177.82794100389228,2.0,arca,,
10.0,30.0,177.82794100389228,2.0,orca,298.08719346049054,0.0
10.0,30.0,177.82794100389228,2.0,combined,,
10.0,30.0,177.82794100389228,2.0625,arca,,
10.0,30.0,177.82794100389228,2.0625,orca,140.0418389755583,0.0
10.0,30.0,177.82794100389228,2.0625,combined,,
10.0,30.0,177.82794100389228,2.125,arca,255315.5611285371,0.0
10.0,30.0,177.82794100389228,2.125,orca,89.58916709248851,0.0
10.0,30.0,177.82794100389228,2.125,combined,231057.78735226142,0.0
10.0,30.0,177.82794100389228,2.1875,arca,67245.03740498754,0.0
10.0,30.0,177.82794100389228,2.1875,orca,64.42112013681059,0.0
10.0,30.0,177.82794100389228,2.1875,combined,61736.127235065826,0.0
10.0,30.0,177.82794100389228,2.25,arca,17752.517644569067,0.0
10.0,30.0,177.82794100389228,2.25,orca,60.90609929078013,0.0
10.0,30.0,177.82794100389228,2.25,combined,16882.618061584937,0.0
10.0,30.0,177.82794100389228,2.3125,arca,5050.780536852914,0.0
10.0,30.0,177.82794100389228,2.3125,orca,62.11025382981103,0.0
10.0,30.0,177.82794100389228,2.3125,combined,4690.952145473962,0.0
10.0,30.0,177.82794100389228,2.375,arca,1634.4861200050173,0.0
10.0,30.0,177.82794100389228,2.375,orca,60.32614145283497,0.0
10.0,30.0,177.82794100389228,2.375,combined,1416.5079389557472,0.0
10.0,30.0,177.82794100389228,2.4375,arca,503.1849378789778,0.0
10.0,30.0,177.82794100389228,2.4375,orca,61.37441393168119,0.0
10.0,30.0,177.82794100389228,2.4375,combined,446.953907578208,0.0
10.0,30.0,177.82794100389228,2.5,arca,158.640405932659,0.0
10.0,30.0,177.82794100389228,2.5,orca,57.959265442403996,0.0
10.0,30.0,177.82794100389228,2.5,combined,131.56216456634544,0.0
10.0,30.0,177.82794100389228,2.5625,arca,63.77971568983148,0.0
10.0,30.0,177.82794100389228,2.5625,orca,62.64716600866899,0.0
10.0,30.0,177.82794100389228,2.5625,combined,76.50376812624185,0.0
10.0,30.0,177.82794100389228,2.625,arca,73.06259646715829,0.0
10.0,30.0,177.82794100389228,2.625,orca,57.698975571316,0.0
10.0,30.0,177.82794100389228,2.625,combined,60.9708222811671,0.0
10.0,30.0,177.82794100389228,2.6875,arca,68.01101162503092,0.0
10.0,30.0,177.82794100389228,2.6875,orca,62.44522863091858,0.0
10.0,30.0,177.82794100389228,2.6875,combined,58.755190625175075,0.0
10.0,30.0,177.82794100389228,2.75,arca,56.84302680311729,0.0
10.0,30.0,177.82794100389228,2.75,orca,57.25183243272163,0.0
10.0,30.0,177.82794100389228,2.75,combined,66.18474638583507,0.0
10.0,30.0,177.82794100389228,2.8125,arca,63.113331354898264,0.0
10.0,30.0,177.82794100389228,2.8125,orca,59.5842421544625,0.0
10.0,30.0,177.82794100389228,2.8125,combined,66.46180511357076,0.0
10.0,30.0,177.82794100389228,2.875,arca,62.72165832360524,0.0
10.0,30.0,177.82794100389228,2.875,orca,57.26390228222438,0.0
10.0,30.0,177.82794100389228,2.875,combined,56.087052328543166,0.0
10.0,30.0,177.82794100389228,2.9375,arca,55.96623225874532,0.0
10.0,30.0,177.82794100389228,2.9375,orca,57.22061482820977,0.0
10.0,30.0,177.82794100389228,2.9375,combined,60.530887205451734,0.0
10.0,30.0,177.82794100389228,3.0,arca,55.491916150880925,0.0
10.0,30.0,177.82794100389228,3.0,orca,60.633326053723536,0.0
10.0,30.0,177.82794100389228,3.0,combined,59.71049112085382,0.0
10.0,30.0,510.8969774506914,1.5,arca,,
10.0,30.0,510.8969774506914,1.5,orca,,
10.0,30.0,510.8969774506914,1.5,combined,,
10.0,30.0,510.8969774506914,1.5625,arca,,
10.0,30.0,510.8969774506914,1.5625,orca,,
10.0,30.0,510.8969774506914,1.5625,combined,,
10.0,30.0,510.8969774506914,1.625,arca,,
10.0,30.0,510.8969774506914,1.625,orca,,
10.0,30.0,510.8969774506914,1.625,combined,,
10.0,30.0,510.8969774506914,1.6875,arca,,
10.0,30.0,510.8969774506914,1.6875,orca,,
10.0,30.0,510.8969774506914,1.6875,combined,,
10.0,30.0,510.8969774506914,1.75,arca,,
10.0,30.0,510.8969774506914,1.75,orca,,
10.0,30.0,510.8969774506914,1.75,combined,,
10.0,30.0,510.8969774506914,1.8125,arca,,
10.0,30.0,510.8969774506914,1.8125,orca,,
10.0,30.0,510.8969774506914,1.8125,combined,,
10.0,30.0,510.8969774506914,1.875,arca,,
10.0,30.0,510.8969774506914,1.875,orca,,
10.0,30.0,510.8969774506914,1.875,combined,,
10.0,30.0,510.8969774506914,1.9375,arca,,
10.0,30.0,510.8969774506914,1.9375,orca,,
10.0,30.0,510.8969774506914,1.9375,combined,,
10.0,30.0,510.8969774506914,2.0,arca,,
10.0,30.0,510.8969774506914,2.0,orca,1949.2416383020618,0.0
10.0,30.0,510.8969774506914,2.0,combined,,
10.0,30.0,510.8969774506914,2.0625,arca,,
10.0,30.0,510.8969774506914,2.0625,orca,765.7714407623382,0.0
10.0,30.0,510.8969774506914,2.0625,combined,,
10.0,30.0,510.8969774506914,2.125,arca,,
10.0,30.0,510.8969774506914,2.125,orca,325.79304397002676,0.0
10.0,30.0,510.8969774506914,2.125,combined,,
10.0,30.0,510.8969774506914,2.1875,arca,,
10.0,30.0,510.8969774506914,2.1875,orca,213.8985680530646,0.0
10.0,30.0,510.8969774506914,2.1875,combined,,
10.0,30.0,510.8969774506914,2.25,arca,153034.9275524104,0.0
10.0,30.0,510.8969774506914,2.25,orca,137.79172203217328,0.0
10.0,30.0,510.8969774506914,2.25,combined,139575.149156877,0.0
10.0,30.0,510.8969774506914,2.3125,arca,42522.63455303534,0.0
10.0,30.0,510.8969774506914,2.3125,orca,94.31907661804277,0.0
10.0,30.0,510.8969774506914,2.3125,combined,38823.73650318991,0.0
10.0,30.0,510.8969774506914,2.375,arca,12433.793223654427,0.0
10.0,30.0,510.8969774506914,2.375,orca,72.54720944756713,0.0
10.0,30.0,510.8969774506914,2.375,combined,11403.149849348363,0.0
10.0,30.0,510.8969774506914,2.4375,arca,3477.1803263532565,0.0
10.0,30.0,510.8969774506914,2.4375,orca,57.03263178766678,0.0
10.0,30.0,510.8969774506914,2.4375,combined,3608.3533602561324,0.0
10.0,30.0,510.8969774506914,2.5,arca,1112.179671440968,0.0
10.0,30.0,510.8969774506914,2.5,orca,59.59640949892059,0.0
10.0,30.0,510.8969774506914,2.5,combined,1065.256045704668,0.0
10.0,30.0,510.8969774506914,2.5625,arca,396.93725262546843,0.0
10.0,30.0,510.8969774506914,2.5625,orca,69.07285572982903,0.0
10.0,30.0,510.8969774506914,2.5625,combined,361.5943364080015,0.0
10.0,30.0,510.8969774506914,2.625,arca,134.60310303542042,0.0
10.0,30.0,510.8969774506914,2.625,orca,55.196735346156046,0.0
10.0,30.0,510.8969774506914,2.625,combined,131.79587826844596,0.0
10.0,30.0,510.8969774506914,2.6875,arca,72.58623464689508,0.0
10.0,30.0,510.8969774506914,2.6875,orca,63.210887607258414,0.0
10.0,30.0,510.8969774506914,2.6875,combined,63.41324395019745,0.0
10.0,30.0,510.8969774506914,2.75,arca,62.596063467354405,0.0
10.0,30.0,510.8969774506914,2.75,orca,66.84393960773245,0.0
10.0,30.0,510.8969774506914,2.75,combined,62.65947888589397,0.0
10.0,30.0,510.8969774506914,2.8125,arca,59.581903914004016,0.0
10.0,30.0,510.8969774506914,2.8125,orca,52.53764659226107,0.0
10.0,30.0,510.8969774506914,2.8125,combined,61.69327095331863,0.0
10.0,30.0,510.8969774506914,2.875,arca,60.435802233023146,0.0
10.0,30.0,510.8969774506914,2.875,orca,55.35263791992377,0.0
10.0,30.0,510.8969774506914,2.875,combined,60.71572802908275,0.0
10.0,30.0,510.8969774506914,2.9375,arca,70.54131054131057,0.0
10.0,30.0,510.8969774506914,2.9375,orca,57.94856456062717,0.0
10.0,30.0,510.8969774506914,2.9375,combined,59.09845174308344,0.0
10.0,30.0,510.8969774506914,3.0,arca,62.26235345316435,0.0
10.0,30.0,510.8969774506914,3.0,orca,56.62995284297253,0.0
10.0,30.0,510.8969774506914,3.0,combined,66.1079022823041,0.0
10.0,30.0,1467.7992676220676,1.5,arca,,
10.0,30.0,1467.7992676220676,1.5,orca,,
10.0,30.0,1467.7992676220676,1.5,combined,,
10.0,30.0,1467.7992676220676,1.5625,arca,,
10.0,30.0,1467.7992676220676,1.5625,orca,,
10.0,30.0,1467.7992676220676,1.5625,combined,,
10.0,30.0,1467.7992676220676,1.625,arca,,
10.0,30.0,1467.7992676220676,1.625,orca,,
10.0,30.0,1467.7992676220676,1.625,combined,,
10.0,30.0,1467.7992676220676,1.6875,arca,,
10.0,30.0,1467.7992676220676,1.6875,orca,,
10.0,30.0,1467.7992676220676,1.6875,combined,,
10.0,30.0,1467.7992676220676,1.75,arca,,
10.0,30.0,1467.7992676220676,1.75,orca,,
10.0,30.0,1467.7992676220676,1.75,combined,,
10.0,30.0,1467.7992676220676,1.8125,arca,,
10.0,30.0,1467.7992676220676,1.8125,orca,,
10.0,30.0,1467.7992676220676,1.8125,combined,,
10.0,30.0,1467.7992676220676,1.875,arca,,
10.0,30.0,1467.7992676220676,1.875,orca,,
10.0,30.0,1467.7992676220676,1.875,combined,,
10.0,30.0,1467.7992676220676,1.9375,arca,,
10.0,30.0,1467.7992676220676,1.9375,orca,,
10.0,30.0,1467.7992676220676,1.9375,combined,,
10.0,30.0,1467.7992676220676,2.0,arca,,
10.0,30.0,1467.7992676220676,2.0,orca,,
10.0,30.0,1467.7992676220676,2.0,combined,,
10.0,30.0,1467.7992676220676,2.0625,arca,,
10.0,30.0,1467.7992676220676,2.0625,orca,,
10.0,30.0,1467.7992676220676,2.0625,combined,,
10.0,30.0,1467.7992676220676,2.125,arca,,
10.0,30.0,1467.7992676220676,2.125,orca,2607.974476659577,0.0
10.0,30.0,1467.7992676220676,2.125,combined,,
10.0,30.0,1467.7992676220676,2.1875,arca,,
10.0,30.0,1467.7992676220676,2.1875,orca,1175.5610176678445,0.0
10.0,30.0,1467.7992676220676,2.1875,combined,,
10.0,30.0,1467.7992676220676,2.25,arca,,
10.0,30.0,1467.7992676220676,2.25,orca,540.4430200238245,0.0
10.0,30.0,1467.7992676220676,2.25,combined,,
10.0,30.0,1467.7992676220676,2.3125,arca,,
10.0,30.0,1467.7992676220676,2.3125,orca,403.20878996082,0.0
10.0,30.0,1467.7992676220676,2.3125,combined,,
10.0,30.0,1467.7992676220676,2.375,arca,104135.71748006613,0.0
10.0,30.0,1467.7992676220676,2.375,orca,191.2088526731211,0.0
10.0,30.0,1467.7992676220676,2.375,combined,94674.99980920409,0.0
10.0,30.0,1467.7992676220676,2.4375,arca,31461.245023295214,0.0
10.0,30.0,1467.7992676220676,2.4375,orca,85.04615384615384,0.0
10.0,30.0,1467.7992676220676,2.4375,combined,29793.099864372904,0.0
10.0,30.0,1467.7992676220676,2.5,arca,9949.115744135503,0.0
10.0,30.0,1467.7992676220676,2.5,orca,71.92837864712064,0.0
10.0,30.0,1467.7992676220676,2.5,combined,9055.257699967306,0.0
10.0,30.0,1467.7992676220676,2.5625,arca,3183.1461170639313,0.0
10.0,30.0,1467.7992676220676,2.5625,orca,60.200022566359195,0.0
10.0,30.0,1467.7992676220676,2.5625,combined,2888.2117754896817,0.0
10.0,30.0,1467.7992676220676,2.625,arca,1017.0858182970339,0.0
10.0,30.0,1467.7992676220676,2.625,orca,64.84305300353358,0.0
10.0,30.0,1467.7992676220676,2.625,combined,928.0945405334821,0.0
10.0,30.0,1467.7992676220676,2.6875,arca,373.54506894993585,0.0
10.0,30.0,1467.7992676220676,2.6875,orca,55.50833403841271,0.0
10.0,30.0,1467.7992676220676,2.6875,combined,376.9675541876526,0.0
10.0,30.0,1467.7992676220676,2.75,arca,153.56401697928385,0.0
10.0,30.0,1467.7992676220676,2.75,orca,55.49480889903023,0.0
10.0,30.0,1467.7992676220676,2.75,combined,147.6678224071407,0.0
10.0,30.0,1467.7992676220676,2.8125,arca,75.8895118548592,0.0
10.0,30.0,1467.7992676220676,2.8125,orca,53.044802867383495,0.0
10.0,30.0,1467.7992676220676,2.8125,combined,89.91989138618968,0.0
10.0,30.0,1467.7992676220676,2.875,arca,55.22852073308684,0.0
10.0,30.0,1467.7992676220676,2.875,orca,58.21165919282512,0.0
10.0,30.0,1467.7992676220676,2.875,combined,62.73519673519674,0.0
10.0,30.0,1467.7992676220676,2.9375,arca,55.79109202793881,0.0
10.0,30.0,1467.7992676220676,2.9375,orca,66.41226441631505,0.0
10.0,30.0,1467.7992676220676,2.9375,combined,66.37187432388775,0.0
10.0,30.0,1467.7992676220676,3.0,arca,67.71415711219049,0.0
10.0,30.0,1467.7992676220676,3.0,orca,55.73181908183182,0.0
10.0,30.0,1467.7992676220676,3.0,combined,62.9415803898587,0.0
10.0,30.0,4216.965034285822,1.5,arca,,
10.0,30.0,4216.965034285822,1.5,orca,,
10.0,30.0,4216.965034285822,1.5,combined,,
10.0,30.0,4216.965034285822,1.5625,arca,,
10.0,30.0,4216.965034285822,1.5625,orca,,
10.0,30.0,4216.965034285822,1.5625,combined,,
10.0,30.0,4216.965034285822,1.625,arca,,
10.0,30.0,4216.965034285822,1.625,orca,,
10.0,30.0,4216.965034285822,1.625,combined,,
10.0,30.0,4216.965034285822,1.6875,arca,,
10.0,30.0,4216.965034285822,1.6875,orca,,
10.0,30.0,4216.965034285822,1.6875,combined,,
10.0,30.0,4216.965034285822,1.75,arca,,
10.0,30.0,4216.965034285822,1.75,orca,,
10.0,30.0,4216.965034285822,1.75,combined,,
10.0,30.0,4216.965034285822,1.8125,arca,,
10.0,30.0,4216.965034285822,1.8125,orca,,
10.0,30.0,4216.965034285822,1.8125,combined,,
10.0,30.0,4216.965034285822,1.875,arca,,
10.0,30.0,4216.965034285822,1.875,orca,,
10.0,30.0,4216.965034285822,1.875,combined,,
10.0,30.0,4216.965034285822,1.9375,arca,,
10.0,30.0,4216.965034285822,1.9375,orca,,
10.0,30.0,4216.965034285822,1.9375,combined,,
10.0,30.0,4216.965034285822,2.0,arca,,
10.0,30.0,4216.965034285822,2.0,orca,,
10.0,30.0,4216.965034285822,2.0,combined,,
10.0,30.0,4216.965034285822,2.0625,arca,,
10.0,30.0,4216.965034285822,2.0625,orca,,
10.0,30.0,4216.965034285822,2.0625,combined,,
10.0,30.0,4216.965034285822,2.125,arca,,
10.0,30.0,4216.965034285822,2.125,orca,,
10.0,30.0,4216.965034285822,2.125,combined,,
10.0,30.0,4216.965034285822,2.1875,arca,,
10.0,30.0,4216.965034285822,2.1875,orca,,
10.0,30.0,4216.965034285822,2.1875,combined,,
10.0,30.0,4216.965034285822,2.25,arca,,
10.0,30.0,4216.965034285822,2.25,orca,,
10.0,30.0,4216.965034285822,2.25,combined,,
10.0,30.0,4216.965034285822,2.3125,arca,,
10.0,30.0,4216.965034285822,2.3125,orca,1909.8476225290328,0.0
10.0,30.0,4216.965034285822,2.3125,combined,,
10.0,30.0,4216.965034285822,2.375,arca,,
10.0,30.0,4216.965034285822,2.375,orca,864.3233965672991,0.0
10.0,30.0,4216.965034285822,2.375,combined,,
10.0,30.0,4216.965034285822,2.4375,arca,263870.1798617756,0.0
10.0,30.0,4216.965034285822,2.4375,orca,431.96818567789416,0.0
10.0,30.0,4216.965034285822,2.4375,combined,244974.6504301252,0.0
10.0,30.0,4216.965034285822,2.5,arca,81166.88569779093,0.0
10.0,30.0,4216.965034285822,2.5,orca,332.9572473385479,0.0
10.0,30.0,4216.965034285822,2.5,combined,75958.69483407255,0.0
10.0,30.0,4216.965034285822,2.5625,arca,25644.985900582906,0.0
10.0,30.0,4216.965034285822,2.5625,orca,179.46777758884545,0.0
10.0,30.0,4216.965034285822,2.5625,combined,24588.786449835505,0.0
10.0,30.0,4216.965034285822,2.625,arca,8214.77231802127,0.0
10.0,30.0,4216.965034285822,2.625,orca,158.70615711252657,0.0
10.0,30.0,4216.965034285822,2.625,combined,8230.070782372124,0.0
10.0,30.0,4216.965034285822,2.6875,arca,2831.7317619094783,0.0
10.0,30.0,4216.965034285822,2.6875,orca,105.88985408505081,0.0
10.0,30.0,4216.965034285822,2.6875,combined,2751.9308576313033,0.0
10.0,30.0,4216.965034285822,2.75,arca,1008.2306108442001,0.0
10.0,30.0,4216.965034285822,2.75,orca,79.45018092714477,0.0
10.0,30.0,4216.965034285822,2.75,combined,1040.3380335184925,0.0
10.0,30.0,4216.965034285822,2.8125,arca,339.49467281519446,0.0
10.0,30.0,4216.965034285822,2.8125,orca,78.38238241103889,0.0
10.0,30.0,4216.965034285822,2.8125,combined,369.8656930499412,0.0
10.0,30.0,4216.965034285822,2.875,arca,136.70617179718883,0.0
10.0,30.0,4216.965034285822,2.875,orca,56.287717710925136,0.0
10.0,30.0,4216.965034285822,2.875,combined,149.94224007441042,0.0
10.0,30.0,4216.965034285822,2.9375,arca,79.81873080893531,0.0
10.0,30.0,4216.965034285822,2.9375,orca,64.88027157224556,0.0
10.0,30.0,4216.965034285822,2.9375,combined,81.67030218516815,0.0
10.0,30.0,4216.965034285822,3.0,arca,57.83635464243903,0.0
10.0,30.0,4216.965034285822,3.0,orca,60.477484098939925,0.0
10.0,30.0,4216.965034285822,3.0,combined,62.691329328961345,0.0
10.0,30.0,12115.276586285852,1.5,arca,,
10.0,30.0,12115.276586285852,1.5,orca,,
10.0,30.0,12115.276586285852,1.5,combined,,
10.0,30.0,12115.276586285852,1.5625,arca,,
10.0,30.0,12115.276586285852,1.5625,orca,,
10.0,30.0,12115.276586285852,1.5625,combined,,
10.0,30.0,12115.276586285852,1.625,arca,,
10.0,30.0,12115.276586285852,1.625,orca,,
10.0,30.0,12115.276586285852,1.625,combined,,
10.0,30.0,12115.276586285852,1.6875,arca,,
10.0,30.0,12115.276586285852,1.6875,orca,,
10.0,30.0,12115.276586285852,1.6875,combined,,
10.0,30.0,12115.276586285852,1.75,arca,,
10.0,30.0,12115.276586285852,1.75,orca,,
10.0,30.0,12115.276586285852,1.75,combined,,
10.0,30.0,12115.276586285852,1.8125,arca,,
10.0,30.0,12115.276586285852,1.8125,orca,,
10.0,30.0,12115.276586285852,1.8125,combined,,
10.0,30.0,12115.276586285852,1.875,arca,,
10.0,30.0,12115.276586285852,1.875,orca,,
10.0,30.0,12115.276586285852,1.875,combined,,
10.0,30.0,12115.276586285852,1.9375,arca,,
10.0,30.0,12115.276586285852,1.9375,orca,,
10.0,30.0,12115.276586285852,1.9375,combined,,
10.0,30.0,12115.276586285852,2.0,arca,,
10.0,30.0,12115.276586285852,2.0,orca,,
10.0,30.0,12115.276586285852,2.0,combined,,
10.0,30.0,12115.276586285852,2.0625,arca,,
10.0,30.0,12115.276586285852,2.0625,orca,,
10.0,30.0,12115.276586285852,2.0625,combined,,
10.0,30.0,12115.276586285852,2.125,arca,,
10.0,30.0,12115.276586285852,2.125,orca,,
10.0,30.0,12115.276586285852,2.125,combined,,
10.0,30.0,12115.276586285852,2.1875,arca,,
10.0,30.0,12115.276586285852,2.1875,orca,,
10.0,30.0,12115.276586285852,2.1875,combined,,
10.0,30.0,12115.276586285852,2.25,arca,,
10.0,30.0,12115.276586285852,2.25,orca,,
10.0,30.0,12115.276586285852,2.25,combined,,
10.0,30.0,12115.276586285852,2.3125,arca,,
10.0,30.0,12115.276586285852,2.3125,orca,,
10.0,30.0,12115.276586285852,2.3125,combined,,
10.0,30.0,12115.276586285852,2.375,arca,,
10.0,30.0,12115.276586285852,2.375,orca,,
10.0,30.0,12115.276586285852,2.375,combined,,
10.0,30.0,12115.276586285852,2.4375,arca,,
10.0,30.0,12115.276586285852,2.4375,orca,3666.920250152193,0.0
10.0,30.0,12115.276586285852,2.4375,combined,,
10.0,30.0,12115.276586285852,2.5,arca,,
10.0,30.0,12115.276586285852,2.5,orca,1817.1229125290217,0.0
10.0,30.0,12115.276586285852,2.5,combined,,
10.0,30.0,12115.276586285852,2.5625,arca,216698.4952773181,0.0
10.0,30.0,12115.276586285852,2.5625,orca,1137.1669327507495,0.0
10.0,30.0,12115.276586285852,2.5625,combined,202598.30977229174,0.0
10.0,30.0,12115.276586285852,2.625,arca,71320.47198250149,0.0
10.0,30.0,12115.276586285852,2.625,orca,682.4600090375056,0.0
10.0,30.0,12115.276586285852,2.625,combined,67586.4044396802,0.0
10.0,30.0,12115.276586285852,2.6875,arca,23576.57312216357,0.0
10.0,30.0,12115.276586285852,2.6875,orca,352.87362466412105,0.0
10.0,30.0,12115.276586285852,2.6875,combined,23071.439420548246,0.0
10.0,30.0,12115.276586285852,2.75,arca,8332.838108167924,0.0
10.0,30.0,12115.276586285852,2.75,orca,268.4286280505067,0.0
10.0,30.0,12115.276586285852,2.75,combined,8064.992275218355,0.0
10.0,30.0,12115.276586285852,2.8125,arca,2819.7317053851666,0.0
10.0,30.0,12115.276586285852,2.8125,orca,184.63393468828502,0.0
10.0,30.0,12115.276586285852,2.8125,combined,3023.7585150985547,0.0
10.0,30.0,12115.276586285852,2.875,arca,1037.4896384937956,0.0
10.0,30.0,12115.276586285852,2.875,orca,140.06245924413824,0.0
10.0,30.0,12115.276586285852,2.875,combined,1095.0967363927366,0.0
10.0,30.0,12115.276586285852,2.9375,arca,352.7348298148203,0.0
10.0,30.0,12115.276586285852,2.9375,orca,113.44029553850524,0.0
10.0,30.0,12115.276586285852,2.9375,combined,407.7031137394235,0.0
10.0,30.0,12115.276586285852,3.0,arca,159.59598944591028,0.0
10.0,30.0,12115.276586285852,3.0,orca,56.69089621973666,0.0
10.0,30.0,12115.276586285852,3.0,combined,204.6889234153964,0.0
10.0,30.0,34807.00588428406,1.5,arca,,
10.0,30.0,34807.00588428406,1.5,orca,,
10.0,30.0,34807.00588428406,1.5,combined,,
10.0,30.0,34807.00588428406,1.5625,arca,,
10.0,30.0,34807.00588428406,1.5625,orca,,
10.0,30.0,34807.00588428406,1.5625,combined,,
10.0,30.0,34807.00588428406,1.625,arca,,
10.0,30.0,34807.00588428406,1.625,orca,,
10.0,30.0,34807.00588428406,1.625,combined,,
10.0,30.0,34807.00588428406,1.6875,arca,,
10.0,30.0,34807.00588428406,1.6875,orca,,
10.0,30.0,34807.00588428406,1.6875,combined,,
10.0,30.0,34807.00588428406,1.75,arca,,
10.0,30.0,34807.00588428406,1.75,orca,,
10.0,30.0,34807.00588428406,1.75,combined,,
10.0,30.0,34807.00588428406,1.8125,arca,,
10.0,30.0,34807.00588428406,1.8125,orca,,
10.0,30.0,34807.00588428406,1.8125,combined,,
10.0,30.0,34807.00588428406,1.875,arca,,
10.0,30.0,34807.00588428406,1.875,orca,,
10.0,30.0,34807.00588428406,1.875,combined,,
10.0,30.0,34807.00588428406,1.9375,arca,,
10.0,30.0,34807.00588428406,1.9375,orca,,
10.0,30.0,34807.00588428406,1.9375,combined,,
10.0,30.0,34807.00588428406,2.0,arca,,
10.0,30.0,34807.00588428406,2.0,orca,,
10.0,30.0,34807.00588428406,2.0,combined,,
10.0,30.0,34807.00588428406,2.0625,arca,,
10.0,30.0,34807.00588428406,2.0625,orca,,
10.0,30.0,34807.00588428406,2.0625,combined,,
10.0,30.0,34807.00588428406,2.125,arca,,
10.0,30.0,34807.00588428406,2.125,orca,,
10.0,30.0,34807.00588428406,2.125,combined,,
10.0,30.0,34807.00588428406,2.1875,arca,,
10.0,30.0,34807.00588428406,2.1875,orca,,
10.0,30.0,34807.00588428406,2.1875,combined,,
10.0,30.0,34807.00588428406,2.25,arca,,
10.0,30.0,34807.00588428406,2.25,orca,,
10.0,30.0,34807.00588428406,2.25,combined,,
10.0,30.0,34807.00588428406,2.3125,arca,,
10.0,30.0,34807.00588428406,2.3125,orca,,
10.0,30.0,34807.00588428406,2.3125,combined,,
10.0,30.0,34807.00588428406,2.375,arca,,
10.0,30.0,34807.00588428406,2.375,orca,,
10.0,30.0,34807.00588428406,2.375,combined,,
10.0,30.0,34807.00588428406,2.4375,arca,,
10.0,30.0,34807.00588428406,2.4375,orca,,
10.0,30.0,34807.00588428406,2.4375,combined,,
10.0,30.0,34807.00588428406,2.5,arca,,
10.0,30.0,34807.00588428406,2.5,orca,,
10.0,30.0,34807.00588428406,2.5,combined,,
10.0,30.0,34807.00588428406,2.5625,arca,,
10.0,30.0,34807.00588428406,2.5625,orca,,
10.0,30.0,34807.00588428406,2.5625,combined,,
10.0,30.0,34807.00588428406,2.625,arca,,
10.0,30.0,34807.00588428406,2.625,orca,4291.737589430114,0.0
10.0,30.0,34807.00588428406,2.625,combined,,
10.0,30.0,34807.00588428406,2.6875,arca,195484.20124055358,0.0
10.0,30.0,34807.00588428406,2.6875,orca,2701.459445111899,0.0
10.0,30.0,34807.00588428406,2.6875,combined,194075.36006428543,0.0
10.0,30.0,34807.00588428406,2.75,arca,67662.97012143763,0.0
10.0,30.0,34807.00588428406,2.75,orca,1521.5495731552703,0.0
10.0,30.0,34807.00588428406,2.75,combined,66830.23443911839,0.0
10.0,30.0,34807.00588428406,2.8125,arca,23733.664150419118,0.0
10.0,30.0,34807.00588428406,2.8125,orca,1234.642685648109,0.0
10.0,30.0,34807.00588428406,2.8125,combined,24504.544246880876,0.0
10.0,30.0,34807.00588428406,2.875,arca,8564.259844600667,0.0
10.0,30.0,34807.00588428406,2.875,orca,736.8341570875814,0.0
10.0,30.0,34807.00588428406,2.875,combined,9193.938565449405,0.0
10.0,30.0,34807.00588428406,2.9375,arca,3220.080359206312,0.0
10.0,30.0,34807.00588428406,2.9375,orca,578.1764639353071,0.0
10.0,30.0,34807.00588428406,2.9375,combined,3616.186380055875,0.0
10.0,30.0,34807.00588428406,3.0,arca,1070.7824801720838,0.0
10.0,30.0,34807.00588428406,3.0,orca,329.6404596139696,0.0
10.0,30.0,34807.00588428406,3.0,combined,1409.1435706701309,0.0
10.0,30.0,100000.0,1.5,arca,,
10.0,30.0,100000.0,1.5,orca,,
10.0,30.0,100000.0,1.5,combined,,
10.0,30.0,100000.0,1.5625,arca,,
10.0,30.0,100000.0,1.5625,orca,,
10.0,30.0,100000.0,1.5625,combined,,
10.0,30.0,100000.0,1.625,arca,,
10.0,30.0,100000.0,1.625,orca,,
10.0,30.0,100000.0,1.625,combined,,
10.0,30.0,100000.0,1.6875,arca,,
10.0,30.0,100000.0,1.6875,orca,,
10.0,30.0,100000.0,1.6875,combined,,
10.0,30.0,100000.0,1.75,arca,,
10.0,30.0,100000.0,1.75,orca,,
10.0,30.0,100000.0,1.75,combined,,
10.0,30.0,100000.0,1.8125,arca,,
10.0,30.0,100000.0,1.8125,orca,,
10.0,30.0,100000.0,1.8125,combined,,
10.0,30.0,100000.0,1.875,arca,,
10.0,30.0,100000.0,1.875,orca,,
10.0,30.0,100000.0,1.875,combined,,
10.0,30.0,100000.0,1.9375,arca,,
10.0,30.0,100000.0,1.9375,orca,,
10.0,30.0,100000.0,1.9375,combined,,
10.0,30.0,100000.0,2.0,arca,,
10.0,30.0,100000.0,2.0,orca,,
10.0,30.0,100000.0,2.0,combined,,
10.0,30.0,100000.0,2.0625,arca,,
10.0,30.0,100000.0,2.0625,orca,,
10.0,30.0,100000.0,2.0625,combined,,
10.0,30.0,100000.0,2.125,arca,,
10.0,30.0,100000.0,2.125,orca,,
10.0,30.0,100000.0,2.125,combined,,
10.0,30.0,100000.0,2.1875,arca,,
10.0,30.0,100000.0,2.1875,orca,,
10.0,30.0,100000.0,2.1875,combined,,
10.0,30.0,100000.0,2.25,arca,,
10.0,30.0,100000.0,2.25,orca,,
10.0,30.0,100000.0,2.25,combined,,
10.0,30.0,100000.0,2.3125,arca,,
10.0,30.0,100000.0,2.3125,orca,,
10.0,30.0,100000.0,2.3125,combined,,
10.0,30.0,100000.0,2.375,arca,,
10.0,30.0,100000.0,2.375,orca,,
10.0,30.0,100000.0,2.375,combined,,
10.0,30.0,100000.0,2.4375,arca,,
10.0,30.0,100000.0,2.4375,orca,,
10.0,30.0,100000.0,2.4375,combined,,
10.0,30.0,100000.0,2.5,arca,,
10.0,30.0,100000.0,2.5,orca,,
10.0,30.0,100000.0,2.5,combined,,
10.0,30.0,100000.0,2.5625,arca,,
10.0,30.0,100000.0,2.5625,orca,,
10.0,30.0,100000.0,2.5625,combined,,
10.0,30.0,100000.0,2.625,arca,,
10.0,30.0,100000.0,2.625,orca,,
10.0,30.0,100000.0,2.625,combined,,
10.0,30.0,100000.0,2.6875,arca,,
10.0,30.0,100000.0,2.6875,orca,,
10.0,30.0,100000.0,2.6875,combined,,
10.0,30.0,100000.0,2.75,arca,,
10.0,30.0,100000.0,2.75,orca,,
10.0,30.0,100000.0,2.75,combined,,
10.0,30.0,100000.0,2.8125,arca,198257.2796756304,0.0
10.0,30.0,100000.0,2.8125,orca,,
10.0,30.0,100000.0,2.8125,combined,,
10.0,30.0,100000.0,2.875,arca,71726.06037735847,0.0
10.0,30.0,100000.0,2.875,orca,4640.251116285441,0.0
10.0,30.0,100000.0,2.875,combined,76537.39319989683,0.0
10.0,30.0,100000.0,2.9375,arca,25583.486617425147,0.0
10.0,30.0,100000.0,2.9375,orca,3234.612532608092,0.0
10.0,30.0,100000.0,2.9375,combined,29936.42556897972,0.0
10.0,30.0,100000.0,3.0,arca,9425.96473650655,0.0
10.0,30.0,100000.0,3.0,orca,2355.4984699271126,0.0
10.0,30.0,100000.0,3.0,combined,12118.460225891558,0.0
