zenith_cut,angle,phi0,gamma,detector,mean_max_efstat,mean_max_efstat_error
0.0,30.0,1e-06,1.5,arca,62.49692022238992,0.0
0.0,30.0,1e-06,1.5,orca,57.91946380126602,0.0
0.0,30.0,1e-06,1.5,combined,59.831340164522835,0.0
0.0,30.0,1e-06,1.5625,arca,65.34610330803048,0.0
0.0,30.0,1e-06,1.5625,orca,57.91946380126602,0.0
0.0,30.0,1e-06,1.5625,combined,75.87902103104176,0.0
0.0,30.0,1e-06,1.625,arca,62.85010359605117,0.0
0.0,30.0,1e-06,1.625,orca,57.91946380126602,0.0
0.0,30.0,1e-06,1.625,combined,66.48349892456537,0.0
0.0,30.0,1e-06,1.6875,arca,70.28201042349139,0.0
0.0,30.0,1e-06,1.6875,orca,57.91946380126602,0.0
0.0,30.0,1e-06,1.6875,combined,81.62701729125767,0.0
0.0,30.0,1e-06,1.75,arca,61.4076280344764,0.0
0.0,30.0,1e-06,1.75,orca,57.91946380126602,0.0
0.0,30.0,1e-06,1.75,combined,81.62701729125767,0.0
0.0,30.0,1e-06,1.8125,arca,70.28201042349139,0.0
0.0,30.0,1e-06,1.8125,orca,57.91946380126602,0.0
0.0,30.0,1e-06,1.8125,combined,81.62701729125767,0.0
0.0,30.0,1e-06,1.875,arca,70.28201042349139,0.0
0.0,30.0,1e-06,1.875,orca,57.91946380126602,0.0
0.0,30.0,1e-06,1.875,combined,81.62701729125767,0.0
0.0,30.0,1e-06,1.9375,arca,70.28201042349139,0.0
0.0,30.0,1e-06,1.9375,orca,57.91946380126602,0.0
0.0,30.0,1e-06,1.9375,combined,81.62701729125767,0.0
0.0,30.0,1e-06,2.0,arca,70.28201042349139,0.0
0.0,30.0,1e-06,2.0,orca,57.91946380126602,0.0
0.0,30.0,1e-06,2.0,combined,81.62701729125767,0.0
0.0,30.0,1e-06,2.0625,arca,70.28201042349139,0.0
0.0,30.0,1e-06,2.0625,orca,57.91946380126602,0.0
0.0,30.0,1e-06,2.0625,combined,81.62701729125767,0.0
0.0,30.0,1e-06,2.125,arca,70.28201042349139,0.0
0.0,30.0,1e-06,2.125,orca,57.91946380126602,0.0
0.0,30.0,1e-06,2.125,combined,81.62701729125767,0.0
0.0,30.0,1e-06,2.1875,arca,70.28201042349139,0.0
0.0,30.0,1e-06,2.1875,orca,57.91946380126602,0.0
0.0,30.0,1e-06,2.1875,combined,81.62701729125767,0.0
0.0,30.0,1e-06,2.25,arca,70.28201042349139,0.0
0.0,30.0,1e-06,2.25,orca,57.91946380126602,0.0
0.0,30.0,1e-06,2.25,combined,81.62701729125767,0.0
0.0,30.0,1e-06,2.3125,arca,70.28201042349139,0.0
0.0,30.0,1e-06,2.3125,orca,57.91946380126602,0.0
0.0,30.0,1e-06,2.3125,combined,81.62701729125767,0.0
0.0,30.0,1e-06,2.375,arca,70.28201042349139,0.0
0.0,30.0,1e-06,2.375,orca,57.91946380126602,0.0
0.0,30.0,1e-06,2.375,combined,81.62701729125767,0.0
0.0,30.0,1e-06,2.4375,arca,70.28201042349139,0.0
0.0,30.0,1e-06,2.4375,orca,57.91946380126602,0.0
0.0,30.0,1e-06,2.4375,combined,81.62701729125767,0.0
0.0,30.0,1e-06,2.5,arca,70.28201042349139,0.0
0.0,30.0,1e-06,2.5,orca,57.91946380126602,0.0
0.0,30.0,1e-06,2.5,combined,81.62701729125767,0.0
0.0,30.0,1e-06,2.5625,arca,70.28201042349139,0.0
0.0,30.0,1e-06,2.5625,orca,57.91946380126602,0.0
0.0,30.0,1e-06,2.5625,combined,81.62701729125767,0.0
0.0,30.0,1e-06,2.625,arca,70.28201042349139,0.0
0.0,30.0,1e-06,2.625,orca,57.91946380126602,0.0
0.0,30.0,1e-06,2.625,combined,81.62701729125767,0.0
0.0,30.0,1e-06,2.6875,arca,70.28201042349139,0.0
0.0,30.0,1e-06,2.6875,orca,57.91946380126602,0.0
0.0,30.0,1e-06,2.6875,combined,81.62701729125767,0.0
0.0,30.0,1e-06,2.75,arca,70.28201042349139,0.0
0.0,30.0,1e-06,2.75,orca,57.91946380126602,0.0
0.0,30.0,1e-06,2.75,combined,81.62701729125767,0.0
0.0,30.0,1e-06,2.8125,arca,70.28201042349139,0.0
0.0,30.0,1e-06,2.8125,orca,57.91946380126602,0.0
0.0,30.0,1e-06,2.8125,combined,81.62701729125767,0.0
0.0,30.0,1e-06,2.875,arca,70.28201042349139,0.0
0.0,30.0,1e-06,2.875,orca,57.91946380126602,0.0
0.0,30.0,1e-06,2.875,combined,81.62701729125767,0.0
0.0,30.0,1e-06,2.9375,arca,70.28201042349139,0.0
0.0,30.0,1e-06,2.9375,orca,57.91946380126602,0.0
0.0,30.0,1e-06,2.9375,combined,81.62701729125767,0.0
0.0,30.0,1e-06,3.0,arca,70.28201042349139,0.0
0.0,30.0,1e-06,3.0,orca,57.91946380126602,0.0
0.0,30.0,1e-06,3.0,combined,81.62701729125767,0.0
0.0,30.0,2.8729848333536627e-06,1.5,arca,60.15287260451454,0.0
0.0,30.0,2.8729848333536627e-06,1.5,orca,57.91946380126602,0.0
0.0,30.0,2.8729848333536627e-06,1.5,combined,67.94084799170358,0.0
0.0,30.0,2.8729848333536627e-06,1.5625,arca,61.891707445669184,0.0
0.0,30.0,2.8729848333536627e-06,1.5625,orca,57.91946380126602,0.0
0.0,30.0,2.8729848333536627e-06,1.5625,combined,86.63233516067399,0.0
0.0,30.0,2.8729848333536627e-06,1.625,arca,72.62408832429477,0.0
0.0,30.0,2.8729848333536627e-06,1.625,orca,57.91946380126602,0.0
0.0,30.0,2.8729848333536627e-06,1.625,combined,64.10433154625139,0.0
0.0,30.0,2.8729848333536627e-06,1.6875,arca,70.28201042349139,0.0
0.0,30.0,2.8729848333536627e-06,1.6875,orca,57.91946380126602,0.0
0.0,30.0,2.8729848333536627e-06,1.6875,combined,81.62701729125767,0.0
0.0,30.0,2.8729848333536627e-06,1.75,arca,70.28201042349139,0.0
0.0,30.0,2.8729848333536627e-06,1.75,orca,57.91946380126602,0.0
0.0,30.0,2.8729848333536627e-06,1.75,combined,81.62701729125767,0.0
0.0,30.0,2.8729848333536627e-06,1.8125,arca,64.38459106551842,0.0
0.0,30.0,2.8729848333536627e-06,1.8125,orca,57.91946380126602,0.0
0.0,30.0,2.8729848333536627e-06,1.8125,combined,81.62701729125767,0.0
0.0,30.0,2.8729848333536627e-06,1.875,arca,70.28201042349139,0.0
0.0,30.0,2.8729848333536627e-06,1.875,orca,57.91946380126602,0.0
0.0,30.0,2.8729848333536627e-06,1.875,combined,81.62701729125767,0.0
0.0,30.0,2.8729848333536627e-06,1.9375,arca,70.28201042349139,0.0
0.0,30.0,2.8729848333536627e-06,1.9375,orca,57.91946380126602,0.0
0.0,30.0,2.8729848333536627e-06,1.9375,combined,81.62701729125767,0.0
0.0,30.0,2.8729848333536627e-06,2.0,arca,70.28201042349139,0.0
0.0,30.0,2.8729848333536627e-06,2.0,orca,57.91946380126602,0.0
0.0,30.0,2.8729848333536627e-06,2.0,combined,81.62701729125767,0.0
0.0,30.0,2.8729848333536627e-06,2.0625,arca,70.28201042349139,0.0
0.0,30.0,2.8729848333536627e-06,2.0625,orca,57.91946380126602,0.0
0.0,30.0,2.8729848333536627e-06,2.0625,combined,81.62701729125767,0.0
0.0,30.0,2.8729848333536627e-06,2.125,arca,70.28201042349139,0.0
0.0,30.0,2.8729848333536627e-06,2.125,orca,57.91946380126602,0.0
0.0,30.0,2.8729848333536627e-06,2.125,combined,81.62701729125767,0.0
0.0,30.0,2.8729848333536627e-06,2.1875,arca,70.28201042349139,0.0
0.0,30.0,2.8729848333536627e-06,2.1875,orca,57.91946380126602,0.0
0.0,30.0,2.8729848333536627e-06,2.1875,combined,81.62701729125767,0.0
0.0,30.0,2.8729848333536627e-06,2.25,arca,70.28201042349139,0.0
0.0,30.0,2.8729848333536627e-06,2.25,orca,57.91946380126602,0.0
0.0,30.0,2.8729848333536627e-06,2.25,combined,81.62701729125767,0.0
0.0,30.0,2.8729848333536627e-06,2.3125,arca,70.28201042349139,0.0
0.0,30.0,2.8729848333536627e-06,2.3125,orca,57.91946380126602,0.0
0.0,30.0,2.8729848333536627e-06,2.3125,combined,81.62701729125767,0.0
0.0,30.0,2.8729848333536627e-06,2.375,arca,70.28201042349139,0.0
0.0,30.0,2.8729848333536627e-06,2.375,orca,57.91946380126602,0.0
0.0,30.0,2.8729848333536627e-06,2.375,combined,81.62701729125767,0.0
0.0,30.0,2.8729848333536627e-06,2.4375,arca,70.28201042349139,0.0
0.0,30.0,2.8729848333536627e-06,2.4375,orca,57.91946380126602,0.0
0.0,30.0,2.8729848333536627e-06,2.4375,combined,81.62701729125767,0.0
0.0,30.0,2.8729848333536627e-06,2.5,arca,70.28201042349139,0.0
0.0,30.0,2.8729848333536627e-06,2.5,orca,57.91946380126602,0.0
0.0,30.0,2.8729848333536627e-06,2.5,combined,81.62701729125767,0.0
0.0,30.0,2.8729848333536627e-06,2.5625,arca,70.28201042349139,0.0
0.0,30.0,2.8729848333536627e-06,2.5625,orca,57.91946380126602,0.0
0.0,30.0,2.8729848333536627e-06,2.5625,combined,81.62701729125767,0.0
0.0,30.0,2.8729848333536627e-06,2.625,arca,70.28201042349139,0.0
0.0,30.0,2.8729848333536627e-06,2.625,orca,57.91946380126602,0.0
0.0,30.0,2.8729848333536627e-06,2.625,combined,81.62701729125767,0.0
0.0,30.0,2.8729848333536627e-06,2.6875,arca,70.28201042349139,0.0
0.0,30.0,2.8729848333536627e-06,2.6875,orca,57.91946380126602,0.0
0.0,30.0,2.8729848333536627e-06,2.6875,combined,81.62701729125767,0.0
0.0,30.0,2.8729848333536627e-06,2.75,arca,70.28201042349139,0.0
0.0,30.0,2.8729848333536627e-06,2.75,orca,57.91946380126602,0.0
0.0,30.0,2.8729848333536627e-06,2.75,combined,81.62701729125767,0.0
0.0,30.0,2.8729848333536627e-06,2.8125,arca,70.28201042349139,0.0
0.0,30.0,2.8729848333536627e-06,2.8125,orca,57.91946380126602,0.0
0.0,30.0,2.8729848333536627e-06,2.8125,combined,81.62701729125767,0.0
0.0,30.0,2.8729848333536627e-06,2.875,arca,70.28201042349139,0.0
0.0,30.0,2.8729848333536627e-06,2.875,orca,57.91946380126602,0.0
0.0,30.0,2.8729848333536627e-06,2.875,combined,81.62701729125767,0.0
0.0,30.0,2.8729848333536627e-06,2.9375,arca,70.28201042349139,0.0
0.0,30.0,2.8729848333536627e-06,2.9375,orca,57.91946380126602,0.0
0.0,30.0,2.8729848333536627e-06,2.9375,combined,81.62701729125767,0.0
0.0,30.0,2.8729848333536627e-06,3.0,arca,70.28201042349139,0.0
0.0,30.0,2.8729848333536627e-06,3.0,orca,57.91946380126602,0.0
0.0,30.0,2.8729848333536627e-06,3.0,combined,81.62701729125767,0.0
0.0,30.0,8.254041852680188e-06,1.5,arca,58.776231199847025,0.0
0.0,30.0,8.254041852680188e-06,1.5,orca,57.91946380126602,0.0
0.0,30.0,8.254041852680188e-06,1.5,combined,57.46886065632453,0.0
0.0,30.0,8.254041852680188e-06,1.5625,arca,60.322317425492734,0.0
0.0,30.0,8.254041852680188e-06,1.5625,orca,57.91946380126602,0.0
0.0,30.0,8.254041852680188e-06,1.5625,combined,75.44670593397242,0.0
0.0,30.0,8.254041852680188e-06,1.625,arca,58.51927993463536,0.0
0.0,30.0,8.254041852680188e-06,1.625,orca,57.91946380126602,0.0
0.0,30.0,8.254041852680188e-06,1.625,combined,61.45100959594885,0.0
0.0,30.0,8.254041852680188e-06,1.6875,arca,67.69781802125964,0.0
0.0,30.0,8.254041852680188e-06,1.6875,orca,57.91946380126602,0.0
0.0,30.0,8.254041852680188e-06,1.6875,combined,87.16729383251484,0.0
0.0,30.0,8.254041852680188e-06,1.75,arca,70.28201042349139,0.0
0.0,30.0,8.254041852680188e-06,1.75,orca,56.11071459160076,0.0
0.0,30.0,8.254041852680188e-06,1.75,combined,76.71488855111129,0.0
0.0,30.0,8.254041852680188e-06,1.8125,arca,70.28201042349139,0.0
0.0,30.0,8.254041852680188e-06,1.8125,orca,57.91946380126602,0.0
0.0,30.0,8.254041852680188e-06,1.8125,combined,81.62701729125767,0.0
0.0,30.0,8.254041852680188e-06,1.875,arca,70.28201042349139,0.0
0.0,30.0,8.254041852680188e-06,1.875,orca,57.91946380126602,0.0
0.0,30.0,8.254041852680188e-06,1.875,combined,81.62701729125767,0.0
0.0,30.0,8.254041852680188e-06,1.9375,arca,70.28201042349139,0.0
0.0,30.0,8.254041852680188e-06,1.9375,orca,57.91946380126602,0.0
0.0,30.0,8.254041852680188e-06,1.9375,combined,81.60700471798359,0.0
0.0,30.0,8.254041852680188e-06,2.0,arca,70.28201042349139,0.0
0.0,30.0,8.254041852680188e-06,2.0,orca,57.91946380126602,0.0
0.0,30.0,8.254041852680188e-06,2.0,combined,75.6543785903697,0.0
0.0,30.0,8.254041852680188e-06,2.0625,arca,70.28201042349139,0.0
0.0,30.0,8.254041852680188e-06,2.0625,orca,57.91946380126602,0.0
0.0,30.0,8.254041852680188e-06,2.0625,combined,81.62701729125767,0.0
0.0,30.0,8.254041852680188e-06,2.125,arca,70.28201042349139,0.0
0.0,30.0,8.254041852680188e-06,2.125,orca,57.91946380126602,0.0
0.0,30.0,8.254041852680188e-06,2.125,combined,81.62701729125767,0.0
0.0,30.0,8.254041852680188e-06,2.1875,arca,70.28201042349139,0.0
0.0,30.0,8.254041852680188e-06,2.1875,orca,57.91946380126602,0.0
0.0,30.0,8.254041852680188e-06,2.1875,combined,81.62701729125767,0.0
0.0,30.0,8.254041852680188e-06,2.25,arca,70.28201042349139,0.0
0.0,30.0,8.254041852680188e-06,2.25,orca,57.91946380126602,0.0
0.0,30.0,8.254041852680188e-06,2.25,combined,81.62701729125767,0.0
0.0,30.0,8.254041852680188e-06,2.3125,arca,70.28201042349139,0.0
0.0,30.0,8.254041852680188e-06,2.3125,orca,57.91946380126602,0.0
0.0,30.0,8.254041852680188e-06,2.3125,combined,81.62701729125767,0.0
0.0,30.0,8.254041852680188e-06,2.375,arca,70.28201042349139,0.0
0.0,30.0,8.254041852680188e-06,2.375,orca,57.91946380126602,0.0
0.0,30.0,8.254041852680188e-06,2.375,combined,81.62701729125767,0.0
0.0,30.0,8.254041852680188e-06,2.4375,arca,70.28201042349139,0.0
0.0,30.0,8.254041852680188e-06,2.4375,orca,57.91946380126602,0.0
0.0,30.0,8.254041852680188e-06,2.4375,combined,81.62701729125767,0.0
0.0,30.0,8.254041852680188e-06,2.5,arca,70.28201042349139,0.0
0.0,30.0,8.254041852680188e-06,2.5,orca,57.91946380126602,0.0
0.0,30.0,8.254041852680188e-06,2.5,combined,81.62701729125767,0.0
0.0,30.0,8.254041852680188e-06,2.5625,arca,70.28201042349139,0.0
0.0,30.0,8.254041852680188e-06,2.5625,orca,57.91946380126602,0.0
0.0,30.0,8.254041852680188e-06,2.5625,combined,81.62701729125767,0.0
0.0,30.0,8.254041852680188e-06,2.625,arca,70.28201042349139,0.0
0.0,30.0,8.254041852680188e-06,2.625,orca,57.91946380126602,0.0
0.0,30.0,8.254041852680188e-06,2.625,combined,81.62701729125767,0.0
0.0,30.0,8.254041852680188e-06,2.6875,arca,70.28201042349139,0.0
0.0,30.0,8.254041852680188e-06,2.6875,orca,57.91946380126602,0.0
0.0,30.0,8.254041852680188e-06,2.6875,combined,81.62701729125767,0.0
0.0,30.0,8.254041852680188e-06,2.75,arca,70.28201042349139,0.0
0.0,30.0,8.254041852680188e-06,2.75,orca,57.91946380126602,0.0
0.0,30.0,8.254041852680188e-06,2.75,combined,81.62701729125767,0.0
0.0,30.0,8.254041852680188e-06,2.8125,arca,70.28201042349139,0.0
0.0,30.0,8.254041852680188e-06,2.8125,orca,57.91946380126602,0.0
0.0,30.0,8.254041852680188e-06,2.8125,combined,81.62701729125767,0.0
0.0,30.0,8.254041852680188e-06,2.875,arca,70.28201042349139,0.0
0.0,30.0,8.254041852680188e-06,2.875,orca,57.91946380126602,0.0
0.0,30.0,8.254041852680188e-06,2.875,combined,81.62701729125767,0.0
0.0,30.0,8.254041852680188e-06,2.9375,arca,70.28201042349139,0.0
0.0,30.0,8.254041852680188e-06,2.9375,orca,57.91946380126602,0.0
0.0,30.0,8.254041852680188e-06,2.9375,combined,81.62701729125767,0.0
0.0,30.0,8.254041852680188e-06,3.0,arca,70.28201042349139,0.0
0.0,30.0,8.254041852680188e-06,3.0,orca,57.91946380126602,0.0
0.0,30.0,8.254041852680188e-06,3.0,combined,81.62701729125767,0.0
0.0,30.0,2.371373705661655e-05,1.5,arca,63.35592141917576,0.0
0.0,30.0,2.371373705661655e-05,1.5,orca,57.91946380126602,0.0
0.0,30.0,2.371373705661655e-05,1.5,combined,63.92032003915373,0.0
0.0,30.0,2.371373705661655e-05,1.5625,arca,67.40251078854453,0.0
0.0,30.0,2.371373705661655e-05,1.5625,orca,57.91946380126602,0.0
0.0,30.0,2.371373705661655e-05,1.5625,combined,72.66215662810797,0.0
0.0,30.0,2.371373705661655e-05,1.625,arca,55.378788278426924,0.0
0.0,30.0,2.371373705661655e-05,1.625,orca,57.91946380126602,0.0
0.0,30.0,2.371373705661655e-05,1.625,combined,60.766260362615064,0.0
0.0,30.0,2.371373705661655e-05,1.6875,arca,63.538005373065445,0.0
0.0,30.0,2.371373705661655e-05,1.6875,orca,57.91946380126602,0.0
0.0,30.0,2.371373705661655e-05,1.6875,combined,67.7437986196992,0.0
0.0,30.0,2.371373705661655e-05,1.75,arca,70.28201042349139,0.0
0.0,30.0,2.371373705661655e-05,1.75,orca,57.91946380126602,0.0
0.0,30.0,2.371373705661655e-05,1.75,combined,81.62701729125767,0.0
0.0,30.0,2.371373705661655e-05,1.8125,arca,70.28201042349139,0.0
0.0,30.0,2.371373705661655e-05,1.8125,orca,57.91946380126602,0.0
0.0,30.0,2.371373705661655e-05,1.8125,combined,89.99991496237087,0.0
0.0,30.0,2.371373705661655e-05,1.875,arca,63.95303482259101,0.0
0.0,30.0,2.371373705661655e-05,1.875,orca,57.91946380126602,0.0
0.0,30.0,2.371373705661655e-05,1.875,combined,73.96577869942043,0.0
0.0,30.0,2.371373705661655e-05,1.9375,arca,66.4956661485365,0.0
0.0,30.0,2.371373705661655e-05,1.9375,orca,57.91946380126602,0.0
0.0,30.0,2.371373705661655e-05,1.9375,combined,81.62701729125767,0.0
0.0,30.0,2.371373705661655e-05,2.0,arca,70.28201042349139,0.0
0.0,30.0,2.371373705661655e-05,2.0,orca,57.91946380126602,0.0
0.0,30.0,2.371373705661655e-05,2.0,combined,81.62701729125767,0.0
0.0,30.0,2.371373705661655e-05,2.0625,arca,70.28201042349139,0.0
0.0,30.0,2.371373705661655e-05,2.0625,orca,57.91946380126602,0.0
0.0,30.0,2.371373705661655e-05,2.0625,combined,81.62701729125767,0.0
0.0,30.0,2.371373705661655e-05,2.125,arca,70.28201042349139,0.0
0.0,30.0,2.371373705661655e-05,2.125,orca,57.91946380126602,0.0
0.0,30.0,2.371373705661655e-05,2.125,combined,68.46858308141839,0.0
0.0,30.0,2.371373705661655e-05,2.1875,arca,70.28201042349139,0.0
0.0,30.0,2.371373705661655e-05,2.1875,orca,57.91946380126602,0.0
0.0,30.0,2.371373705661655e-05,2.1875,combined,81.62701729125767,0.0
0.0,30.0,2.371373705661655e-05,2.25,arca,70.28201042349139,0.0
0.0,30.0,2.371373705661655e-05,2.25,orca,57.91946380126602,0.0
0.0,30.0,2.371373705661655e-05,2.25,combined,81.62701729125767,0.0
0.0,30.0,2.371373705661655e-05,2.3125,arca,70.28201042349139,0.0
0.0,30.0,2.371373705661655e-05,2.3125,orca,57.91946380126602,0.0
0.0,30.0,2.371373705661655e-05,2.3125,combined,81.62701729125767,0.0
0.0,30.0,2.371373705661655e-05,2.375,arca,70.28201042349139,0.0
0.0,30.0,2.371373705661655e-05,2.375,orca,57.91946380126602,0.0
0.0,30.0,2.371373705661655e-05,2.375,combined,81.62701729125767,0.0
0.0,30.0,2.371373705661655e-05,2.4375,arca,70.28201042349139,0.0
0.0,30.0,2.371373705661655e-05,2.4375,orca,57.91946380126602,0.0
0.0,30.0,2.371373705661655e-05,2.4375,combined,81.62701729125767,0.0
0.0,30.0,2.371373705661655e-05,2.5,arca,70.28201042349139,0.0
0.0,30.0,2.371373705661655e-05,2.5,orca,57.91946380126602,0.0
0.0,30.0,2.371373705661655e-05,2.5,combined,81.62701729125767,0.0
0.0,30.0,2.371373705661655e-05,2.5625,arca,70.28201042349139,0.0
0.0,30.0,2.371373705661655e-05,2.5625,orca,57.91946380126602,0.0
0.0,30.0,2.371373705661655e-05,2.5625,combined,81.62701729125767,0.0
0.0,30.0,2.371373705661655e-05,2.625,arca,70.28201042349139,0.0
0.0,30.0,2.371373705661655e-05,2.625,orca,57.91946380126602,0.0
0.0,30.0,2.371373705661655e-05,2.625,combined,81.62701729125767,0.0
0.0,30.0,2.371373705661655e-05,2.6875,arca,70.28201042349139,0.0
0.0,30.0,2.371373705661655e-05,2.6875,orca,57.91946380126602,0.0
0.0,30.0,2.371373705661655e-05,2.6875,combined,81.62701729125767,0.0
0.0,30.0,2.371373705661655e-05,2.75,arca,70.28201042349139,0.0
0.0,30.0,2.371373705661655e-05,2.75,orca,57.91946380126602,0.0
0.0,30.0,2.371373705661655e-05,2.75,combined,81.62701729125767,0.0
0.0,30.0,2.371373705661655e-05,2.8125,arca,70.28201042349139,0.0
0.0,30.0,2.371373705661655e-05,2.8125,orca,57.91946380126602,0.0
0.0,30.0,2.371373705661655e-05,2.8125,combined,81.62701729125767,0.0
0.0,30.0,2.371373705661655e-05,2.875,arca,70.28201042349139,0.0
0.0,30.0,2.371373705661655e-05,2.875,orca,57.91946380126602,0.0
0.0,30.0,2.371373705661655e-05,2.875,combined,81.62701729125767,0.0
0.0,30.0,2.371373705661655e-05,2.9375,arca,70.28201042349139,0.0
0.0,30.0,2.371373705661655e-05,2.9375,orca,57.91946380126602,0.0
0.0,30.0,2.371373705661655e-05,2.9375,combined,81.62701729125767,0.0
0.0,30.0,2.371373705661655e-05,3.0,arca,70.28201042349139,0.0
0.0,30.0,2.371373705661655e-05,3.0,orca,57.91946380126602,0.0
0.0,30.0,2.371373705661655e-05,3.0,combined,81.62701729125767,0.0
0.0,30.0,6.812920690579608e-05,1.5,arca,57.76228694657218,0.0
0.0,30.0,6.812920690579608e-05,1.5,orca,61.70963133715361,0.0
0.0,30.0,6.812920690579608e-05,1.5,combined,55.75674236013816,0.0
0.0,30.0,6.812920690579608e-05,1.5625,arca,54.3774210031813,0.0
0.0,30.0,6.812920690579608e-05,1.5625,orca,57.91946380126602,0.0
0.0,30.0,6.812920690579608e-05,1.5625,combined,64.17519709233929,0.0
0.0,30.0,6.812920690579608e-05,1.625,arca,62.40539934511423,0.0
0.0,30.0,6.812920690579608e-05,1.625,orca,57.91946380126602,0.0
0.0,30.0,6.812920690579608e-05,1.625,combined,58.620637474568824,0.0
0.0,30.0,6.812920690579608e-05,1.6875,arca,57.37819735246032,0.0
0.0,30.0,6.812920690579608e-05,1.6875,orca,57.91946380126602,0.0
0.0,30.0,6.812920690579608e-05,1.6875,combined,60.51939333003506,0.0
0.0,30.0,6.812920690579608e-05,1.75,arca,57.732304347109874,0.0
0.0,30.0,6.812920690579608e-05,1.75,orca,57.91946380126602,0.0
0.0,30.0,6.812920690579608e-05,1.75,combined,55.55263920766589,0.0
0.0,30.0,6.812920690579608e-05,1.8125,arca,56.52955945830176,0.0
0.0,30.0,6.812920690579608e-05,1.8125,orca,57.91946380126602,0.0
0.0,30.0,6.812920690579608e-05,1.8125,combined,65.89667049368543,0.0
0.0,30.0,6.812920690579608e-05,1.875,arca,58.27202615585408,0.0
0.0,30.0,6.812920690579608e-05,1.875,orca,57.91946380126602,0.0
0.0,30.0,6.812920690579608e-05,1.875,combined,60.27883257492546,0.0
0.0,30.0,6.812920690579608e-05,1.9375,arca,70.28201042349139,0.0
0.0,30.0,6.812920690579608e-05,1.9375,orca,57.91946380126602,0.0
0.0,30.0,6.812920690579608e-05,1.9375,combined,66.1066571762399,0.0
0.0,30.0,6.812920690579608e-05,2.0,arca,63.36104406694831,0.0
0.0,30.0,6.812920690579608e-05,2.0,orca,57.91946380126602,0.0
0.0,30.0,6.812920690579608e-05,2.0,combined,81.62701729125767,0.0
0.0,30.0,6.812920690579608e-05,2.0625,arca,62.37195445307791,0.0
0.0,30.0,6.812920690579608e-05,2.0625,orca,57.91946380126602,0.0
0.0,30.0,6.812920690579608e-05,2.0625,combined,81.62701729125767,0.0
0.0,30.0,6.812920690579608e-05,2.125,arca,70.28201042349139,0.0
0.0,30.0,6.812920690579608e-05,2.125,orca,57.91946380126602,0.0
0.0,30.0,6.812920690579608e-05,2.125,combined,81.62701729125767,0.0
0.0,30.0,6.812920690579608e-05,2.1875,arca,70.28201042349139,0.0
0.0,30.0,6.812920690579608e-05,2.1875,orca,57.91946380126602,0.0
0.0,30.0,6.812920690579608e-05,2.1875,combined,81.62701729125767,0.0
0.0,30.0,6.812920690579608e-05,2.25,arca,70.28201042349139,0.0
0.0,30.0,6.812920690579608e-05,2.25,orca,57.91946380126602,0.0
0.0,30.0,6.812920690579608e-05,2.25,combined,81.62701729125767,0.0
0.0,30.0,6.812920690579608e-05,2.3125,arca,70.28201042349139,0.0
0.0,30.0,6.812920690579608e-05,2.3125,orca,57.91946380126602,0.0
0.0,30.0,6.812920690579608e-05,2.3125,combined,81.62701729125767,0.0
0.0,30.0,6.812920690579608e-05,2.375,arca,70.28201042349139,0.0
0.0,30.0,6.812920690579608e-05,2.375,orca,57.91946380126602,0.0
0.0,30.0,6.812920690579608e-05,2.375,combined,81.62701729125767,0.0
0.0,30.0,6.812920690579608e-05,2.4375,arca,70.28201042349139,0.0
0.0,30.0,6.812920690579608e-05,2.4375,orca,57.91946380126602,0.0
0.0,30.0,6.812920690579608e-05,2.4375,combined,81.62701729125767,0.0
0.0,30.0,6.812920690579608e-05,2.5,arca,70.28201042349139,0.0
0.0,30.0,6.812920690579608e-05,2.5,orca,57.91946380126602,0.0
0.0,30.0,6.812920690579608e-05,2.5,combined,81.62701729125767,0.0
0.0,30.0,6.812920690579608e-05,2.5625,arca,70.28201042349139,0.0
0.0,30.0,6.812920690579608e-05,2.5625,orca,57.91946380126602,0.0
0.0,30.0,6.812920690579608e-05,2.5625,combined,81.62701729125767,0.0
0.0,30.0,6.812920690579608e-05,2.625,arca,70.28201042349139,0.0
0.0,30.0,6.812920690579608e-05,2.625,orca,57.91946380126602,0.0
0.0,30.0,6.812920690579608e-05,2.625,combined,81.62701729125767,0.0
0.0,30.0,6.812920690579608e-05,2.6875,arca,70.28201042349139,0.0
0.0,30.0,6.812920690579608e-05,2.6875,orca,57.91946380126602,0.0
0.0,30.0,6.812920690579608e-05,2.6875,combined,81.62701729125767,0.0
0.0,30.0,6.812920690579608e-05,2.75,arca,70.28201042349139,0.0
0.0,30.0,6.812920690579608e-05,2.75,orca,57.91946380126602,0.0
0.0,30.0,6.812920690579608e-05,2.75,combined,81.62701729125767,0.0
0.0,30.0,6.812920690579608e-05,2.8125,arca,70.28201042349139,0.0
0.0,30.0,6.812920690579608e-05,2.8125,orca,57.91946380126602,0.0
0.0,30.0,6.812920690579608e-05,2.8125,combined,81.62701729125767,0.0
0.0,30.0,6.812920690579608e-05,2.875,arca,70.28201042349139,0.0
0.0,30.0,6.812920690579608e-05,2.875,orca,57.91946380126602,0.0
0.0,30.0,6.812920690579608e-05,2.875,combined,81.62701729125767,0.0
0.0,30.0,6.812920690579608e-05,2.9375,arca,70.28201042349139,0.0
0.0,30.0,6.812920690579608e-05,2.9375,orca,57.91946380126602,0.0
0.0,30.0,6.812920690579608e-05,2.9375,combined,81.62701729125767,0.0
0.0,30.0,6.812920690579608e-05,3.0,arca,70.28201042349139,0.0
0.0,30.0,6.812920690579608e-05,3.0,orca,57.91946380126602,0.0
0.0,30.0,6.812920690579608e-05,3.0,combined,81.62701729125767,0.0
0.0,30.0,0.00019573417814876596,1.5,arca,57.05651915847788,0.0
0.0,30.0,0.00019573417814876596,1.5,orca,57.15114127082048,0.0
0.0,30.0,0.00019573417814876596,1.5,combined,65.83373057726325,0.0
0.0,30.0,0.00019573417814876596,1.5625,arca,57.23760280161186,0.0
0.0,30.0,0.00019573417814876596,1.5625,orca,58.754095284829766,0.0
0.0,30.0,0.00019573417814876596,1.5625,combined,58.92544145457252,0.0
0.0,30.0,0.00019573417814876596,1.625,arca,59.3326738549807,0.0
0.0,30.0,0.00019573417814876596,1.625,orca,57.91946380126602,0.0
0.0,30.0,0.00019573417814876596,1.625,combined,58.692097397002364,0.0
0.0,30.0,0.00019573417814876596,1.6875,arca,68.66851203998931,0.0
0.0,30.0,0.00019573417814876596,1.6875,orca,57.91946380126602,0.0
0.0,30.0,0.00019573417814876596,1.6875,combined,60.28468655835193,0.0
0.0,30.0,0.00019573417814876596,1.75,arca,56.784873561702554,0.0
0.0,30.0,0.00019573417814876596,1.75,orca,57.91946380126602,0.0
0.0,30.0,0.00019573417814876596,1.75,combined,59.486117145009715,0.0
0.0,30.0,0.00019573417814876596,1.8125,arca,62.33987048784669,0.0
0.0,30.0,0.00019573417814876596,1.8125,orca,57.91946380126602,0.0
0.0,30.0,0.00019573417814876596,1.8125,combined,59.19558195241653,0.0
0.0,30.0,0.00019573417814876596,1.875,arca,63.92491827480755,0.0
0.0,30.0,0.00019573417814876596,1.875,orca,57.91946380126602,0.0
0.0,30.0,0.00019573417814876596,1.875,combined,74.9923715455993,0.0
0.0,30.0,0.00019573417814876596,1.9375,arca,56.95848907346979,0.0
0.0,30.0,0.00019573417814876596,1.9375,orca,57.91946380126602,0.0
0.0,30.0,0.00019573417814876596,1.9375,combined,66.62085280342781,0.0
0.0,30.0,0.00019573417814876596,2.0,arca,70.28201042349139,0.0
0.0,30.0,0.00019573417814876596,2.0,orca,57.91946380126602,0.0
0.0,30.0,0.00019573417814876596,2.0,combined,61.234903450677834,0.0
0.0,30.0,0.00019573417814876596,2.0625,arca,70.28201042349139,0.0
0.0,30.0,0.00019573417814876596,2.0625,orca,57.91946380126602,0.0
0.0,30.0,0.00019573417814876596,2.0625,combined,81.62701729125767,0.0
0.0,30.0,0.00019573417814876596,2.125,arca,70.28201042349139,0.0
0.0,30.0,0.00019573417814876596,2.125,orca,57.91946380126602,0.0
0.0,30.0,0.00019573417814876596,2.125,combined,81.62701729125767,0.0
0.0,30.0,0.00019573417814876596,2.1875,arca,70.28201042349139,0.0
0.0,30.0,0.00019573417814876596,2.1875,orca,57.91946380126602,0.0
0.0,30.0,0.00019573417814876596,2.1875,combined,74.08620213060027,0.0
0.0,30.0,0.00019573417814876596,2.25,arca,72.0942398551321,0.0
0.0,30.0,0.00019573417814876596,2.25,orca,57.91946380126602,0.0
0.0,30.0,0.00019573417814876596,2.25,combined,81.62701729125767,0.0
0.0,30.0,0.00019573417814876596,2.3125,arca,69.07504716375453,0.0
0.0,30.0,0.00019573417814876596,2.3125,orca,57.91946380126602,0.0
0.0,30.0,0.00019573417814876596,2.3125,combined,81.62701729125767,0.0
0.0,30.0,0.00019573417814876596,2.375,arca,70.28201042349139,0.0
0.0,30.0,0.00019573417814876596,2.375,orca,57.91946380126602,0.0
0.0,30.0,0.00019573417814876596,2.375,combined,81.62701729125767,0.0
0.0,30.0,0.00019573417814876596,2.4375,arca,70.28201042349139,0.0
0.0,30.0,0.00019573417814876596,2.4375,orca,57.91946380126602,0.0
0.0,30.0,0.00019573417814876596,2.4375,combined,81.62701729125767,0.0
0.0,30.0,0.00019573417814876596,2.5,arca,70.28201042349139,0.0
0.0,30.0,0.00019573417814876596,2.5,orca,57.91946380126602,0.0
0.0,30.0,0.00019573417814876596,2.5,combined,81.62701729125767,0.0
0.0,30.0,0.00019573417814876596,2.5625,arca,70.28201042349139,0.0
0.0,30.0,0.00019573417814876596,2.5625,orca,57.91946380126602,0.0
0.0,30.0,0.00019573417814876596,2.5625,combined,81.62701729125767,0.0
0.0,30.0,0.00019573417814876596,2.625,arca,70.28201042349139,0.0
0.0,30.0,0.00019573417814876596,2.625,orca,57.91946380126602,0.0
0.0,30.0,0.00019573417814876596,2.625,combined,81.62701729125767,0.0
0.0,30.0,0.00019573417814876596,2.6875,arca,70.28201042349139,0.0
0.0,30.0,0.00019573417814876596,2.6875,orca,57.91946380126602,0.0
0.0,30.0,0.00019573417814876596,2.6875,combined,81.62701729125767,0.0
0.0,30.0,0.00019573417814876596,2.75,arca,70.28201042349139,0.0
0.0,30.0,0.00019573417814876596,2.75,orca,57.91946380126602,0.0
0.0,30.0,0.00019573417814876596,2.75,combined,81.62701729125767,0.0
0.0,30.0,0.00019573417814876596,2.8125,arca,70.28201042349139,0.0
0.0,30.0,0.00019573417814876596,2.8125,orca,57.91946380126602,0.0
0.0,30.0,0.00019573417814876596,2.8125,combined,81.62701729125767,0.0
0.0,30.0,0.00019573417814876596,2.875,arca,70.28201042349139,0.0
0.0,30.0,0.00019573417814876596,2.875,orca,57.91946380126602,0.0
0.0,30.0,0.00019573417814876596,2.875,combined,81.62701729125767,0.0
0.0,30.0,0.00019573417814876596,2.9375,arca,70.28201042349139,0.0
0.0,30.0,0.00019573417814876596,2.9375,orca,57.91946380126602,0.0
0.0,30.0,0.00019573417814876596,2.9375,combined,81.62701729125767,0.0
0.0,30.0,0.00019573417814876596,3.0,arca,70.28201042349139,0.0
0.0,30.0,0.00019573417814876596,3.0,orca,57.91946380126602,0.0
0.0,30.0,0.00019573417814876596,3.0,combined,81.62701729125767,0.0
0.0,30.0,0.000562341325190349,1.5,arca,73.40818224388443,0.0
0.0,30.0,0.000562341325190349,1.5,orca,60.50563934303984,0.0
0.0,30.0,0.000562341325190349,1.5,combined,53.43905695998528,0.0
0.0,30.0,0.000562341325190349,1.5625,arca,61.8747341311323,0.0
0.0,30.0,0.000562341325190349,1.5625,orca,56.91945288753799,0.0
0.0,30.0,0.000562341325190349,1.5625,combined,58.5867743401262,0.0
0.0,30.0,0.000562341325190349,1.625,arca,61.52606139734852,0.0
0.0,30.0,0.000562341325190349,1.625,orca,56.950621612540345,0.0
0.0,30.0,0.000562341325190349,1.625,combined,58.58860696130017,0.0
0.0,30.0,0.000562341325190349,1.6875,arca,66.61362737080906,0.0
0.0,30.0,0.000562341325190349,1.6875,orca,61.13268379096546,0.0
0.0,30.0,0.000562341325190349,1.6875,combined,59.96310875212487,0.0
0.0,30.0,0.000562341325190349,1.75,arca,57.075908635332596,0.0
0.0,30.0,0.000562341325190349,1.75,orca,69.7216948000453,0.0
0.0,30.0,0.000562341325190349,1.75,combined,62.55310181323266,0.0
0.0,30.0,0.000562341325190349,1.8125,arca,59.05170623316596,0.0
0.0,30.0,0.000562341325190349,1.8125,orca,57.91946380126602,0.0
0.0,30.0,0.000562341325190349,1.8125,combined,58.32281080731657,0.0
0.0,30.0,0.000562341325190349,1.875,arca,59.67017142555793,0.0
0.0,30.0,0.000562341325190349,1.875,orca,57.91946380126602,0.0
0.0,30.0,0.000562341325190349,1.875,combined,60.96139514456104,0.0
0.0,30.0,0.000562341325190349,1.9375,arca,57.17274575913677,0.0
0.0,30.0,0.000562341325190349,1.9375,orca,57.91946380126602,0.0
0.0,30.0,0.000562341325190349,1.9375,combined,64.32866712584135,0.0
0.0,30.0,0.000562341325190349,2.0,arca,61.436154051480116,0.0
0.0,30.0,0.000562341325190349,2.0,orca,57.91946380126602,0.0
0.0,30.0,0.000562341325190349,2.0,combined,57.19645768667097,0.0
0.0,30.0,0.000562341325190349,2.0625,arca,59.611490084238625,0.0
0.0,30.0,0.000562341325190349,2.0625,orca,57.91946380126602,0.0
0.0,30.0,0.000562341325190349,2.0625,combined,81.62701729125767,0.0
0.0,30.0,0.000562341325190349,2.125,arca,70.28201042349139,0.0
0.0,30.0,0.000562341325190349,2.125,orca,57.91946380126602,0.0
0.0,30.0,0.000562341325190349,2.125,combined,77.05443102568466,0.0
0.0,30.0,0.000562341325190349,2.1875,arca,66.94778530518953,0.0
0.0,30.0,0.000562341325190349,2.1875,orca,57.91946380126602,0.0
0.0,30.0,0.000562341325190349,2.1875,combined,71.35648458177876,0.0
0.0,30.0,0.000562341325190349,2.25,arca,70.28201042349139,0.0
0.0,30.0,0.000562341325190349,2.25,orca,57.91946380126602,0.0
0.0,30.0,0.000562341325190349,2.25,combined,81.62701729125767,0.0
0.0,30.0,0.000562341325190349,2.3125,arca,70.28201042349139,0.0
0.0,30.0,0.000562341325190349,2.3125,orca,57.91946380126602,0.0
0.0,30.0,0.000562341325190349,2.3125,combined,81.62701729125767,0.0
0.0,30.0,0.000562341325190349,2.375,arca,70.28201042349139,0.0
0.0,30.0,0.000562341325190349,2.375,orca,57.91946380126602,0.0
0.0,30.0,0.000562341325190349,2.375,combined,81.62701729125767,0.0
0.0,30.0,0.000562341325190349,2.4375,arca,70.28201042349139,0.0
0.0,30.0,0.000562341325190349,2.4375,orca,57.91946380126602,0.0
0.0,30.0,0.000562341325190349,2.4375,combined,81.62701729125767,0.0
0.0,30.0,0.000562341325190349,2.5,arca,70.28201042349139,0.0
0.0,30.0,0.000562341325190349,2.5,orca,57.91946380126602,0.0
0.0,30.0,0.000562341325190349,2.5,combined,81.62701729125767,0.0
0.0,30.0,0.000562341325190349,2.5625,arca,70.28201042349139,0.0
0.0,30.0,0.000562341325190349,2.5625,orca,57.91946380126602,0.0
0.0,30.0,0.000562341325190349,2.5625,combined,81.62701729125767,0.0
0.0,30.0,0.000562341325190349,2.625,arca,70.28201042349139,0.0
0.0,30.0,0.000562341325190349,2.625,orca,57.91946380126602,0.0
0.0,30.0,0.000562341325190349,2.625,combined,81.62701729125767,0.0
0.0,30.0,0.000562341325190349,2.6875,arca,70.28201042349139,0.0
0.0,30.0,0.000562341325190349,2.6875,orca,57.91946380126602,0.0
0.0,30.0,0.000562341325190349,2.6875,combined,81.62701729125767,0.0
0.0,30.0,0.000562341325190349,2.75,arca,70.28201042349139,0.0
0.0,30.0,0.000562341325190349,2.75,orca,57.91946380126602,0.0
0.0,30.0,0.000562341325190349,2.75,combined,81.62701729125767,0.0
0.0,30.0,0.000562341325190349,2.8125,arca,70.28201042349139,0.0
0.0,30.0,0.000562341325190349,2.8125,orca,57.91946380126602,0.0
0.0,30.0,0.000562341325190349,2.8125,combined,81.62701729125767,0.0
0.0,30.0,0.000562341325190349,2.875,arca,70.28201042349139,0.0
0.0,30.0,0.000562341325190349,2.875,orca,57.91946380126602,0.0
0.0,30.0,0.000562341325190349,2.875,combined,81.62701729125767,0.0
0.0,30.0,0.000562341325190349,2.9375,arca,70.28201042349139,0.0
0.0,30.0,0.000562341325190349,2.9375,orca,57.91946380126602,0.0
0.0,30.0,0.000562341325190349,2.9375,combined,81.62701729125767,0.0
0.0,30.0,0.000562341325190349,3.0,arca,70.28201042349139,0.0
0.0,30.0,0.000562341325190349,3.0,orca,57.91946380126602,0.0
0.0,30.0,0.000562341325190349,3.0,combined,81.62701729125767,0.0
0.0,30.0,0.0016155980984398728,1.5,arca,126.6037969840495,0.0
0.0,30.0,0.0016155980984398728,1.5,orca,55.6687799826708,0.0
0.0,30.0,0.0016155980984398728,1.5,combined,113.20795522821706,0.0
0.0,30.0,0.0016155980984398728,1.5625,arca,59.96790066454497,0.0
0.0,30.0,0.0016155980984398728,1.5625,orca,60.77683741648106,0.0
0.0,30.0,0.0016155980984398728,1.5625,combined,59.58109158401484,0.0
0.0,30.0,0.0016155980984398728,1.625,arca,57.718991883753986,0.0
0.0,30.0,0.0016155980984398728,1.625,orca,65.2797576754796,0.0
0.0,30.0,0.0016155980984398728,1.625,combined,60.63714570656336,0.0
0.0,30.0,0.0016155980984398728,1.6875,arca,61.209253251035314,0.0
0.0,30.0,0.0016155980984398728,1.6875,orca,55.87894505064344,0.0
0.0,30.0,0.0016155980984398728,1.6875,combined,64.04613988475963,0.0
0.0,30.0,0.0016155980984398728,1.75,arca,57.6654224467387,0.0
0.0,30.0,0.0016155980984398728,1.75,orca,57.59998365612488,0.0
0.0,30.0,0.0016155980984398728,1.75,combined,58.914412721591695,0.0
0.0,30.0,0.0016155980984398728,1.8125,arca,67.70128371270951,0.0
0.0,30.0,0.0016155980984398728,1.8125,orca,55.56325969563082,0.0
0.0,30.0,0.0016155980984398728,1.8125,combined,62.66289451357842,0.0
0.0,30.0,0.0016155980984398728,1.875,arca,60.05127664064149,0.0
0.0,30.0,0.0016155980984398728,1.875,orca,67.31286885109638,0.0
0.0,30.0,0.0016155980984398728,1.875,combined,55.639352339148545,0.0
0.0,30.0,0.0016155980984398728,1.9375,arca,58.23113080051948,0.0
0.0,30.0,0.0016155980984398728,1.9375,orca,61.87574875919905,0.0
0.0,30.0,0.0016155980984398728,1.9375,combined,61.695610319087535,0.0
0.0,30.0,0.0016155980984398728,2.0,arca,59.609495245785475,0.0
0.0,30.0,0.0016155980984398728,2.0,orca,57.95480539351631,0.0
0.0,30.0,0.0016155980984398728,2.0,combined,66.97066422822147,0.0
0.0,30.0,0.0016155980984398728,2.0625,arca,58.28106811155715,0.0
0.0,30.0,0.0016155980984398728,2.0625,orca,57.91946380126602,0.0
0.0,30.0,0.0016155980984398728,2.0625,combined,78.90375913343561,0.0
0.0,30.0,0.0016155980984398728,2.125,arca,63.038138775080036,0.0
0.0,30.0,0.0016155980984398728,2.125,orca,57.91946380126602,0.0
0.0,30.0,0.0016155980984398728,2.125,combined,74.77108622590629,0.0
0.0,30.0,0.0016155980984398728,2.1875,arca,67.7476647207378,0.0
0.0,30.0,0.0016155980984398728,2.1875,orca,57.91946380126602,0.0
0.0,30.0,0.0016155980984398728,2.1875,combined,81.62701729125767,0.0
0.0,30.0,0.0016155980984398728,2.25,arca,55.99113906948695,0.0
0.0,30.0,0.0016155980984398728,2.25,orca,57.91946380126602,0.0
0.0,30.0,0.0016155980984398728,2.25,combined,81.62701729125767,0.0
0.0,30.0,0.0016155980984398728,2.3125,arca,70.28201042349139,0.0
0.0,30.0,0.0016155980984398728,2.3125,orca,57.91946380126602,0.0
0.0,30.0,0.0016155980984398728,2.3125,combined,81.62701729125767,0.0
0.0,30.0,0.0016155980984398728,2.375,arca,70.28201042349139,0.0
0.0,30.0,0.0016155980984398728,2.375,orca,57.91946380126602,0.0
0.0,30.0,0.0016155980984398728,2.375,combined,85.93776859965396,0.0
0.0,30.0,0.0016155980984398728,2.4375,arca,70.28201042349139,0.0
0.0,30.0,0.0016155980984398728,2.4375,orca,57.91946380126602,0.0
0.0,30.0,0.0016155980984398728,2.4375,combined,79.19276730729379,0.0
0.0,30.0,0.0016155980984398728,2.5,arca,70.28201042349139,0.0
0.0,30.0,0.0016155980984398728,2.5,orca,57.91946380126602,0.0
0.0,30.0,0.0016155980984398728,2.5,combined,81.62701729125767,0.0
0.0,30.0,0.0016155980984398728,2.5625,arca,70.28201042349139,0.0
0.0,30.0,0.0016155980984398728,2.5625,orca,57.91946380126602,0.0
0.0,30.0,0.0016155980984398728,2.5625,combined,81.62701729125767,0.0
0.0,30.0,0.0016155980984398728,2.625,arca,70.28201042349139,0.0
0.0,30.0,0.0016155980984398728,2.625,orca,57.91946380126602,0.0
0.0,30.0,0.0016155980984398728,2.625,combined,81.62701729125767,0.0
0.0,30.0,0.0016155980984398728,2.6875,arca,70.28201042349139,0.0
0.0,30.0,0.0016155980984398728,2.6875,orca,57.91946380126602,0.0
0.0,30.0,0.0016155980984398728,2.6875,combined,81.62701729125767,0.0
0.0,30.0,0.0016155980984398728,2.75,arca,70.28201042349139,0.0
0.0,30.0,0.0016155980984398728,2.75,orca,57.91946380126602,0.0
0.0,30.0,0.0016155980984398728,2.75,combined,81.62701729125767,0.0
0.0,30.0,0.0016155980984398728,2.8125,arca,70.28201042349139,0.0
0.0,30.0,0.0016155980984398728,2.8125,orca,57.91946380126602,0.0
0.0,30.0,0.0016155980984398728,2.8125,combined,81.62701729125767,0.0
0.0,30.0,0.0016155980984398728,2.875,arca,70.28201042349139,0.0
0.0,30.0,0.0016155980984398728,2.875,orca,57.91946380126602,0.0
0.0,30.0,0.0016155980984398728,2.875,combined,81.62701729125767,0.0
0.0,30.0,0.0016155980984398728,2.9375,arca,70.28201042349139,0.0
0.0,30.0,0.0016155980984398728,2.9375,orca,57.91946380126602,0.0
0.0,30.0,0.0016155980984398728,2.9375,combined,81.62701729125767,0.0
0.0,30.0,0.0016155980984398728,3.0,arca,70.28201042349139,0.0
0.0,30.0,0.0016155980984398728,3.0,orca,57.91946380126602,0.0
0.0,30.0,0.0016155980984398728,3.0,combined,81.62701729125767,0.0
0.0,30.0,0.004641588833612777,1.5,arca,953.4825690918509,0.0
0.0,30.0,0.004641588833612777,1.5,orca,54.48729875700958,0.0
0.0,30.0,0.004641588833612777,1.5,combined,759.2831774545754,0.0
0.0,30.0,0.004641588833612777,1.5625,arca,168.53860516054968,0.0
0.0,30.0,0.004641588833612777,1.5625,orca,58.42638927935528,0.0
0.0,30.0,0.004641588833612777,1.5625,combined,169.46810237604456,0.0
0.0,30.0,0.004641588833612777,1.625,arca,71.76892125433702,0.0
0.0,30.0,0.004641588833612777,1.625,orca,63.8462720140451,0.0
0.0,30.0,0.004641588833612777,1.625,combined,64.99996513280044,0.0
0.0,30.0,0.004641588833612777,1.6875,arca,64.15563191252218,0.0
0.0,30.0,0.004641588833612777,1.6875,orca,88.73669874704922,0.0
0.0,30.0,0.004641588833612777,1.6875,combined,64.49916461972408,0.0
0.0,30.0,0.004641588833612777,1.75,arca,66.9214455288842,0.0
0.0,30.0,0.004641588833612777,1.75,orca,61.6669630249464,0.0
0.0,30.0,0.004641588833612777,1.75,combined,52.84694749049528,0.0
0.0,30.0,0.004641588833612777,1.8125,arca,59.89692941242412,0.0
0.0,30.0,0.004641588833612777,1.8125,orca,61.32356548998227,0.0
0.0,30.0,0.004641588833612777,1.8125,combined,59.456283557545625,0.0
0.0,30.0,0.004641588833612777,1.875,arca,61.68573708542448,0.0
0.0,30.0,0.004641588833612777,1.875,orca,72.86713742775541,0.0
0.0,30.0,0.004641588833612777,1.875,combined,57.07407949061211,0.0
0.0,30.0,0.004641588833612777,1.9375,arca,54.92927158169607,0.0
0.0,30.0,0.004641588833612777,1.9375,orca,53.31701238730485,0.0
0.0,30.0,0.004641588833612777,1.9375,combined,71.14715697719254,0.0
0.0,30.0,0.004641588833612777,2.0,arca,54.92413508925187,0.0
0.0,30.0,0.004641588833612777,2.0,orca,57.91946380126602,0.0
0.0,30.0,0.004641588833612777,2.0,combined,59.23052780604847,0.0
0.0,30.0,0.004641588833612777,2.0625,arca,59.62564572543771,0.0
0.0,30.0,0.004641588833612777,2.0625,orca,57.71971509501416,0.0
0.0,30.0,0.004641588833612777,2.0625,combined,58.89093439139509,0.0
0.0,30.0,0.004641588833612777,2.125,arca,60.05394363134346,0.0
0.0,30.0,0.004641588833612777,2.125,orca,59.84971603320226,0.0
0.0,30.0,0.004641588833612777,2.125,combined,70.1187640058163,0.0
0.0,30.0,0.004641588833612777,2.1875,arca,65.17060949375221,0.0
0.0,30.0,0.004641588833612777,2.1875,orca,50.85859502374707,0.0
0.0,30.0,0.004641588833612777,2.1875,combined,77.16766921668102,0.0
0.0,30.0,0.004641588833612777,2.25,arca,64.58345105554842,0.0
0.0,30.0,0.004641588833612777,2.25,orca,57.91946380126602,0.0
0.0,30.0,0.004641588833612777,2.25,combined,77.9380411960133,0.0
0.0,30.0,0.004641588833612777,2.3125,arca,70.28201042349139,0.0
0.0,30.0,0.004641588833612777,2.3125,orca,57.91946380126602,0.0
0.0,30.0,0.004641588833612777,2.3125,combined,63.87684907210682,0.0
0.0,30.0,0.004641588833612777,2.375,arca,70.28201042349139,0.0
0.0,30.0,0.004641588833612777,2.375,orca,57.91946380126602,0.0
0.0,30.0,0.004641588833612777,2.375,combined,81.62701729125767,0.0
0.0,30.0,0.004641588833612777,2.4375,arca,70.28201042349139,0.0
0.0,30.0,0.004641588833612777,2.4375,orca,57.91946380126602,0.0
0.0,30.0,0.004641588833612777,2.4375,combined,81.62701729125767,0.0
0.0,30.0,0.004641588833612777,2.5,arca,61.55253713340342,0.0
0.0,30.0,0.004641588833612777,2.5,orca,57.91946380126602,0.0
0.0,30.0,0.004641588833612777,2.5,combined,81.62701729125767,0.0
0.0,30.0,0.004641588833612777,2.5625,arca,70.28201042349139,0.0
0.0,30.0,0.004641588833612777,2.5625,orca,57.91946380126602,0.0
0.0,30.0,0.004641588833612777,2.5625,combined,81.62701729125767,0.0
0.0,30.0,0.004641588833612777,2.625,arca,70.28201042349139,0.0
0.0,30.0,0.004641588833612777,2.625,orca,57.91946380126602,0.0
0.0,30.0,0.004641588833612777,2.625,combined,81.62701729125767,0.0
0.0,30.0,0.004641588833612777,2.6875,arca,70.28201042349139,0.0
0.0,30.0,0.004641588833612777,2.6875,orca,57.91946380126602,0.0
0.0,30.0,0.004641588833612777,2.6875,combined,81.62701729125767,0.0
0.0,30.0,0.004641588833612777,2.75,arca,70.28201042349139,0.0
0.0,30.0,0.004641588833612777,2.75,orca,57.91946380126602,0.0
0.0,30.0,0.004641588833612777,2.75,combined,81.62701729125767,0.0
0.0,30.0,0.004641588833612777,2.8125,arca,70.28201042349139,0.0
0.0,30.0,0.004641588833612777,2.8125,orca,57.91946380126602,0.0
0.0,30.0,0.004641588833612777,2.8125,combined,81.62701729125767,0.0
0.0,30.0,0.004641588833612777,2.875,arca,70.28201042349139,0.0
0.0,30.0,0.004641588833612777,2.875,orca,57.91946380126602,0.0
0.0,30.0,0.004641588833612777,2.875,combined,60.69800027641049,0.0
0.0,30.0,0.004641588833612777,2.9375,arca,70.28201042349139,0.0
0.0,30.0,0.004641588833612777,2.9375,orca,57.91946380126602,0.0
0.0,30.0,0.004641588833612777,2.9375,combined,81.62701729125767,0.0
0.0,30.0,0.004641588833612777,3.0,arca,70.28201042349139,0.0
0.0,30.0,0.004641588833612777,3.0,orca,57.91946380126602,0.0
0.0,30.0,0.004641588833612777,3.0,combined,81.62701729125767,0.0
0.0,30.0,0.013335214321633239,1.5,arca,7929.628734683094,0.0
0.0,30.0,0.013335214321633239,1.5,orca,60.64179597226808,0.0
0.0,30.0,0.013335214321633239,1.5,combined,7159.460646615525,0.0
0.0,30.0,0.013335214321633239,1.5625,arca,1299.7699055753762,0.0
0.0,30.0,0.013335214321633239,1.5625,orca,53.73927426858266,0.0
0.0,30.0,0.013335214321633239,1.5625,combined,1236.210723667298,0.0
0.0,30.0,0.013335214321633239,1.625,arca,274.5234168593472,0.0
0.0,30.0,0.013335214321633239,1.625,orca,63.06198553822366,0.0
0.0,30.0,0.013335214321633239,1.625,combined,211.9243622950916,0.0
0.0,30.0,0.013335214321633239,1.6875,arca,77.74692040038917,0.0
0.0,30.0,0.013335214321633239,1.6875,orca,60.14735249621785,0.0
0.0,30.0,0.013335214321633239,1.6875,combined,73.50655438012805,0.0
0.0,30.0,0.013335214321633239,1.75,arca,60.65437570696926,0.0
0.0,30.0,0.013335214321633239,1.75,orca,59.47215090496297,0.0
0.0,30.0,0.013335214321633239,1.75,combined,63.96355165640047,0.0
0.0,30.0,0.013335214321633239,1.8125,arca,56.375763492210055,0.0
0.0,30.0,0.013335214321633239,1.8125,orca,60.552003237555645,0.0
0.0,30.0,0.013335214321633239,1.8125,combined,65.10108183273134,0.0
0.0,30.0,0.013335214321633239,1.875,arca,61.51272277635809,0.0
0.0,30.0,0.013335214321633239,1.875,orca,61.35753231198268,0.0
0.0,30.0,0.013335214321633239,1.875,combined,56.00689765115479,0.0
0.0,30.0,0.013335214321633239,1.9375,arca,65.5871374493847,0.0
0.0,30.0,0.013335214321633239,1.9375,orca,67.3440879276724,0.0
0.0,30.0,0.013335214321633239,1.9375,combined,61.682762380787906,0.0
0.0,30.0,0.013335214321633239,2.0,arca,60.07001526586677,0.0
0.0,30.0,0.013335214321633239,2.0,orca,59.866362299775595,0.0
0.0,30.0,0.013335214321633239,2.0,combined,64.0910051304833,0.0
0.0,30.0,0.013335214321633239,2.0625,arca,61.226359482252725,0.0
0.0,30.0,0.013335214321633239,2.0625,orca,60.253939186605756,0.0
0.0,30.0,0.013335214321633239,2.0625,combined,62.161362539584644,0.0
0.0,30.0,0.013335214321633239,2.125,arca,61.67364707821643,0.0
0.0,30.0,0.013335214321633239,2.125,orca,56.41201427842937,0.0
0.0,30.0,0.013335214321633239,2.125,combined,62.334209007926276,0.0
0.0,30.0,0.013335214321633239,2.1875,arca,57.47208469849893,0.0
0.0,30.0,0.013335214321633239,2.1875,orca,57.91946380126602,0.0
0.0,30.0,0.013335214321633239,2.1875,combined,60.09446375339383,0.0
0.0,30.0,0.013335214321633239,2.25,arca,64.90066609509992,0.0
0.0,30.0,0.013335214321633239,2.25,orca,57.91946380126602,0.0
0.0,30.0,0.013335214321633239,2.25,combined,75.71054198927932,0.0
0.0,30.0,0.013335214321633239,2.3125,arca,60.996192145146466,0.0
0.0,30.0,0.013335214321633239,2.3125,orca,55.55966535473635,0.0
0.0,30.0,0.013335214321633239,2.3125,combined,76.8384472448206,0.0
0.0,30.0,0.013335214321633239,2.375,arca,62.967952772506834,0.0
0.0,30.0,0.013335214321633239,2.375,orca,60.12291867566699,0.0
0.0,30.0,0.013335214321633239,2.375,combined,68.38904020045757,0.0
0.0,30.0,0.013335214321633239,2.4375,arca,55.02123564847159,0.0
0.0,30.0,0.013335214321633239,2.4375,orca,57.91946380126602,0.0
0.0,30.0,0.013335214321633239,2.4375,combined,81.62701729125767,0.0
0.0,30.0,0.013335214321633239,2.5,arca,55.436049787936604,0.0
0.0,30.0,0.013335214321633239,2.5,orca,57.91946380126602,0.0
0.0,30.0,0.013335214321633239,2.5,combined,70.2401360969759,0.0
0.0,30.0,0.013335214321633239,2.5625,arca,70.28201042349139,0.0
0.0,30.0,0.013335214321633239,2.5625,orca,57.91946380126602,0.0
0.0,30.0,0.013335214321633239,2.5625,combined,69.39543611032857,0.0
0.0,30.0,0.013335214321633239,2.625,arca,70.28201042349139,0.0
0.0,30.0,0.013335214321633239,2.625,orca,57.91946380126602,0.0
0.0,30.0,0.013335214321633239,2.625,combined,81.62701729125767,0.0
0.0,30.0,0.013335214321633239,2.6875,arca,70.28201042349139,0.0
0.0,30.0,0.013335214321633239,2.6875,orca,57.91946380126602,0.0
0.0,30.0,0.013335214321633239,2.6875,combined,81.62701729125767,0.0
0.0,30.0,0.013335214321633239,2.75,arca,70.28201042349139,0.0
0.0,30.0,0.013335214321633239,2.75,orca,57.91946380126602,0.0
0.0,30.0,0.013335214321633239,2.75,combined,81.62701729125767,0.0
0.0,30.0,0.013335214321633239,2.8125,arca,70.28201042349139,0.0
0.0,30.0,0.013335214321633239,2.8125,orca,57.91946380126602,0.0
0.0,30.0,0.013335214321633239,2.8125,combined,81.62701729125767,0.0
0.0,30.0,0.013335214321633239,2.875,arca,70.28201042349139,0.0
0.0,30.0,0.013335214321633239,2.875,orca,57.91946380126602,0.0
0.0,30.0,0.013335214321633239,2.875,combined,81.62701729125767,0.0
0.0,30.0,0.013335214321633239,2.9375,arca,70.28201042349139,0.0
0.0,30.0,0.013335214321633239,2.9375,orca,57.91946380126602,0.0
0.0,30.0,0.013335214321633239,2.9375,combined,81.62701729125767,0.0
0.0,30.0,0.013335214321633239,3.0,arca,70.28201042349139,0.0
0.0,30.0,0.013335214321633239,3.0,orca,57.91946380126602,0.0
0.0,30.0,0.013335214321633239,3.0,combined,81.62701729125767,0.0
0.0,30.0,0.03831186849557285,1.5,arca,65473.243430344744,0.0
0.0,30.0,0.03831186849557285,1.5,orca,53.988021959740486,0.0
0.0,30.0,0.03831186849557285,1.5,combined,58487.6485995512,0.0
0.0,30.0,0.03831186849557285,1.5625,arca,11243.181256504715,0.0
0.0,30.0,0.03831186849557285,1.5625,orca,63.604106521328546,0.0
0.0,30.0,0.03831186849557285,1.5625,combined,10033.70058859058,0.0
0.0,30.0,0.03831186849557285,1.625,arca,1966.8523447401776,0.0
0.0,30.0,0.03831186849557285,1.625,orca,63.858836059753656,0.0
0.0,30.0,0.03831186849557285,1.625,combined,1713.8250286494745,0.0
0.0,30.0,0.03831186849557285,1.6875,arca,421.36505716491064,0.0
0.0,30.0,0.03831186849557285,1.6875,orca,57.43221224148736,0.0
0.0,30.0,0.03831186849557285,1.6875,combined,393.7309028341395,0.0
0.0,30.0,0.03831186849557285,1.75,arca,90.7530681776954,0.0
0.0,30.0,0.03831186849557285,1.75,orca,61.61485807415455,0.0
0.0,30.0,0.03831186849557285,1.75,combined,89.17570630710631,0.0
0.0,30.0,0.03831186849557285,1.8125,arca,55.53903384956335,0.0
0.0,30.0,0.03831186849557285,1.8125,orca,52.85436121597457,0.0
0.0,30.0,0.03831186849557285,1.8125,combined,62.699703885365125,0.0
0.0,30.0,0.03831186849557285,1.875,arca,65.39758245598995,0.0
0.0,30.0,0.03831186849557285,1.875,orca,56.32606145906639,0.0
0.0,30.0,0.03831186849557285,1.875,combined,61.074916997363175,0.0
0.0,30.0,0.03831186849557285,1.9375,arca,69.31393523709029,0.0
0.0,30.0,0.03831186849557285,1.9375,orca,58.50040797295722,0.0
0.0,30.0,0.03831186849557285,1.9375,combined,58.6266504222495,0.0
0.0,30.0,0.03831186849557285,2.0,arca,65.52966801763625,0.0
0.0,30.0,0.03831186849557285,2.0,orca,54.24545167735828,0.0
0.0,30.0,0.03831186849557285,2.0,combined,58.83462737959161,0.0
0.0,30.0,0.03831186849557285,2.0625,arca,71.93219511873437,0.0
0.0,30.0,0.03831186849557285,2.0625,orca,58.575572302004836,0.0
0.0,30.0,0.03831186849557285,2.0625,combined,56.294473298006025,0.0
0.0,30.0,0.03831186849557285,2.125,arca,62.33735321073697,0.0
0.0,30.0,0.03831186849557285,2.125,orca,59.87829146281129,0.0
0.0,30.0,0.03831186849557285,2.125,combined,68.57419770733486,0.0
0.0,30.0,0.03831186849557285,2.1875,arca,58.2396436055937,0.0
0.0,30.0,0.03831186849557285,2.1875,orca,60.74559072239671,0.0
0.0,30.0,0.03831186849557285,2.1875,combined,60.17966843435866,0.0
0.0,30.0,0.03831186849557285,2.25,arca,61.81398929733685,0.0
0.0,30.0,0.03831186849557285,2.25,orca,57.91946380126602,0.0
0.0,30.0,0.03831186849557285,2.25,combined,67.54821723604968,0.0
0.0,30.0,0.03831186849557285,2.3125,arca,63.18543295026729,0.0
0.0,30.0,0.03831186849557285,2.3125,orca,56.97346816016647,0.0
0.0,30.0,0.03831186849557285,2.3125,combined,56.768510511148975,0.0
0.0,30.0,0.03831186849557285,2.375,arca,56.50641988979409,0.0
0.0,30.0,0.03831186849557285,2.375,orca,59.343894389438944,0.0
0.0,30.0,0.03831186849557285,2.375,combined,54.09349362448951,0.0
0.0,30.0,0.03831186849557285,2.4375,arca,62.52888622415195,0.0
0.0,30.0,0.03831186849557285,2.4375,orca,57.91946380126602,0.0
0.0,30.0,0.03831186849557285,2.4375,combined,64.62843168527378,0.0
0.0,30.0,0.03831186849557285,2.5,arca,57.31115387657185,0.0
0.0,30.0,0.03831186849557285,2.5,orca,57.91946380126602,0.0
0.0,30.0,0.03831186849557285,2.5,combined,77.79140264881309,0.0
0.0,30.0,0.03831186849557285,2.5625,arca,72.08414452625895,0.0
0.0,30.0,0.03831186849557285,2.5625,orca,57.91946380126602,0.0
0.0,30.0,0.03831186849557285,2.5625,combined,81.62701729125767,0.0
0.0,30.0,0.03831186849557285,2.625,arca,70.28201042349139,0.0
0.0,30.0,0.03831186849557285,2.625,orca,60.75410519056991,0.0
0.0,30.0,0.03831186849557285,2.625,combined,81.62701729125767,0.0
0.0,30.0,0.03831186849557285,2.6875,arca,70.28201042349139,0.0
0.0,30.0,0.03831186849557285,2.6875,orca,57.91946380126602,0.0
0.0,30.0,0.03831186849557285,2.6875,combined,87.64001849057118,0.0
0.0,30.0,0.03831186849557285,2.75,arca,70.28201042349139,0.0
0.0,30.0,0.03831186849557285,2.75,orca,57.91946380126602,0.0
0.0,30.0,0.03831186849557285,2.75,combined,86.03824789090683,0.0
0.0,30.0,0.03831186849557285,2.8125,arca,70.28201042349139,0.0
0.0,30.0,0.03831186849557285,2.8125,orca,57.91946380126602,0.0
0.0,30.0,0.03831186849557285,2.8125,combined,81.62701729125767,0.0
0.0,30.0,0.03831186849557285,2.875,arca,70.28201042349139,0.0
0.0,30.0,0.03831186849557285,2.875,orca,57.91946380126602,0.0
0.0,30.0,0.03831186849557285,2.875,combined,81.62701729125767,0.0
0.0,30.0,0.03831186849557285,2.9375,arca,70.28201042349139,0.0
0.0,30.0,0.03831186849557285,2.9375,orca,57.65128431589018,0.0
0.0,30.0,0.03831186849557285,2.9375,combined,86.73399322101874,0.0
0.0,30.0,0.03831186849557285,3.0,arca,70.28201042349139,0.0
0.0,30.0,0.03831186849557285,3.0,orca,57.91946380126602,0.0
0.0,30.0,0.03831186849557285,3.0,combined,81.62701729125767,0.0
0.0,30.0,0.11006941712522081,1.5,arca,,
0.0,30.0,0.11006941712522081,1.5,orca,54.30856138589003,0.0
0.0,30.0,0.11006941712522081,1.5,combined,,
0.0,30.0,0.11006941712522081,1.5625,arca,93110.4937753829,0.0
0.0,30.0,0.11006941712522081,1.5625,orca,57.24232383476915,0.0
0.0,30.0,0.11006941712522081,1.5625,combined,84065.56891903127,0.0
0.0,30.0,0.11006941712522081,1.625,arca,16890.2022936462,0.0
0.0,30.0,0.11006941712522081,1.625,orca,59.967131581792636,0.0
0.0,30.0,0.11006941712522081,1.625,combined,15310.814054591923,0.0
0.0,30.0,0.11006941712522081,1.6875,arca,3212.8802541883297,0.0
0.0,30.0,0.11006941712522081,1.6875,orca,49.231241990741964,0.0
0.0,30.0,0.11006941712522081,1.6875,combined,2919.1702668435623,0.0
0.0,30.0,0.11006941712522081,1.75,arca,631.7652902651072,0.0
0.0,30.0,0.11006941712522081,1.75,orca,59.183192936161575,0.0
0.0,30.0,0.11006941712522081,1.75,combined,593.482206621163,0.0
0.0,30.0,0.11006941712522081,1.8125,arca,154.31262307573053,0.0
0.0,30.0,0.11006941712522081,1.8125,orca,57.16637266266821,0.0
0.0,30.0,0.11006941712522081,1.8125,combined,136.67366509475414,0.0
0.0,30.0,0.11006941712522081,1.875,arca,61.36483438204915,0.0
0.0,30.0,0.11006941712522081,1.875,orca,53.83070240491577,0.0
0.0,30.0,0.11006941712522081,1.875,combined,66.23739868605597,0.0
0.0,30.0,0.11006941712522081,1.9375,arca,56.478687832641945,0.0
0.0,30.0,0.11006941712522081,1.9375,orca,58.1540046904982,0.0
0.0,30.0,0.11006941712522081,1.9375,combined,60.39910772159512,0.0
0.0,30.0,0.11006941712522081,2.0,arca,60.245288619468226,0.0
0.0,30.0,0.11006941712522081,2.0,orca,54.400047909929334,0.0
0.0,30.0,0.11006941712522081,2.0,combined,56.19283573036591,0.0
0.0,30.0,0.11006941712522081,2.0625,arca,56.94772720526883,0.0
0.0,30.0,0.11006941712522081,2.0625,orca,63.48991704323194,0.0
0.0,30.0,0.11006941712522081,2.0625,combined,60.89238100772941,0.0
0.0,30.0,0.11006941712522081,2.125,arca,56.884210699859864,0.0
0.0,30.0,0.11006941712522081,2.125,orca,59.3704307950086,0.0
0.0,30.0,0.11006941712522081,2.125,combined,58.00387096774193,0.0
0.0,30.0,0.11006941712522081,2.1875,arca,61.852151778531,0.0
0.0,30.0,0.11006941712522081,2.1875,orca,60.3411513859275,0.0
0.0,30.0,0.11006941712522081,2.1875,combined,63.076962286270934,0.0
0.0,30.0,0.11006941712522081,2.25,arca,54.38884400935106,0.0
0.0,30.0,0.11006941712522081,2.25,orca,58.883462704221174,0.0
0.0,30.0,0.11006941712522081,2.25,combined,57.07808919591296,0.0
0.0,30.0,0.11006941712522081,2.3125,arca,57.51259385238066,0.0
0.0,30.0,0.11006941712522081,2.3125,orca,56.48120332835502,0.0
0.0,30.0,0.11006941712522081,2.3125,combined,63.466339251564555,0.0
0.0,30.0,0.11006941712522081,2.375,arca,63.34733411756177,0.0
0.0,30.0,0.11006941712522081,2.375,orca,62.798356561669216,0.0
0.0,30.0,0.11006941712522081,2.375,combined,65.9490527435434,0.0
0.0,30.0,0.11006941712522081,2.4375,arca,58.13932972459763,0.0
0.0,30.0,0.11006941712522081,2.4375,orca,57.91946380126602,0.0
0.0,30.0,0.11006941712522081,2.4375,combined,56.32160025846558,0.0
0.0,30.0,0.11006941712522081,2.5,arca,58.00714784971051,0.0
0.0,30.0,0.11006941712522081,2.5,orca,57.99025917782664,0.0
0.0,30.0,0.11006941712522081,2.5,combined,74.54818612637182,0.0
0.0,30.0,0.11006941712522081,2.5625,arca,70.28201042349139,0.0
0.0,30.0,0.11006941712522081,2.5625,orca,59.747391070468,0.0
0.0,30.0,0.11006941712522081,2.5625,combined,56.825280284347656,0.0
0.0,30.0,0.11006941712522081,2.625,arca,64.44222100018769,0.0
0.0,30.0,0.11006941712522081,2.625,orca,57.91946380126602,0.0
0.0,30.0,0.11006941712522081,2.625,combined,81.38566446248707,0.0
0.0,30.0,0.11006941712522081,2.6875,arca,70.28201042349139,0.0
0.0,30.0,0.11006941712522081,2.6875,orca,57.91946380126602,0.0
0.0,30.0,0.11006941712522081,2.6875,combined,70.47424696554216,0.0
0.0,30.0,0.11006941712522081,2.75,arca,60.521075914135054,0.0
0.0,30.0,0.11006941712522081,2.75,orca,57.76291996874651,0.0
0.0,30.0,0.11006941712522081,2.75,combined,81.60700471798359,0.0
0.0,30.0,0.11006941712522081,2.8125,arca,70.28201042349139,0.0
0.0,30.0,0.11006941712522081,2.8125,orca,57.91946380126602,0.0
0.0,30.0,0.11006941712522081,2.8125,combined,81.62701729125767,0.0
0.0,30.0,0.11006941712522081,2.875,arca,70.28201042349139,0.0
0.0,30.0,0.11006941712522081,2.875,orca,57.8251754930519,0.0
0.0,30.0,0.11006941712522081,2.875,combined,81.62701729125767,0.0
0.0,30.0,0.11006941712522081,2.9375,arca,70.28201042349139,0.0
0.0,30.0,0.11006941712522081,2.9375,orca,57.53459946990065,0.0
0.0,30.0,0.11006941712522081,2.9375,combined,81.62701729125767,0.0
0.0,30.0,0.11006941712522081,3.0,arca,70.28201042349139,0.0
0.0,30.0,0.11006941712522081,3.0,orca,56.607024174105696,0.0
0.0,30.0,0.11006941712522081,3.0,combined,81.62701729125767,0.0
0.0,30.0,0.31622776601683794,1.5,arca,,
0.0,30.0,0.31622776601683794,1.5,orca,55.12019995455578,0.0
0.0,30.0,0.31622776601683794,1.5,combined,,
0.0,30.0,0.31622776601683794,1.5625,arca,,
0.0,30.0,0.31622776601683794,1.5625,orca,63.87468437030102,0.0
0.0,30.0,0.31622776601683794,1.5625,combined,,
0.0,30.0,0.31622776601683794,1.625,arca,141480.3186013354,0.0
0.0,30.0,0.31622776601683794,1.625,orca,63.21754014862645,0.0
0.0,30.0,0.31622776601683794,1.625,combined,126725.92575413648,0.0
0.0,30.0,0.31622776601683794,1.6875,arca,26543.39145389602,0.0
0.0,30.0,0.31622776601683794,1.6875,orca,60.139600828879914,0.0
0.0,30.0,0.31622776601683794,1.6875,combined,23706.103272738048,0.0
0.0,30.0,0.31622776601683794,1.75,arca,5191.648509767012,0.0
0.0,30.0,0.31622776601683794,1.75,orca,73.54664638362604,0.0
0.0,30.0,0.31622776601683794,1.75,combined,4566.900151572565,0.0
0.0,30.0,0.31622776601683794,1.8125,arca,1100.4766104737298,0.0
0.0,30.0,0.31622776601683794,1.8125,orca,57.743424711958696,0.0
0.0,30.0,0.31622776601683794,1.8125,combined,1002.8705069982245,0.0
0.0,30.0,0.31622776601683794,1.875,arca,239.2766052897207,0.0
0.0,30.0,0.31622776601683794,1.875,orca,67.31200715388994,0.0
0.0,30.0,0.31622776601683794,1.875,combined,264.10749031831494,0.0
0.0,30.0,0.31622776601683794,1.9375,arca,81.41083484220351,0.0
0.0,30.0,0.31622776601683794,1.9375,orca,65.33362208987549,0.0
0.0,30.0,0.31622776601683794,1.9375,combined,85.87784036982848,0.0
0.0,30.0,0.31622776601683794,2.0,arca,67.73299302903798,0.0
0.0,30.0,0.31622776601683794,2.0,orca,56.258849178159366,0.0
0.0,30.0,0.31622776601683794,2.0,combined,58.31281402228142,0.0
0.0,30.0,0.31622776601683794,2.0625,arca,67.51083501496987,0.0
0.0,30.0,0.31622776601683794,2.0625,orca,59.77737501887933,0.0
0.0,30.0,0.31622776601683794,2.0625,combined,55.84373877560634,0.0
0.0,30.0,0.31622776601683794,2.125,arca,57.6336057086705,0.0
0.0,30.0,0.31622776601683794,2.125,orca,59.081626602762064,0.0
0.0,30.0,0.31622776601683794,2.125,combined,56.94168519891278,0.0
0.0,30.0,0.31622776601683794,2.1875,arca,60.05638191584424,0.0
0.0,30.0,0.31622776601683794,2.1875,orca,60.72602199535556,0.0
0.0,30.0,0.31622776601683794,2.1875,combined,64.1994731383412,0.0
0.0,30.0,0.31622776601683794,2.25,arca,60.211421147390695,0.0
0.0,30.0,0.31622776601683794,2.25,orca,73.19368294208977,0.0
0.0,30.0,0.31622776601683794,2.25,combined,62.21732950103341,0.0
0.0,30.0,0.31622776601683794,2.3125,arca,59.858408947035244,0.0
0.0,30.0,0.31622776601683794,2.3125,orca,63.92104185436972,0.0
0.0,30.0,0.31622776601683794,2.3125,combined,51.83197811079979,0.0
0.0,30.0,0.31622776601683794,2.375,arca,60.5960030857075,0.0
0.0,30.0,0.31622776601683794,2.375,orca,72.8116310767833,0.0
0.0,30.0,0.31622776601683794,2.375,combined,54.423982504473294,0.0
0.0,30.0,0.31622776601683794,2.4375,arca,61.92645705900782,0.0
0.0,30.0,0.31622776601683794,2.4375,orca,73.37591732163791,0.0
0.0,30.0,0.31622776601683794,2.4375,combined,63.36988800597888,0.0
0.0,30.0,0.31622776601683794,2.5,arca,62.532296232820265,0.0
0.0,30.0,0.31622776601683794,2.5,orca,59.6790338812479,0.0
0.0,30.0,0.31622776601683794,2.5,combined,65.4364491089975,0.0
0.0,30.0,0.31622776601683794,2.5625,arca,60.05199165708373,0.0
0.0,30.0,0.31622776601683794,2.5625,orca,60.84313643491896,0.0
0.0,30.0,0.31622776601683794,2.5625,combined,62.623048106018224,0.0
0.0,30.0,0.31622776601683794,2.625,arca,68.5748686961819,0.0
0.0,30.0,0.31622776601683794,2.625,orca,60.37540923391412,0.0
0.0,30.0,0.31622776601683794,2.625,combined,63.51884977068901,0.0
0.0,30.0,0.31622776601683794,2.6875,arca,57.987430107774884,0.0
0.0,30.0,0.31622776601683794,2.6875,orca,59.62128720684323,0.0
0.0,30.0,0.31622776601683794,2.6875,combined,71.55549882460562,0.0
0.0,30.0,0.31622776601683794,2.75,arca,70.28201042349139,0.0
0.0,30.0,0.31622776601683794,2.75,orca,57.91946380126602,0.0
0.0,30.0,0.31622776601683794,2.75,combined,81.62701729125767,0.0
0.0,30.0,0.31622776601683794,2.8125,arca,61.70189572366143,0.0
0.0,30.0,0.31622776601683794,2.8125,orca,58.52228238234069,0.0
0.0,30.0,0.31622776601683794,2.8125,combined,68.3827973447706,0.0
0.0,30.0,0.31622776601683794,2.875,arca,71.19961279871458,0.0
0.0,30.0,0.31622776601683794,2.875,orca,57.91946380126602,0.0
0.0,30.0,0.31622776601683794,2.875,combined,77.71862355772063,0.0
0.0,30.0,0.31622776601683794,2.9375,arca,70.28201042349139,0.0
0.0,30.0,0.31622776601683794,2.9375,orca,63.577502046986204,0.0
0.0,30.0,0.31622776601683794,2.9375,combined,81.62701729125767,0.0
0.0,30.0,0.31622776601683794,3.0,arca,70.28201042349139,0.0
0.0,30.0,0.31622776601683794,3.0,orca,57.91946380126602,0.0
0.0,30.0,0.31622776601683794,3.0,combined,81.62701729125767,0.0
0.0,30.0,0.9085175756516861,1.5,arca,,
0.0,30.0,0.9085175756516861,1.5,orca,77.54612650228516,0.0
0.0,30.0,0.9085175756516861,1.5,combined,,
0.0,30.0,0.9085175756516861,1.5625,arca,,
0.0,30.0,0.9085175756516861,1.5625,orca,53.502744674194375,0.0
0.0,30.0,0.9085175756516861,1.5625,combined,,
0.0,30.0,0.9085175756516861,1.625,arca,,
0.0,30.0,0.9085175756516861,1.625,orca,52.61503641015549,0.0
0.0,30.0,0.9085175756516861,1.625,combined,,
0.0,30.0,0.9085175756516861,1.6875,arca,219205.67970492484,0.0
0.0,30.0,0.9085175756516861,1.6875,orca,58.80668178549699,0.0
0.0,30.0,0.9085175756516861,1.6875,combined,200735.1971922698,0.0
0.0,30.0,0.9085175756516861,1.75,arca,42501.54583383001,0.0
0.0,30.0,0.9085175756516861,1.75,orca,64.78127542574978,0.0
0.0,30.0,0.9085175756516861,1.75,combined,38800.09209837781,0.0
0.0,30.0,0.9085175756516861,1.8125,arca,9008.484161281369,0.0
0.0,30.0,0.9085175756516861,1.8125,orca,57.14617741979225,0.0
0.0,30.0,0.9085175756516861,1.8125,combined,7660.866109407163,0.0
0.0,30.0,0.9085175756516861,1.875,arca,1879.867762895205,0.0
0.0,30.0,0.9085175756516861,1.875,orca,60.1620544789267,0.0
0.0,30.0,0.9085175756516861,1.875,combined,1726.479452298022,0.0
0.0,30.0,0.9085175756516861,1.9375,arca,445.90499376521586,0.0
0.0,30.0,0.9085175756516861,1.9375,orca,70.47533794098868,0.0
0.0,30.0,0.9085175756516861,1.9375,combined,401.25885919246474,0.0
0.0,30.0,0.9085175756516861,2.0,arca,125.89854479728749,0.0
0.0,30.0,0.9085175756516861,2.0,orca,55.73974737973663,0.0
0.0,30.0,0.9085175756516861,2.0,combined,129.91425466294612,0.0
0.0,30.0,0.9085175756516861,2.0625,arca,62.57628242122447,0.0
0.0,30.0,0.9085175756516861,2.0625,orca,59.6809655718243,0.0
0.0,30.0,0.9085175756516861,2.0625,combined,60.549199433996606,0.0
0.0,30.0,0.9085175756516861,2.125,arca,61.09089620012729,0.0
0.0,30.0,0.9085175756516861,2.125,orca,54.10495562537899,0.0
0.0,30.0,0.9085175756516861,2.125,combined,61.7207471342033,0.0
0.0,30.0,0.9085175756516861,2.1875,arca,57.20895640503976,0.0
0.0,30.0,0.9085175756516861,2.1875,orca,58.12605844367948,0.0
0.0,30.0,0.9085175756516861,2.1875,combined,61.422356438446656,0.0
0.0,30.0,0.9085175756516861,2.25,arca,64.84581807152253,0.0
0.0,30.0,0.9085175756516861,2.25,orca,59.82438300137267,0.0
0.0,30.0,0.9085175756516861,2.25,combined,53.31491235241221,0.0
0.0,30.0,0.9085175756516861,2.3125,arca,65.37686359214497,0.0
0.0,30.0,0.9085175756516861,2.3125,orca,69.96605091060681,0.0
0.0,30.0,0.9085175756516861,2.3125,combined,59.7300457867645,0.0
0.0,30.0,0.9085175756516861,2.375,arca,54.13058071408082,0.0
0.0,30.0,0.9085175756516861,2.375,orca,68.93589618499365,0.0
0.0,30.0,0.9085175756516861,2.375,combined,60.01536318877528,0.0
0.0,30.0,0.9085175756516861,2.4375,arca,59.01725110045007,0.0
0.0,30.0,0.9085175756516861,2.4375,orca,57.005565862708714,0.0
0.0,30.0,0.9085175756516861,2.4375,combined,56.36261197669344,0.0
0.0,30.0,0.9085175756516861,2.5,arca,58.89696723932731,0.0
0.0,30.0,0.9085175756516861,2.5,orca,57.81665204561766,0.0
0.0,30.0,0.9085175756516861,2.5,combined,61.63750212468058,0.0
0.0,30.0,0.9085175756516861,2.5625,arca,59.54022670174676,0.0
0.0,30.0,0.9085175756516861,2.5625,orca,62.702594310063915,0.0
0.0,30.0,0.9085175756516861,2.5625,combined,60.974092534059636,0.0
0.0,30.0,0.9085175756516861,2.625,arca,61.04574204754825,0.0
0.0,30.0,0.9085175756516861,2.625,orca,61.01720857469027,0.0
0.0,30.0,0.9085175756516861,2.625,combined,56.6365535698869,0.0
0.0,30.0,0.9085175756516861,2.6875,arca,66.4302130100275,0.0
0.0,30.0,0.9085175756516861,2.6875,orca,56.562097997176174,0.0
0.0,30.0,0.9085175756516861,2.6875,combined,59.21303254609026,0.0
0.0,30.0,0.9085175756516861,2.75,arca,63.29196633007725,0.0
0.0,30.0,0.9085175756516861,2.75,orca,62.07756520609349,0.0
0.0,30.0,0.9085175756516861,2.75,combined,70.01108851939141,0.0
0.0,30.0,0.9085175756516861,2.8125,arca,69.79016989571736,0.0
0.0,30.0,0.9085175756516861,2.8125,orca,66.79133371776919,0.0
0.0,30.0,0.9085175756516861,2.8125,combined,67.00208038682723,0.0
0.0,30.0,0.9085175756516861,2.875,arca,70.90798238941521,0.0
0.0,30.0,0.9085175756516861,2.875,orca,57.91946380126602,0.0
0.0,30.0,0.9085175756516861,2.875,combined,63.06578470460312,0.0
0.0,30.0,0.9085175756516861,2.9375,arca,60.453284096861005,0.0
0.0,30.0,0.9085175756516861,2.9375,orca,57.91946380126602,0.0
0.0,30.0,0.9085175756516861,2.9375,combined,69.80319811441944,0.0
0.0,30.0,0.9085175756516861,3.0,arca,72.1119407899069,0.0
0.0,30.0,0.9085175756516861,3.0,orca,62.388191264096136,0.0
0.0,30.0,0.9085175756516861,3.0,combined,62.80062108168181,0.0
0.0,30.0,2.6101572156825332,1.5,arca,,
0.0,30.0,2.6101572156825332,1.5,orca,193.4037465125548,0.0
0.0,30.0,2.6101572156825332,1.5,combined,,
0.0,30.0,2.6101572156825332,1.5625,arca,,
0.0,30.0,2.6101572156825332,1.5625,orca,89.56144860480394,0.0
0.0,30.0,2.6101572156825332,1.5625,combined,,
0.0,30.0,2.6101572156825332,1.625,arca,,
0.0,30.0,2.6101572156825332,1.625,orca,65.99500727511341,0.0
0.0,30.0,2.6101572156825332,1.625,combined,,
0.0,30.0,2.6101572156825332,1.6875,arca,,
0.0,30.0,2.6101572156825332,1.6875,orca,58.45130393015567,0.0
0.0,30.0,2.6101572156825332,1.6875,combined,,
0.0,30.0,2.6101572156825332,1.75,arca,,
0.0,30.0,2.6101572156825332,1.75,orca,52.103120759837175,0.0
0.0,30.0,2.6101572156825332,1.75,combined,,
0.0,30.0,2.6101572156825332,1.8125,arca,74555.67860021828,0.0
0.0,30.0,2.6101572156825332,1.8125,orca,57.33988387673068,0.0
0.0,30.0,2.6101572156825332,1.8125,combined,67576.56955582148,0.0
0.0,30.0,2.6101572156825332,1.875,arca,15718.406899743779,0.0
0.0,30.0,2.6101572156825332,1.875,orca,69.81932476338469,0.0
0.0,30.0,2.6101572156825332,1.875,combined,14071.525462206346,0.0
0.0,30.0,2.6101572156825332,1.9375,arca,3658.0036177825887,0.0
0.0,30.0,2.6101572156825332,1.9375,orca,51.413886384129846,0.0
0.0,30.0,2.6101572156825332,1.9375,combined,3210.980907275355,0.0
0.0,30.0,2.6101572156825332,2.0,arca,801.835325330148,0.0
0.0,30.0,2.6101572156825332,2.0,orca,70.95056355317487,0.0
0.0,30.0,2.6101572156825332,2.0,combined,804.1319394034565,0.0
0.0,30.0,2.6101572156825332,2.0625,arca,218.34484214414817,0.0
0.0,30.0,2.6101572156825332,2.0625,orca,62.71119411183126,0.0
0.0,30.0,2.6101572156825332,2.0625,combined,237.12079749574076,0.0
0.0,30.0,2.6101572156825332,2.125,arca,81.55354639984435,0.0
0.0,30.0,2.6101572156825332,2.125,orca,57.83175751596372,0.0
0.0,30.0,2.6101572156825332,2.125,combined,66.95641221238624,0.0
0.0,30.0,2.6101572156825332,2.1875,arca,82.75495275629505,0.0
0.0,30.0,2.6101572156825332,2.1875,orca,61.83093252463989,0.0
0.0,30.0,2.6101572156825332,2.1875,combined,51.96426563691108,0.0
0.0,30.0,2.6101572156825332,2.25,arca,59.23566036678065,0.0
0.0,30.0,2.6101572156825332,2.25,orca,51.09440164355418,0.0
0.0,30.0,2.6101572156825332,2.25,combined,74.09231672523316,0.0
0.0,30.0,2.6101572156825332,2.3125,arca,64.93766322842748,0.0
0.0,30.0,2.6101572156825332,2.3125,orca,66.76086653857934,0.0
0.0,30.0,2.6101572156825332,2.3125,combined,55.459364577334895,0.0
0.0,30.0,2.6101572156825332,2.375,arca,56.76524124831826,0.0
0.0,30.0,2.6101572156825332,2.375,orca,60.30662137328061,0.0
0.0,30.0,2.6101572156825332,2.375,combined,54.45363966709647,0.0
0.0,30.0,2.6101572156825332,2.4375,arca,57.25176098140087,0.0
0.0,30.0,2.6101572156825332,2.4375,orca,57.802371801910624,0.0
0.0,30.0,2.6101572156825332,2.4375,combined,61.37287106952518,0.0
0.0,30.0,2.6101572156825332,2.5,arca,56.37387910117101,0.0
0.0,30.0,2.6101572156825332,2.5,orca,64.72127348748175,0.0
0.0,30.0,2.6101572156825332,2.5,combined,60.26098557131879,0.0
0.0,30.0,2.6101572156825332,2.5625,arca,65.6010551305724,0.0
0.0,30.0,2.6101572156825332,2.5625,orca,66.33840978315224,0.0
0.0,30.0,2.6101572156825332,2.5625,combined,61.36479517595427,0.0
0.0,30.0,2.6101572156825332,2.625,arca,62.09436325816138,0.0
0.0,30.0,2.6101572156825332,2.625,orca,62.56104053236541,0.0
0.0,30.0,2.6101572156825332,2.625,combined,64.25691941205706,0.0
0.0,30.0,2.6101572156825332,2.6875,arca,63.3668132346252,0.0
0.0,30.0,2.6101572156825332,2.6875,orca,55.289425347677785,0.0
0.0,30.0,2.6101572156825332,2.6875,combined,53.854144048383716,0.0
0.0,30.0,2.6101572156825332,2.75,arca,54.837174571672534,0.0
0.0,30.0,2.6101572156825332,2.75,orca,61.474459744697945,0.0
0.0,30.0,2.6101572156825332,2.75,combined,64.25080385852091,0.0
0.0,30.0,2.6101572156825332,2.8125,arca,66.21802736673467,0.0
0.0,30.0,2.6101572156825332,2.8125,orca,64.34976569434983,0.0
0.0,30.0,2.6101572156825332,2.8125,combined,66.50690884906028,0.0
0.0,30.0,2.6101572156825332,2.875,arca,59.95695283522304,0.0
0.0,30.0,2.6101572156825332,2.875,orca,53.07072745619668,0.0
0.0,30.0,2.6101572156825332,2.875,combined,72.07280691033223,0.0
0.0,30.0,2.6101572156825332,2.9375,arca,68.45244675769604,0.0
0.0,30.0,2.6101572156825332,2.9375,orca,63.01925494076431,0.0
0.0,30.0,2.6101572156825332,2.9375,combined,65.8144328712348,0.0
0.0,30.0,2.6101572156825332,3.0,arca,73.06204934710891,0.0
0.0,30.0,2.6101572156825332,3.0,orca,71.28438142135175,0.0
0.0,30.0,2.6101572156825332,3.0,combined,67.4113085847678,0.0
0.0,30.0,7.498942093324558,1.5,arca,,
0.0,30.0,7.498942093324558,1.5,orca,1011.380720985422,0.0
0.0,30.0,7.498942093324558,1.5,combined,,
0.0,30.0,7.498942093324558,1.5625,arca,,
0.0,30.0,7.498942093324558,1.5625,orca,397.30423897581795,0.0
0.0,30.0,7.498942093324558,1.5625,combined,,
0.0,30.0,7.498942093324558,1.625,arca,,
0.0,30.0,7.498942093324558,1.625,orca,189.0842063648942,0.0
0.0,30.0,7.498942093324558,1.625,combined,,
0.0,30.0,7.498942093324558,1.6875,arca,,
0.0,30.0,7.498942093324558,1.6875,orca,115.14202791856613,0.0
0.0,30.0,7.498942093324558,1.6875,combined,,
0.0,30.0,7.498942093324558,1.75,arca,,
0.0,30.0,7.498942093324558,1.75,orca,59.648349464959836,0.0
0.0,30.0,7.498942093324558,1.75,combined,,
0.0,30.0,7.498942093324558,1.8125,arca,,
0.0,30.0,7.498942093324558,1.8125,orca,59.09746389173207,0.0
0.0,30.0,7.498942093324558,1.8125,combined,,
0.0,30.0,7.498942093324558,1.875,arca,133279.35062402626,0.0
0.0,30.0,7.498942093324558,1.875,orca,56.34475691677105,0.0
0.0,30.0,7.498942093324558,1.875,combined,120811.43682890685,0.0
0.0,30.0,7.498942093324558,1.9375,arca,29949.07330858168,0.0
0.0,30.0,7.498942093324558,1.9375,orca,52.20086660476632,0.0
0.0,30.0,7.498942093324558,1.9375,combined,27020.065950240714,0.0
0.0,30.0,7.498942093324558,2.0,arca,7230.506505517881,0.0
0.0,30.0,7.498942093324558,2.0,orca,53.16319677635997,0.0
0.0,30.0,7.498942093324558,2.0,combined,6275.8686180994755,0.0
0.0,30.0,7.498942093324558,2.0625,arca,1780.4256055820156,0.0
0.0,30.0,7.498942093324558,2.0625,orca,59.19146546883773,0.0
0.0,30.0,7.498942093324558,2.0625,combined,1609.1022158515418,0.0
0.0,30.0,7.498942093324558,2.125,arca,405.5375222295909,0.0
0.0,30.0,7.498942093324558,2.125,orca,64.27579015789615,0.0
0.0,30.0,7.498942093324558,2.125,combined,438.5948130474089,0.0
0.0,30.0,7.498942093324558,2.1875,arca,164.38069589252558,0.0
0.0,30.0,7.498942093324558,2.1875,orca,58.344796079408574,0.0
0.0,30.0,7.498942093324558,2.1875,combined,118.47565335214745,0.0
0.0,30.0,7.498942093324558,2.25,arca,59.07180454599421,0.0
0.0,30.0,7.498942093324558,2.25,orca,58.178071792647216,0.0
0.0,30.0,7.498942093324558,2.25,combined,65.0099742056617,0.0
0.0,30.0,7.498942093324558,2.3125,arca,65.08684410997482,0.0
0.0,30.0,7.498942093324558,2.3125,orca,56.71509651165904,0.0
0.0,30.0,7.498942093324558,2.3125,combined,58.169931002800524,0.0
0.0,30.0,7.498942093324558,2.375,arca,55.75460424134303,0.0
0.0,30.0,7.498942093324558,2.375,orca,61.80939840973588,0.0
0.0,30.0,7.498942093324558,2.375,combined,60.191178812164964,0.0
0.0,30.0,7.498942093324558,2.4375,arca,59.980040821844625,0.0
0.0,30.0,7.498942093324558,2.4375,orca,69.21409663293834,0.0
0.0,30.0,7.498942093324558,2.4375,combined,66.14696357343195,0.0
0.0,30.0,7.498942093324558,2.5,arca,69.86801921662891,0.0
0.0,30.0,7.498942093324558,2.5,orca,58.25797223169994,0.0
0.0,30.0,7.498942093324558,2.5,combined,59.867097365619315,0.0
0.0,30.0,7.498942093324558,2.5625,arca,58.39278873573753,0.0
0.0,30.0,7.498942093324558,2.5625,orca,59.55154394299287,0.0
0.0,30.0,7.498942093324558,2.5625,combined,65.00696729577871,0.0
0.0,30.0,7.498942093324558,2.625,arca,56.7595199235043,0.0
0.0,30.0,7.498942093324558,2.625,orca,60.14574273521643,0.0
0.0,30.0,7.498942093324558,2.625,combined,58.9782438489975,0.0
0.0,30.0,7.498942093324558,2.6875,arca,57.358558433808426,0.0
0.0,30.0,7.498942093324558,2.6875,orca,53.24120917847913,0.0
0.0,30.0,7.498942093324558,2.6875,combined,66.22150595898944,0.0
0.0,30.0,7.498942093324558,2.75,arca,58.27929424796265,0.0
0.0,30.0,7.498942093324558,2.75,orca,56.55465962957532,0.0
0.0,30.0,7.498942093324558,2.75,combined,70.63737388593111,0.0
0.0,30.0,7.498942093324558,2.8125,arca,59.49721979597555,0.0
0.0,30.0,7.498942093324558,2.8125,orca,63.95457161833074,0.0
0.0,30.0,7.498942093324558,2.8125,combined,63.77375088673615,0.0
0.0,30.0,7.498942093324558,2.875,arca,65.09858932102834,0.0
0.0,30.0,7.498942093324558,2.875,orca,66.08542045957782,0.0
0.0,30.0,7.498942093324558,2.875,combined,58.77488571263237,0.0
0.0,30.0,7.498942093324558,2.9375,arca,63.75619529684698,0.0
0.0,30.0,7.498942093324558,2.9375,orca,56.782133579510074,0.0
0.0,30.0,7.498942093324558,2.9375,combined,62.59766519324492,0.0
0.0,30.0,7.498942093324558,3.0,arca,59.491240907188214,0.0
0.0,30.0,7.498942093324558,3.0,orca,62.8307814090241,0.0
0.0,30.0,7.498942093324558,3.0,combined,69.8396571937001,0.0
0.0,30.0,21.54434690031882,1.5,arca,,
0.0,30.0,21.54434690031882,1.5,orca,,
0.0,30.0,21.54434690031882,1.5,combined,,
0.0,30.0,21.54434690031882,1.5625,arca,,
0.0,30.0,21.54434690031882,1.5625,orca,,
0.0,30.0,21.54434690031882,1.5625,combined,,
0.0,30.0,21.54434690031882,1.625,arca,,
0.0,30.0,21.54434690031882,1.625,orca,1190.4248166948678,0.0
0.0,30.0,21.54434690031882,1.625,combined,,
0.0,30.0,21.54434690031882,1.6875,arca,,
0.0,30.0,21.54434690031882,1.6875,orca,399.677900927392,0.0
0.0,30.0,21.54434690031882,1.6875,combined,,
0.0,30.0,21.54434690031882,1.75,arca,,
0.0,30.0,21.54434690031882,1.75,orca,208.04710288859883,0.0
0.0,30.0,21.54434690031882,1.75,combined,,
0.0,30.0,21.54434690031882,1.8125,arca,,
0.0,30.0,21.54434690031882,1.8125,orca,106.06157354618014,0.0
0.0,30.0,21.54434690031882,1.8125,combined,,
0.0,30.0,21.54434690031882,1.875,arca,,
0.0,30.0,21.54434690031882,1.875,orca,70.19316860052767,0.0
0.0,30.0,21.54434690031882,1.875,combined,,
0.0,30.0,21.54434690031882,1.9375,arca,250598.27474935882,0.0
0.0,30.0,21.54434690031882,1.9375,orca,56.942582630958206,0.0
0.0,30.0,21.54434690031882,1.9375,combined,227030.55184815841,0.0
0.0,30.0,21.54434690031882,2.0,arca,59163.832479810255,0.0
0.0,30.0,21.54434690031882,2.0,orca,57.11583231351567,0.0
0.0,30.0,21.54434690031882,2.0,combined,52722.6686403574,0.0
0.0,30.0,21.54434690031882,2.0625,arca,14144.050056691029,0.0
0.0,30.0,21.54434690031882,2.0625,orca,58.43802589455195,0.0
0.0,30.0,21.54434690031882,2.0625,combined,13059.336637547964,0.0
0.0,30.0,21.54434690031882,2.125,arca,3621.3794696061823,0.0
0.0,30.0,21.54434690031882,2.125,orca,52.16627111545443,0.0
0.0,30.0,21.54434690031882,2.125,combined,3375.9218383172474,0.0
0.0,30.0,21.54434690031882,2.1875,arca,1035.2997063578475,0.0
0.0,30.0,21.54434690031882,2.1875,orca,58.0495919648462,0.0
0.0,30.0,21.54434690031882,2.1875,combined,911.4413174505244,0.0
0.0,30.0,21.54434690031882,2.25,arca,280.5625181393631,0.0
0.0,30.0,21.54434690031882,2.25,orca,59.249111692604316,0.0
0.0,30.0,21.54434690031882,2.25,combined,246.37651745068285,0.0
0.0,30.0,21.54434690031882,2.3125,arca,96.28704851858691,0.0
0.0,30.0,21.54434690031882,2.3125,orca,58.551341480545005,0.0
0.0,30.0,21.54434690031882,2.3125,combined,80.05131184963386,0.0
0.0,30.0,21.54434690031882,2.375,arca,62.20670173644894,0.0
0.0,30.0,21.54434690031882,2.375,orca,65.20343999553248,0.0
0.0,30.0,21.54434690031882,2.375,combined,61.32486529463749,0.0
0.0,30.0,21.54434690031882,2.4375,arca,67.31729450247971,0.0
0.0,30.0,21.54434690031882,2.4375,orca,66.03095062638171,0.0
0.0,30.0,21.54434690031882,2.4375,combined,61.01485476393226,0.0
0.0,30.0,21.54434690031882,2.5,arca,64.45074063814913,0.0
0.0,30.0,21.54434690031882,2.5,orca,54.32520493929645,0.0
0.0,30.0,21.54434690031882,2.5,combined,60.74665654936925,0.0
0.0,30.0,21.54434690031882,2.5625,arca,60.143214183265364,0.0
0.0,30.0,21.54434690031882,2.5625,orca,63.69644110275691,0.0
0.0,30.0,21.54434690031882,2.5625,combined,59.11683895298554,0.0
0.0,30.0,21.54434690031882,2.625,arca,75.33822147330099,0.0
0.0,30.0,21.54434690031882,2.625,orca,54.71159770210639,0.0
0.0,30.0,21.54434690031882,2.625,combined,69.93968790537285,0.0
0.0,30.0,21.54434690031882,2.6875,arca,58.706817986982585,0.0
0.0,30.0,21.54434690031882,2.6875,orca,65.0745242448433,0.0
0.0,30.0,21.54434690031882,2.6875,combined,54.593155804581905,0.0
0.0,30.0,21.54434690031882,2.75,arca,56.48030810625446,0.0
0.0,30.0,21.54434690031882,2.75,orca,70.48926811171764,0.0
0.0,30.0,21.54434690031882,2.75,combined,63.396962704990045,0.0
0.0,30.0,21.54434690031882,2.8125,arca,58.58296508330145,0.0
0.0,30.0,21.54434690031882,2.8125,orca,60.4071305347901,0.0
0.0,30.0,21.54434690031882,2.8125,combined,69.71440126130454,0.0
0.0,30.0,21.54434690031882,2.875,arca,62.5077363348928,0.0
0.0,30.0,21.54434690031882,2.875,orca,65.03300700797092,0.0
0.0,30.0,21.54434690031882,2.875,combined,61.72209449242942,0.0
0.0,30.0,21.54434690031882,2.9375,arca,61.152720127393145,0.0
0.0,30.0,21.54434690031882,2.9375,orca,64.73035502653684,0.0
0.0,30.0,21.54434690031882,2.9375,combined,65.30989966202563,0.0
0.0,30.0,21.54434690031882,3.0,arca,58.20367556664438,0.0
0.0,30.0,21.54434690031882,3.0,orca,58.56272847089251,0.0
0.0,30.0,21.54434690031882,3.0,combined,57.679217881365155,0.0
0.0,30.0,61.896581889125976,1.5,arca,,
0.0,30.0,61.896581889125976,1.5,orca,,
0.0,30.0,61.896581889125976,1.5,combined,,
0.0,30.0,61.896581889125976,1.5625,arca,,
0.0,30.0,61.896581889125976,1.5625,orca,,
0.0,30.0,61.896581889125976,1.5625,combined,,
0.0,30.0,61.896581889125976,1.625,arca,,
0.0,30.0,61.896581889125976,1.625,orca,,
0.0,30.0,61.896581889125976,1.625,combined,,
0.0,30.0,61.896581889125976,1.6875,arca,,
0.0,30.0,61.896581889125976,1.6875,orca,,
0.0,30.0,61.896581889125976,1.6875,combined,,
0.0,30.0,61.896581889125976,1.75,arca,,
0.0,30.0,61.896581889125976,1.75,orca,1142.2481975588985,0.0
0.0,30.0,61.896581889125976,1.75,combined,,
0.0,30.0,61.896581889125976,1.8125,arca,,
0.0,30.0,61.896581889125976,1.8125,orca,522.4937163375225,0.0
0.0,30.0,61.896581889125976,1.8125,combined,,
0.0,30.0,61.896581889125976,1.875,arca,,
0.0,30.0,61.896581889125976,1.875,orca,223.19993205367757,0.0
0.0,30.0,61.896581889125976,1.875,combined,,
0.0,30.0,61.896581889125976,1.9375,arca,,
0.0,30.0,61.896581889125976,1.9375,orca,128.76900402471514,0.0
0.0,30.0,61.896581889125976,1.9375,combined,,
0.0,30.0,61.896581889125976,2.0,arca,,
0.0,30.0,61.896581889125976,2.0,orca,82.25623827658728,0.0
0.0,30.0,61.896581889125976,2.0,combined,,
0.0,30.0,61.896581889125976,2.0625,arca,119112.90741785783,0.0
0.0,30.0,61.896581889125976,2.0625,orca,57.59806543385493,0.0
0.0,30.0,61.896581889125976,2.0625,combined,109414.82469335356,0.0
0.0,30.0,61.896581889125976,2.125,arca,30413.18735045225,0.0
0.0,30.0,61.896581889125976,2.125,orca,51.925353816718726,0.0
0.0,30.0,61.896581889125976,2.125,combined,27599.636147588528,0.0
0.0,30.0,61.896581889125976,2.1875,arca,8033.570121246158,0.0
0.0,30.0,61.896581889125976,2.1875,orca,57.64458656920968,0.0
0.0,30.0,61.896581889125976,2.1875,combined,7197.22890050616,0.0
0.0,30.0,61.896581889125976,2.25,arca,2134.840153950765,0.0
0.0,30.0,61.896581889125976,2.25,orca,62.549939081404226,0.0
0.0,30.0,61.896581889125976,2.25,combined,1922.6301694643666,0.0
0.0,30.0,61.896581889125976,2.3125,arca,577.3364839943124,0.0
0.0,30.0,61.896581889125976,2.3125,orca,52.48239129823773,0.0
0.0,30.0,61.896581889125976,2.3125,combined,574.9869908681345,0.0
0.0,30.0,61.896581889125976,2.375,arca,223.11458195921165,0.0
0.0,30.0,61.896581889125976,2.375,orca,57.08685162846805,0.0
0.0,30.0,61.896581889125976,2.375,combined,198.75558819696985,0.0
0.0,30.0,61.896581889125976,2.4375,arca,88.35631547006517,0.0
0.0,30.0,61.896581889125976,2.4375,orca,61.56453006942314,0.0
0.0,30.0,61.896581889125976,2.4375,combined,83.40517067976099,0.0
0.0,30.0,61.896581889125976,2.5,arca,65.2782222691265,0.0
0.0,30.0,61.896581889125976,2.5,orca,62.389886084178976,0.0
0.0,30.0,61.896581889125976,2.5,combined,59.13020982616428,0.0
0.0,30.0,61.896581889125976,2.5625,arca,64.86034595321783,0.0
0.0,30.0,61.896581889125976,2.5625,orca,72.04431002954004,0.0
0.0,30.0,61.896581889125976,2.5625,combined,54.90381166052009,0.0
0.0,30.0,61.896581889125976,2.625,arca,64.95323010366931,0.0
0.0,30.0,61.896581889125976,2.625,orca,61.050856310305974,0.0
0.0,30.0,61.896581889125976,2.625,combined,61.0779207706814,0.0
0.0,30.0,61.896581889125976,2.6875,arca,61.47818631492168,0.0
0.0,30.0,61.896581889125976,2.6875,orca,76.17266697047953,0.0
0.0,30.0,61.896581889125976,2.6875,combined,54.03896004543034,0.0
0.0,30.0,61.896581889125976,2.75,arca,60.90207922554948,0.0
0.0,30.0,61.896581889125976,2.75,orca,62.03978171061356,0.0
0.0,30.0,61.896581889125976,2.75,combined,65.98724797569358,0.0
0.0,30.0,61.896581889125976,2.8125,arca,61.270895918589424,0.0
0.0,30.0,61.896581889125976,2.8125,orca,62.48800880088009,0.0
0.0,30.0,61.896581889125976,2.8125,combined,60.24959082986202,0.0
0.0,30.0,61.896581889125976,2.875,arca,59.62623824410061,0.0
0.0,30.0,61.896581889125976,2.875,orca,70.09386231298583,0.0
0.0,30.0,61.896581889125976,2.875,combined,59.931124075867444,0.0
0.0,30.0,61.896581889125976,2.9375,arca,67.665890677913,0.0
0.0,30.0,61.896581889125976,2.9375,orca,59.49139732246498,0.0
0.0,30.0,61.896581889125976,2.9375,combined,58.88603517556783,0.0
0.0,30.0,61.896581889125976,3.0,arca,69.40523742164807,0.0
0.0,30.0,61.896581889125976,3.0,orca,60.77462971564225,0.0
0.0,30.0,61.896581889125976,3.0,combined,59.42187957710846,0.0
0.0,30.0,177.82794100389228,1.5,arca,,
0.0,30.0,177.82794100389228,1.5,orca,,
0.0,30.0,177.82794100389228,1.5,combined,,
0.0,30.0,177.82794100389228,1.5625,arca,,
0.0,30.0,177.82794100389228,1.5625,orca,,
0.0,30.0,177.82794100389228,1.5625,combined,,
0.0,30.0,177.82794100389228,1.625,arca,,
0.0,30.0,177.82794100389228,1.625,orca,,
0.0,30.0,177.82794100389228,1.625,combined,,
0.0,30.0,177.82794100389228,1.6875,arca,,
0.0,30.0,177.82794100389228,1.6875,orca,,
0.0,30.0,177.82794100389228,1.6875,combined,,
0.0,30.0,177.82794100389228,1.75,arca,,
0.0,30.0,177.82794100389228,1.75,orca,,
0.0,30.0,177.82794100389228,1.75,combined,,
0.0,30.0,177.82794100389228,1.8125,arca,,
0.0,30.0,177.82794100389228,1.8125,orca,,
0.0,30.0,177.82794100389228,1.8125,combined,,
0.0,30.0,177.82794100389228,1.875,arca,,
0.0,30.0,177.82794100389228,1.875,orca,1395.2038184132375,0.0
0.0,30.0,177.82794100389228,1.875,combined,,
0.0,30.0,177.82794100389228,1.9375,arca,,
0.0,30.0,177.82794100389228,1.9375,orca,621.1122656426475,0.0
0.0,30.0,177.82794100389228,1.9375,combined,,
0.0,30.0,177.82794100389228,2.0,arca,,
0.0,30.0,177.82794100389228,2.0,orca,287.90252420568436,0.0
0.0,30.0,177.82794100389228,2.0,combined,,
0.0,30.0,177.82794100389228,2.0625,arca,,
0.0,30.0,177.82794100389228,2.0625,orca,144.71285628519968,0.0
0.0,30.0,177.82794100389228,2.0625,combined,,
0.0,30.0,177.82794100389228,2.125,arca,252433.07523694905,0.0
0.0,30.0,177.82794100389228,2.125,orca,99.28908537798878,0.0
0.0,30.0,177.82794100389228,2.125,combined,230390.31943638728,0.0
0.0,30.0,177.82794100389228,2.1875,arca,65937.79314367528,0.0
0.0,30.0,177.82794100389228,2.1875,orca,72.33100926791941,0.0
0.0,30.0,177.82794100389228,2.1875,combined,61352.000545732706,0.0
0.0,30.0,177.82794100389228,2.25,arca,17895.11832711087,0.0
0.0,30.0,177.82794100389228,2.25,orca,63.81145074660442,0.0
0.0,30.0,177.82794100389228,2.25,combined,16852.21892059756,0.0
0.0,30.0,177.82794100389228,2.3125,arca,5366.07497176671,0.0
0.0,30.0,177.82794100389228,2.3125,orca,62.669094219390075,0.0
0.0,30.0,177.82794100389228,2.3125,combined,4754.654798196428,0.0
0.0,30.0,177.82794100389228,2.375,arca,1417.6153470427685,0.0
0.0,30.0,177.82794100389228,2.375,orca,56.80837505689577,0.0
0.0,30.0,177.82794100389228,2.375,combined,1408.398231454464,0.0
0.0,30.0,177.82794100389228,2.4375,arca,456.11564118636807,0.0
0.0,30.0,177.82794100389228,2.4375,orca,65.03001526199762,0.0
0.0,30.0,177.82794100389228,2.4375,combined,397.2019924689418,0.0
0.0,30.0,177.82794100389228,2.5,arca,191.7600085747737,0.0
0.0,30.0,177.82794100389228,2.5,orca,62.151922276197084,0.0
0.0,30.0,177.82794100389228,2.5,combined,166.692156810458,0.0
0.0,30.0,177.82794100389228,2.5625,arca,76.47429453437289,0.0
0.0,30.0,177.82794100389228,2.5625,orca,58.57733116263402,0.0
0.0,30.0,177.82794100389228,2.5625,combined,71.94313554650688,0.0
0.0,30.0,177.82794100389228,2.625,arca,57.613746529403606,0.0
0.0,30.0,177.82794100389228,2.625,orca,54.72616123111675,0.0
0.0,30.0,177.82794100389228,2.625,combined,58.0998211980912,0.0
0.0,30.0,177.82794100389228,2.6875,arca,61.84198273417354,0.0
0.0,30.0,177.82794100389228,2.6875,orca,54.617942812201576,0.0
0.0,30.0,177.82794100389228,2.6875,combined,57.8454016243092,0.0
0.0,30.0,177.82794100389228,2.75,arca,63.178129348378015,0.0
0.0,30.0,177.82794100389228,2.75,orca,61.58497051672582,0.0
0.0,30.0,177.82794100389228,2.75,combined,55.15766595794945,0.0
0.0,30.0,177.82794100389228,2.8125,arca,71.45072772476374,0.0
0.0,30.0,177.82794100389228,2.8125,orca,70.52758543667636,0.0
0.0,30.0,177.82794100389228,2.8125,combined,53.96500623621972,0.0
0.0,30.0,177.82794100389228,2.875,arca,66.4713409405712,0.0
0.0,30.0,177.82794100389228,2.875,orca,60.11073726935298,0.0
0.0,30.0,177.82794100389228,2.875,combined,61.76186873463212,0.0
0.0,30.0,177.82794100389228,2.9375,arca,60.84136875910869,0.0
0.0,30.0,177.82794100389228,2.9375,orca,66.12377501441162,0.0
0.0,30.0,177.82794100389228,2.9375,combined,62.47945849393625,0.0
0.0,30.0,177.82794100389228,3.0,arca,57.28521682928999,0.0
0.0,30.0,177.82794100389228,3.0,orca,54.50959593198097,0.0
0.0,30.0,177.82794100389228,3.0,combined,55.73288332858665,0.0
0.0,30.0,510.8969774506914,1.5,arca,,
0.0,30.0,510.8969774506914,1.5,orca,,
0.0,30.0,510.8969774506914,1.5,combined,,
0.0,30.0,510.8969774506914,1.5625,arca,,
0.0,30.0,510.8969774506914,1.5625,orca,,
0.0,30.0,510.8969774506914,1.5625,combined,,
0.0,30.0,510.8969774506914,1.625,arca,,
0.0,30.0,510.8969774506914,1.625,orca,,
0.0,30.0,510.8969774506914,1.625,combined,,
0.0,30.0,510.8969774506914,1.6875,arca,,
0.0,30.0,510.8969774506914,1.6875,orca,,
0.0,30.0,510.8969774506914,1.6875,combined,,
0.0,30.0,510.8969774506914,1.75,arca,,
0.0,30.0,510.8969774506914,1.75,orca,,
0.0,30.0,510.8969774506914,1.75,combined,,
0.0,30.0,510.8969774506914,1.8125,arca,,
0.0,30.0,510.8969774506914,1.8125,orca,,
0.0,30.0,510.8969774506914,1.8125,combined,,
0.0,30.0,510.8969774506914,1.875,arca,,
0.0,30.0,510.8969774506914,1.875,orca,,
0.0,30.0,510.8969774506914,1.875,combined,,
0.0,30.0,510.8969774506914,1.9375,arca,,
0.0,30.0,510.8969774506914,1.9375,orca,,
0.0,30.0,510.8969774506914,1.9375,combined,,
0.0,30.0,510.8969774506914,2.0,arca,,
0.0,30.0,510.8969774506914,2.0,orca,2050.5903004388438,0.0
0.0,30.0,510.8969774506914,2.0,combined,,
0.0,30.0,510.8969774506914,2.0625,arca,,
0.0,30.0,510.8969774506914,2.0625,orca,747.9280982845496,0.0
0.0,30.0,510.8969774506914,2.0625,combined,,
0.0,30.0,510.8969774506914,2.125,arca,,
0.0,30.0,510.8969774506914,2.125,orca,455.58745613042004,0.0
0.0,30.0,510.8969774506914,2.125,combined,,
0.0,30.0,510.8969774506914,2.1875,arca,,
0.0,30.0,510.8969774506914,2.1875,orca,202.9063343658529,0.0
0.0,30.0,510.8969774506914,2.1875,combined,,
0.0,30.0,510.8969774506914,2.25,arca,149004.6121996242,0.0
0.0,30.0,510.8969774506914,2.25,orca,144.9164936431639,0.0
0.0,30.0,510.8969774506914,2.25,combined,140201.1279283582,0.0
0.0,30.0,510.8969774506914,2.3125,arca,42290.00299365504,0.0
0.0,30.0,510.8969774506914,2.3125,orca,78.58374299759917,0.0
0.0,30.0,510.8969774506914,2.3125,combined,39912.72450469238,0.0
0.0,30.0,510.8969774506914,2.375,arca,12898.374967774345,0.0
0.0,30.0,510.8969774506914,2.375,orca,58.625755898134734,0.0
0.0,30.0,510.8969774506914,2.375,combined,11408.23083275163,0.0
0.0,30.0,510.8969774506914,2.4375,arca,3730.394442830353,0.0
0.0,30.0,510.8969774506914,2.4375,orca,55.94224768820558,0.0
0.0,30.0,510.8969774506914,2.4375,combined,3562.4701891270483,0.0
0.0,30.0,510.8969774506914,2.5,arca,1140.7790031911347,0.0
0.0,30.0,510.8969774506914,2.5,orca,63.91841069355158,0.0
0.0,30.0,510.8969774506914,2.5,combined,1082.0228865459612,0.0
0.0,30.0,510.8969774506914,2.5625,arca,383.1078323985483,0.0
0.0,30.0,510.8969774506914,2.5625,orca,57.63944808866772,0.0
0.0,30.0,510.8969774506914,2.5625,combined,379.1694674093154,0.0
0.0,30.0,510.8969774506914,2.625,arca,119.6542103544607,0.0
0.0,30.0,510.8969774506914,2.625,orca,57.033113511996646,0.0
0.0,30.0,510.8969774506914,2.625,combined,137.14593779710162,0.0
0.0,30.0,510.8969774506914,2.6875,arca,83.20655192659096,0.0
0.0,30.0,510.8969774506914,2.6875,orca,57.4880797327142,0.0
0.0,30.0,510.8969774506914,2.6875,combined,73.86874347041504,0.0
0.0,30.0,510.8969774506914,2.75,arca,58.14258768285123,0.0
0.0,30.0,510.8969774506914,2.75,orca,71.31625481750172,0.0
0.0,30.0,510.8969774506914,2.75,combined,70.17446398087579,0.0
0.0,30.0,510.8969774506914,2.8125,arca,56.93940113441498,0.0
0.0,30.0,510.8969774506914,2.8125,orca,53.51016248655381,0.0
0.0,30.0,510.8969774506914,2.8125,combined,65.77299178203893,0.0
0.0,30.0,510.8969774506914,2.875,arca,53.70488727383044,0.0
0.0,30.0,510.8969774506914,2.875,orca,57.25325325325325,0.0
0.0,30.0,510.8969774506914,2.875,combined,62.62900538835511,0.0
0.0,30.0,510.8969774506914,2.9375,arca,60.87150403260375,0.0
0.0,30.0,510.8969774506914,2.9375,orca,63.156407669021206,0.0
0.0,30.0,510.8969774506914,2.9375,combined,57.25797706252313,0.0
0.0,30.0,510.8969774506914,3.0,arca,62.59279956480888,0.0
0.0,30.0,510.8969774506914,3.0,orca,65.04089219330855,0.0
0.0,30.0,510.8969774506914,3.0,combined,55.07145050428703,0.0
0.0,30.0,1467.7992676220676,1.5,arca,,
0.0,30.0,1467.7992676220676,1.5,orca,,
0.0,30.0,1467.7992676220676,1.5,combined,,
0.0,30.0,1467.7992676220676,1.5625,arca,,
0.0,30.0,1467.7992676220676,1.5625,orca,,
0.0,30.0,1467.7992676220676,1.5625,combined,,
0.0,30.0,1467.7992676220676,1.625,arca,,
0.0,30.0,1467.7992676220676,1.625,orca,,
0.0,30.0,1467.7992676220676,1.625,combined,,
0.0,30.0,1467.7992676220676,1.6875,arca,,
0.0,30.0,1467.7992676220676,1.6875,orca,,
0.0,30.0,1467.7992676220676,1.6875,combined,,
0.0,30.0,1467.7992676220676,1.75,arca,,
0.0,30.0,1467.7992676220676,1.75,orca,,
0.0,30.0,1467.7992676220676,1.75,combined,,
0.0,30.0,1467.7992676220676,1.8125,arca,,
0.0,30.0,1467.7992676220676,1.8125,orca,,
0.0,30.0,1467.7992676220676,1.8125,combined,,
0.0,30.0,1467.7992676220676,1.875,arca,,
0.0,30.0,1467.7992676220676,1.875,orca,,
0.0,30.0,1467.7992676220676,1.875,combined,,
0.0,30.0,1467.7992676220676,1.9375,arca,,
0.0,30.0,1467.7992676220676,1.9375,orca,,
0.0,30.0,1467.7992676220676,1.9375,combined,,
0.0,30.0,1467.7992676220676,2.0,arca,,
0.0,30.0,1467.7992676220676,2.0,orca,,
0.0,30.0,1467.7992676220676,2.0,combined,,
0.0,30.0,1467.7992676220676,2.0625,arca,,
0.0,30.0,1467.7992676220676,2.0625,orca,,
0.0,30.0,1467.7992676220676,2.0625,combined,,
0.0,30.0,1467.7992676220676,2.125,arca,,
0.0,30.0,1467.7992676220676,2.125,orca,2402.204689213123,0.0
0.0,30.0,1467.7992676220676,2.125,combined,,
0.0,30.0,1467.7992676220676,2.1875,arca,,
0.0,30.0,1467.7992676220676,2.1875,orca,1046.3604032166722,0.0
0.0,30.0,1467.7992676220676,2.1875,combined,,
0.0,30.0,1467.7992676220676,2.25,arca,,
0.0,30.0,1467.7992676220676,2.25,orca,567.0272382354608,0.0
0.0,30.0,1467.7992676220676,2.25,combined,,
0.0,30.0,1467.7992676220676,2.3125,arca,,
0.0,30.0,1467.7992676220676,2.3125,orca,318.9762267773449,0.0
0.0,30.0,1467.7992676220676,2.3125,combined,,
0.0,30.0,1467.7992676220676,2.375,arca,105104.36473057015,0.0
0.0,30.0,1467.7992676220676,2.375,orca,183.37351896576217,0.0
0.0,30.0,1467.7992676220676,2.375,combined,95457.71595017603,0.0
0.0,30.0,1467.7992676220676,2.4375,arca,31105.916658668877,0.0
0.0,30.0,1467.7992676220676,2.4375,orca,108.24142283419391,0.0
0.0,30.0,1467.7992676220676,2.4375,combined,29483.72994825067,0.0
0.0,30.0,1467.7992676220676,2.5,arca,9953.280706043257,0.0
0.0,30.0,1467.7992676220676,2.5,orca,64.59436333342745,0.0
0.0,30.0,1467.7992676220676,2.5,combined,8962.19991689545,0.0
0.0,30.0,1467.7992676220676,2.5625,arca,3066.052313584364,0.0
0.0,30.0,1467.7992676220676,2.5625,orca,67.3109518527998,0.0
0.0,30.0,1467.7992676220676,2.5625,combined,2992.90335267665,0.0
0.0,30.0,1467.7992676220676,2.625,arca,1094.3377645179603,0.0
0.0,30.0,1467.7992676220676,2.625,orca,85.03752164164277,0.0
0.0,30.0,1467.7992676220676,2.625,combined,964.3348938215347,0.0
0.0,30.0,1467.7992676220676,2.6875,arca,331.3467725708932,0.0
0.0,30.0,1467.7992676220676,2.6875,orca,58.11140102098696,0.0
0.0,30.0,1467.7992676220676,2.6875,combined,386.6519221642146,0.0
0.0,30.0,1467.7992676220676,2.75,arca,165.02912518883545,0.0
0.0,30.0,1467.7992676220676,2.75,orca,57.35218450728168,0.0
0.0,30.0,1467.7992676220676,2.75,combined,122.64590607451268,0.0
0.0,30.0,1467.7992676220676,2.8125,arca,64.57873178260826,0.0
0.0,30.0,1467.7992676220676,2.8125,orca,59.31642387889174,0.0
0.0,30.0,1467.7992676220676,2.8125,combined,62.174280157487786,0.0
0.0,30.0,1467.7992676220676,2.875,arca,59.06731279741197,0.0
0.0,30.0,1467.7992676220676,2.875,orca,58.35273904523896,0.0
0.0,30.0,1467.7992676220676,2.875,combined,58.705431128367806,0.0
0.0,30.0,1467.7992676220676,2.9375,arca,64.6024115458695,0.0
0.0,30.0,1467.7992676220676,2.9375,orca,61.123005936471316,0.0
0.0,30.0,1467.7992676220676,2.9375,combined,52.12838991086667,0.0
0.0,30.0,1467.7992676220676,3.0,arca,60.49185934155807,0.0
0.0,30.0,1467.7992676220676,3.0,orca,58.69277613274486,0.0
0.0,30.0,1467.7992676220676,3.0,combined,60.75659310768941,0.0
0.0,30.0,4216.965034285822,1.5,arca,,
0.0,30.0,4216.965034285822,1.5,orca,,
0.0,30.0,4216.965034285822,1.5,combined,,
0.0,30.0,4216.965034285822,1.5625,arca,,
0.0,30.0,4216.965034285822,1.5625,orca,,
0.0,30.0,4216.965034285822,1.5625,combined,,
0.0,30.0,4216.965034285822,1.625,arca,,
0.0,30.0,4216.965034285822,1.625,orca,,
0.0,30.0,4216.965034285822,1.625,combined,,
0.0,30.0,4216.965034285822,1.6875,arca,,
0.0,30.0,4216.965034285822,1.6875,orca,,
0.0,30.0,4216.965034285822,1.6875,combined,,
0.0,30.0,4216.965034285822,1.75,arca,,
0.0,30.0,4216.965034285822,1.75,orca,,
0.0,30.0,4216.965034285822,1.75,combined,,
0.0,30.0,4216.965034285822,1.8125,arca,,
0.0,30.0,4216.965034285822,1.8125,orca,,
0.0,30.0,4216.965034285822,1.8125,combined,,
0.0,30.0,4216.965034285822,1.875,arca,,
0.0,30.0,4216.965034285822,1.875,orca,,
0.0,30.0,4216.965034285822,1.875,combined,,
0.0,30.0,4216.965034285822,1.9375,arca,,
0.0,30.0,4216.965034285822,1.9375,orca,,
0.0,30.0,4216.965034285822,1.9375,combined,,
0.0,30.0,4216.965034285822,2.0,arca,,
0.0,30.0,4216.965034285822,2.0,orca,,
0.0,30.0,4216.965034285822,2.0,combined,,
0.0,30.0,4216.965034285822,2.0625,arca,,
0.0,30.0,4216.965034285822,2.0625,orca,,
0.0,30.0,4216.965034285822,2.0625,combined,,
0.0,30.0,4216.965034285822,2.125,arca,,
0.0,30.0,4216.965034285822,2.125,orca,,
0.0,30.0,4216.965034285822,2.125,combined,,
0.0,30.0,4216.965034285822,2.1875,arca,,
0.0,30.0,4216.965034285822,2.1875,orca,,
0.0,30.0,4216.965034285822,2.1875,combined,,
0.0,30.0,4216.965034285822,2.25,arca,,
0.0,30.0,4216.965034285822,2.25,orca,,
0.0,30.0,4216.965034285822,2.25,combined,,
0.0,30.0,4216.965034285822,2.3125,arca,,
0.0,30.0,4216.965034285822,2.3125,orca,2035.56981058387,0.0
0.0,30.0,4216.965034285822,2.3125,combined,,
0.0,30.0,4216.965034285822,2.375,arca,,
0.0,30.0,4216.965034285822,2.375,orca,980.1591223561968,0.0
0.0,30.0,4216.965034285822,2.375,combined,,
0.0,30.0,4216.965034285822,2.4375,arca,262988.66981562757,0.0
0.0,30.0,4216.965034285822,2.4375,orca,492.16574850976065,0.0
0.0,30.0,4216.965034285822,2.4375,combined,242852.3529510336,0.0
0.0,30.0,4216.965034285822,2.5,arca,81385.80863796193,0.0
0.0,30.0,4216.965034285822,2.5,orca,250.44061650045336,0.0
0.0,30.0,4216.965034285822,2.5,combined,77193.73090367723,0.0
0.0,30.0,4216.965034285822,2.5625,arca,26232.618359341403,0.0
0.0,30.0,4216.965034285822,2.5625,orca,181.2079606823442,0.0
0.0,30.0,4216.965034285822,2.5625,combined,24297.596075538597,0.0
0.0,30.0,4216.965034285822,2.625,arca,8522.033095426908,0.0
0.0,30.0,4216.965034285822,2.625,orca,110.58515531830314,0.0
0.0,30.0,4216.965034285822,2.625,combined,8005.435791242493,0.0
0.0,30.0,4216.965034285822,2.6875,arca,2930.8302026317697,0.0
0.0,30.0,4216.965034285822,2.6875,orca,103.02953203089506,0.0
0.0,30.0,4216.965034285822,2.6875,combined,2804.5323013366888,0.0
0.0,30.0,4216.965034285822,2.75,arca,1015.2669046778435,0.0
0.0,30.0,4216.965034285822,2.75,orca,84.82854534561949,0.0
0.0,30.0,4216.965034285822,2.75,combined,1013.6181216236661,0.0
0.0,30.0,4216.965034285822,2.8125,arca,382.78239603157067,0.0
0.0,30.0,4216.965034285822,2.8125,orca,72.90363219432098,0.0
0.0,30.0,4216.965034285822,2.8125,combined,347.9584918641445,0.0
0.0,30.0,4216.965034285822,2.875,arca,120.86289883659944,0.0
0.0,30.0,4216.965034285822,2.875,orca,60.39270441695604,0.0
0.0,30.0,4216.965034285822,2.875,combined,152.79018963697388,0.0
0.0,30.0,4216.965034285822,2.9375,arca,70.19229551451187,0.0
0.0,30.0,4216.965034285822,2.9375,orca,58.82122338627915,0.0
0.0,30.0,4216.965034285822,2.9375,combined,85.72048232035195,0.0
0.0,30.0,4216.965034285822,3.0,arca,64.2242449426493,0.0
0.0,30.0,4216.965034285822,3.0,orca,61.043000369223776,0.0
0.0,30.0,4216.965034285822,3.0,combined,59.29822396754024,0.0
0.0,30.0,12115.276586285852,1.5,arca,,
0.0,30.0,12115.276586285852,1.5,orca,,
0.0,30.0,12115.276586285852,1.5,combined,,
0.0,30.0,12115.276586285852,1.5625,arca,,
0.0,30.0,12115.276586285852,1.5625,orca,,
0.0,30.0,12115.276586285852,1.5625,combined,,
0.0,30.0,12115.276586285852,1.625,arca,,
0.0,30.0,12115.276586285852,1.625,orca,,
0.0,30.0,12115.276586285852,1.625,combined,,
0.0,30.0,12115.276586285852,1.6875,arca,,
0.0,30.0,12115.276586285852,1.6875,orca,,
0.0,30.0,12115.276586285852,1.6875,combined,,
0.0,30.0,12115.276586285852,1.75,arca,,
0.0,30.0,12115.276586285852,1.75,orca,,
0.0,30.0,12115.276586285852,1.75,combined,,
0.0,30.0,12115.276586285852,1.8125,arca,,
0.0,30.0,12115.276586285852,1.8125,orca,,
0.0,30.0,12115.276586285852,1.8125,combined,,
0.0,30.0,12115.276586285852,1.875,arca,,
0.0,30.0,12115.276586285852,1.875,orca,,
0.0,30.0,12115.276586285852,1.875,combined,,
0.0,30.0,12115.276586285852,1.9375,arca,,
0.0,30.0,12115.276586285852,1.9375,orca,,
0.0,30.0,12115.276586285852,1.9375,combined,,
0.0,30.0,12115.276586285852,2.0,arca,,
0.0,30.0,12115.276586285852,2.0,orca,,
0.0,30.0,12115.276586285852,2.0,combined,,
0.0,30.0,12115.276586285852,2.0625,arca,,
0.0,30.0,12115.276586285852,2.0625,orca,,
0.0,30.0,12115.276586285852,2.0625,combined,,
0.0,30.0,12115.276586285852,2.125,arca,,
0.0,30.0,12115.276586285852,2.125,orca,,
0.0,30.0,12115.276586285852,2.125,combined,,
0.0,30.0,12115.276586285852,2.1875,arca,,
0.0,30.0,12115.276586285852,2.1875,orca,,
0.0,30.0,12115.276586285852,2.1875,combined,,
0.0,30.0,12115.276586285852,2.25,arca,,
0.0,30.0,12115.276586285852,2.25,orca,,
0.0,30.0,12115.276586285852,2.25,combined,,
0.0,30.0,12115.276586285852,2.3125,arca,,
0.0,30.0,12115.276586285852,2.3125,orca,,
0.0,30.0,12115.276586285852,2.3125,combined,,
0.0,30.0,12115.276586285852,2.375,arca,,
0.0,30.0,12115.276586285852,2.375,orca,,
0.0,30.0,12115.276586285852,2.375,combined,,
0.0,30.0,12115.276586285852,2.4375,arca,,
0.0,30.0,12115.276586285852,2.4375,orca,3642.2869628347253,0.0
0.0,30.0,12115.276586285852,2.4375,combined,,
0.0,30.0,12115.276586285852,2.5,arca,,
0.0,30.0,12115.276586285852,2.5,orca,2139.1124712224155,0.0
0.0,30.0,12115.276586285852,2.5,combined,,
0.0,30.0,12115.276586285852,2.5625,arca,217934.3855949277,0.0
0.0,30.0,12115.276586285852,2.5625,orca,1123.4508768461776,0.0
0.0,30.0,12115.276586285852,2.5625,combined,203285.46010744784,0.0
0.0,30.0,12115.276586285852,2.625,arca,71130.34443972836,0.0
0.0,30.0,12115.276586285852,2.625,orca,642.0670416453609,0.0
0.0,30.0,12115.276586285852,2.625,combined,67920.8668452062,0.0
0.0,30.0,12115.276586285852,2.6875,arca,23433.048923290662,0.0
0.0,30.0,12115.276586285852,2.6875,orca,405.0818150956207,0.0
0.0,30.0,12115.276586285852,2.6875,combined,22779.92727667072,0.0
0.0,30.0,12115.276586285852,2.75,arca,8267.072724150232,0.0
0.0,30.0,12115.276586285852,2.75,orca,245.72339940760992,0.0
0.0,30.0,12115.276586285852,2.75,combined,8239.656588049897,0.0
0.0,30.0,12115.276586285852,2.8125,arca,2963.7246741329745,0.0
0.0,30.0,12115.276586285852,2.8125,orca,185.04591588758328,0.0
0.0,30.0,12115.276586285852,2.8125,combined,2995.785618225701,0.0
0.0,30.0,12115.276586285852,2.875,arca,1059.8247262791785,0.0
0.0,30.0,12115.276586285852,2.875,orca,124.62103889472041,0.0
0.0,30.0,12115.276586285852,2.875,combined,1179.9400302518015,0.0
0.0,30.0,12115.276586285852,2.9375,arca,387.34295895473133,0.0
0.0,30.0,12115.276586285852,2.9375,orca,93.03077010741048,0.0
0.0,30.0,12115.276586285852,2.9375,combined,473.5207104450359,0.0
0.0,30.0,12115.276586285852,3.0,arca,160.78012539950066,0.0
0.0,30.0,12115.276586285852,3.0,orca,74.78361398047262,0.0
0.0,30.0,12115.276586285852,3.0,combined,189.3892693115602,0.0
0.0,30.0,34807.00588428406,1.5,arca,,
0.0,30.0,34807.00588428406,1.5,orca,,
0.0,30.0,34807.00588428406,1.5,combined,,
0.0,30.0,34807.00588428406,1.5625,arca,,
0.0,30.0,34807.00588428406,1.5625,orca,,
0.0,30.0,34807.00588428406,1.5625,combined,,
0.0,30.0,34807.00588428406,1.625,arca,,
0.0,30.0,34807.00588428406,1.625,orca,,
0.0,30.0,34807.00588428406,1.625,combined,,
0.0,30.0,34807.00588428406,1.6875,arca,,
0.0,30.0,34807.00588428406,1.6875,orca,,
0.0,30.0,34807.00588428406,1.6875,combined,,
0.0,30.0,34807.00588428406,1.75,arca,,
0.0,30.0,34807.00588428406,1.75,orca,,
0.0,30.0,34807.00588428406,1.75,combined,,
0.0,30.0,34807.00588428406,1.8125,arca,,
0.0,30.0,34807.00588428406,1.8125,orca,,
0.0,30.0,34807.00588428406,1.8125,combined,,
0.0,30.0,34807.00588428406,1.875,arca,,
0.0,30.0,34807.00588428406,1.875,orca,,
0.0,30.0,34807.00588428406,1.875,combined,,
0.0,30.0,34807.00588428406,1.9375,arca,,
0.0,30.0,34807.00588428406,1.9375,orca,,
0.0,30.0,34807.00588428406,1.9375,combined,,
0.0,30.0,34807.00588428406,2.0,arca,,
0.0,30.0,34807.00588428406,2.0,orca,,
0.0,30.0,34807.00588428406,2.0,combined,,
0.0,30.0,34807.00588428406,2.0625,arca,,
0.0,30.0,34807.00588428406,2.0625,orca,,
0.0,30.0,34807.00588428406,2.0625,combined,,
0.0,30.0,34807.00588428406,2.125,arca,,
0.0,30.0,34807.00588428406,2.125,orca,,
0.0,30.0,34807.00588428406,2.125,combined,,
0.0,30.0,34807.00588428406,2.1875,arca,,
0.0,30.0,34807.00588428406,2.1875,orca,,
0.0,30.0,34807.00588428406,2.1875,combined,,
0.0,30.0,34807.00588428406,2.25,arca,,
0.0,30.0,34807.00588428406,2.25,orca,,
0.0,30.0,34807.00588428406,2.25,combined,,
0.0,30.0,34807.00588428406,2.3125,arca,,
0.0,30.0,34807.00588428406,2.3125,orca,,
0.0,30.0,34807.00588428406,2.3125,combined,,
0.0,30.0,34807.00588428406,2.375,arca,,
0.0,30.0,34807.00588428406,2.375,orca,,
0.0,30.0,34807.00588428406,2.375,combined,,
0.0,30.0,34807.00588428406,2.4375,arca,,
0.0,30.0,34807.00588428406,2.4375,orca,,
0.0,30.0,34807.00588428406,2.4375,combined,,
0.0,30.0,34807.00588428406,2.5,arca,,
0.0,30.0,34807.00588428406,2.5,orca,,
0.0,30.0,34807.00588428406,2.5,combined,,
0.0,30.0,34807.00588428406,2.5625,arca,,
0.0,30.0,34807.00588428406,2.5625,orca,,
0.0,30.0,34807.00588428406,2.5625,combined,,
0.0,30.0,34807.00588428406,2.625,arca,,
0.0,30.0,34807.00588428406,2.625,orca,4490.682400836222,0.0
0.0,30.0,34807.00588428406,2.625,combined,,
0.0,30.0,34807.00588428406,2.6875,arca,199707.84157568612,0.0
0.0,30.0,34807.00588428406,2.6875,orca,2550.1053473684215,0.0
0.0,30.0,34807.00588428406,2.6875,combined,192829.59091735707,0.0
0.0,30.0,34807.00588428406,2.75,arca,68691.01480120825,0.0
0.0,30.0,34807.00588428406,2.75,orca,1680.3720700645931,0.0
0.0,30.0,34807.00588428406,2.75,combined,67897.6617143945,0.0
0.0,30.0,34807.00588428406,2.8125,arca,23563.29167383337,0.0
0.0,30.0,34807.00588428406,2.8125,orca,1188.215432081293,0.0
0.0,30.0,34807.00588428406,2.8125,combined,24465.936822729564,0.0
0.0,30.0,34807.00588428406,2.875,arca,8518.069426183478,0.0
0.0,30.0,34807.00588428406,2.875,orca,744.3990978291513,0.0
0.0,30.0,34807.00588428406,2.875,combined,9298.004607747667,0.0
0.0,30.0,34807.00588428406,2.9375,arca,3283.4709766017013,0.0
0.0,30.0,34807.00588428406,2.9375,orca,474.18037795632006,0.0
0.0,30.0,34807.00588428406,2.9375,combined,3556.2343133473755,0.0
0.0,30.0,34807.00588428406,3.0,arca,1133.992347570131,0.0
0.0,30.0,34807.00588428406,3.0,orca,335.76632312216293,0.0
0.0,30.0,34807.00588428406,3.0,combined,1454.5787297528968,0.0
0.0,30.0,100000.0,1.5,arca,,
0.0,30.0,100000.0,1.5,orca,,
0.0,30.0,100000.0,1.5,combined,,
0.0,30.0,100000.0,1.5625,arca,,
0.0,30.0,100000.0,1.5625,orca,,
0.0,30.0,100000.0,1.5625,combined,,
0.0,30.0,100000.0,1.625,arca,,
0.0,30.0,100000.0,1.625,orca,,
0.0,30.0,100000.0,1.625,combined,,
0.0,30.0,100000.0,1.6875,arca,,
0.0,30.0,100000.0,1.6875,orca,,
0.0,30.0,100000.0,1.6875,combined,,
0.0,30.0,100000.0,1.75,arca,,
0.0,30.0,100000.0,1.75,orca,,
0.0,30.0,100000.0,1.75,combined,,
0.0,30.0,100000.0,1.8125,arca,,
0.0,30.0,100000.0,1.8125,orca,,
0.0,30.0,100000.0,1.8125,combined,,
0.0,30.0,100000.0,1.875,arca,,
0.0,30.0,100000.0,1.875,orca,,
0.0,30.0,100000.0,1.875,combined,,
0.0,30.0,100000.0,1.9375,arca,,
0.0,30.0,100000.0,1.9375,orca,,
0.0,30.0,100000.0,1.9375,combined,,
0.0,30.0,100000.0,2.0,arca,,
0.0,30.0,100000.0,2.0,orca,,
0.0,30.0,100000.0,2.0,combined,,
0.0,30.0,100000.0,2.0625,arca,,
0.0,30.0,100000.0,2.0625,orca,,
0.0,30.0,100000.0,2.0625,combined,,
0.0,30.0,100000.0,2.125,arca,,
0.0,30.0,100000.0,2.125,orca,,
0.0,30.0,100000.0,2.125,combined,,
0.0,30.0,100000.0,2.1875,arca,,
0.0,30.0,100000.0,2.1875,orca,,
0.0,30.0,100000.0,2.1875,combined,,
0.0,30.0,100000.0,2.25,arca,,
0.0,30.0,100000.0,2.25,orca,,
0.0,30.0,100000.0,2.25,combined,,
0.0,30.0,100000.0,2.3125,arca,,
0.0,30.0,100000.0,2.3125,orca,,
0.0,30.0,100000.0,2.3125,combined,,
0.0,30.0,100000.0,2.375,arca,,
0.0,30.0,100000.0,2.375,orca,,
0.0,30.0,100000.0,2.375,combined,,
0.0,30.0,100000.0,2.4375,arca,,
0.0,30.0,100000.0,2.4375,orca,,
0.0,30.0,100000.0,2.4375,combined,,
0.0,30.0,100000.0,2.5,arca,,
0.0,30.0,100000.0,2.5,orca,,
0.0,30.0,100000.0,2.5,combined,,
0.0,30.0,100000.0,2.5625,arca,,
0.0,30.0,100000.0,2.5625,orca,,
0.0,30.0,100000.0,2.5625,combined,,
0.0,30.0,100000.0,2.625,arca,,
0.0,30.0,100000.0,2.625,orca,,
0.0,30.0,100000.0,2.625,combined,,
0.0,30.0,100000.0,2.6875,arca,,
0.0,30.0,100000.0,2.6875,orca,,
0.0,30.0,100000.0,2.6875,combined,,
0.0,30.0,100000.0,2.75,arca,,
0.0,30.0,100000.0,2.75,orca,,
0.0,30.0,100000.0,2.75,combined,,
0.0,30.0,100000.0,2.8125,arca,198791.17047160864,0.0
0.0,30.0,100000.0,2.8125,orca,,
0.0,30.0,100000.0,2.8125,combined,,
0.0,30.0,100000.0,2.875,arca,71100.9645863936,0.0
0.0,30.0,100000.0,2.875,orca,4916.4271641626765,0.0
0.0,30.0,100000.0,2.875,combined,76421.35471590792,0.0
0.0,30.0,100000.0,2.9375,arca,26392.801609040267,0.0
0.0,30.0,100000.0,2.9375,orca,3415.459253893517,0.0
0.0,30.0,100000.0,2.9375,combined,29537.749193701384,0.0
0.0,30.0,100000.0,3.0,arca,9667.705484746974,0.0
0.0,30.0,100000.0,3.0,orca,2504.590403514206,0.0
0.0,30.0,100000.0,3.0,combined,11852.778517363808,0.0
