zenith_cut,angle,phi0,gamma,detector,mean_max_efstat,mean_max_efstat_error
60.0,30.0,1e-06,1.5,arca,59.47570588640064,0.0
60.0,30.0,1e-06,1.5,orca,54.6267595179292,0.0
60.0,30.0,1e-06,1.5,combined,60.87929953031917,0.0
60.0,30.0,1e-06,1.5625,arca,53.8439515542872,0.0
60.0,30.0,1e-06,1.5625,orca,54.6267595179292,0.0
60.0,30.0,1e-06,1.5625,combined,68.5411756573589,0.0
60.0,30.0,1e-06,1.625,arca,60.68777072649492,0.0
60.0,30.0,1e-06,1.625,orca,54.6267595179292,0.0
60.0,30.0,1e-06,1.625,combined,68.5411756573589,0.0
60.0,30.0,1e-06,1.6875,arca,60.68777072649492,0.0
60.0,30.0,1e-06,1.6875,orca,54.6267595179292,0.0
60.0,30.0,1e-06,1.6875,combined,68.5411756573589,0.0
60.0,30.0,1e-06,1.75,arca,60.68777072649492,0.0
60.0,30.0,1e-06,1.75,orca,54.6267595179292,0.0
60.0,30.0,1e-06,1.75,combined,68.5411756573589,0.0
60.0,30.0,1e-06,1.8125,arca,60.68777072649492,0.0
60.0,30.0,1e-06,1.8125,orca,54.6267595179292,0.0
60.0,30.0,1e-06,1.8125,combined,68.5411756573589,0.0
60.0,30.0,1e-06,1.875,arca,60.68777072649492,0.0
60.0,30.0,1e-06,1.875,orca,54.6267595179292,0.0
60.0,30.0,1e-06,1.875,combined,68.5411756573589,0.0
60.0,30.0,1e-06,1.9375,arca,60.68777072649492,0.0
60.0,30.0,1e-06,1.9375,orca,54.6267595179292,0.0
60.0,30.0,1e-06,1.9375,combined,68.5411756573589,0.0
60.0,30.0,1e-06,2.0,arca,60.68777072649492,0.0
60.0,30.0,1e-06,2.0,orca,54.6267595179292,0.0
60.0,30.0,1e-06,2.0,combined,68.5411756573589,0.0
60.0,30.0,1e-06,2.0625,arca,60.68777072649492,0.0
60.0,30.0,1e-06,2.0625,orca,54.6267595179292,0.0
60.0,30.0,1e-06,2.0625,combined,68.5411756573589,0.0
60.0,30.0,1e-06,2.125,arca,60.68777072649492,0.0
60.0,30.0,1e-06,2.125,orca,54.6267595179292,0.0
60.0,30.0,1e-06,2.125,combined,68.5411756573589,0.0
60.0,30.0,1e-06,2.1875,arca,60.68777072649492,0.0
60.0,30.0,1e-06,2.1875,orca,54.6267595179292,0.0
60.0,30.0,1e-06,2.1875,combined,68.5411756573589,0.0
60.0,30.0,1e-06,2.25,arca,60.68777072649492,0.0
60.0,30.0,1e-06,2.25,orca,54.6267595179292,0.0
60.0,30.0,1e-06,2.25,combined,68.5411756573589,0.0
60.0,30.0,1e-06,2.3125,arca,60.68777072649492,0.0
60.0,30.0,1e-06,2.3125,orca,54.6267595179292,0.0
60.0,30.0,1e-06,2.3125,combined,68.5411756573589,0.0
60.0,30.0,1e-06,2.375,arca,60.68777072649492,0.0
60.0,30.0,1e-06,2.375,orca,54.6267595179292,0.0
60.0,30.0,1e-06,2.375,combined,68.5411756573589,0.0
60.0,30.0,1e-06,2.4375,arca,60.68777072649492,0.0
60.0,30.0,1e-06,2.4375,orca,54.6267595179292,0.0
60.0,30.0,1e-06,2.4375,combined,68.5411756573589,0.0
60.0,30.0,1e-06,2.5,arca,60.68777072649492,0.0
60.0,30.0,1e-06,2.5,orca,54.6267595179292,0.0
60.0,30.0,1e-06,2.5,combined,68.5411756573589,0.0
60.0,30.0,1e-06,2.5625,arca,60.68777072649492,0.0
60.0,30.0,1e-06,2.5625,orca,54.6267595179292,0.0
60.0,30.0,1e-06,2.5625,combined,68.5411756573589,0.0
60.0,30.0,1e-06,2.625,arca,60.68777072649492,0.0
60.0,30.0,1e-06,2.625,orca,54.6267595179292,0.0
60.0,30.0,1e-06,2.625,combined,68.5411756573589,0.0
60.0,30.0,1e-06,2.6875,arca,60.68777072649492,0.0
60.0,30.0,1e-06,2.6875,orca,54.6267595179292,0.0
60.0,30.0,1e-06,2.6875,combined,68.5411756573589,0.0
60.0,30.0,1e-06,2.75,arca,60.68777072649492,0.0
60.0,30.0,1e-06,2.75,orca,54.6267595179292,0.0
60.0,30.0,1e-06,2.75,combined,68.5411756573589,0.0
60.0,30.0,1e-06,2.8125,arca,60.68777072649492,0.0
60.0,30.0,1e-06,2.8125,orca,54.6267595179292,0.0
60.0,30.0,1e-06,2.8125,combined,68.5411756573589,0.0
60.0,30.0,1e-06,2.875,arca,60.68777072649492,0.0
60.0,30.0,1e-06,2.875,orca,54.6267595179292,0.0
60.0,30.0,1e-06,2.875,combined,68.5411756573589,0.0
60.0,30.0,1e-06,2.9375,arca,60.68777072649492,0.0
60.0,30.0,1e-06,2.9375,orca,54.6267595179292,0.0
60.0,30.0,1e-06,2.9375,combined,68.5411756573589,0.0
60.0,30.0,1e-06,3.0,arca,60.68777072649492,0.0
60.0,30.0,1e-06,3.0,orca,54.6267595179292,0.0
60.0,30.0,1e-06,3.0,combined,68.5411756573589,0.0
60.0,30.0,2.8729848333536627e-06,1.5,arca,60.7500354182222,0.0
60.0,30.0,2.8729848333536627e-06,1.5,orca,59.0198978066867,0.0
60.0,30.0,2.8729848333536627e-06,1.5,combined,57.697161688040794,0.0
60.0,30.0,2.8729848333536627e-06,1.5625,arca,65.93454802421743,0.0
60.0,30.0,2.8729848333536627e-06,1.5625,orca,54.6267595179292,0.0
60.0,30.0,2.8729848333536627e-06,1.5625,combined,66.24458360325345,0.0
60.0,30.0,2.8729848333536627e-06,1.625,arca,60.12750531415768,0.0
60.0,30.0,2.8729848333536627e-06,1.625,orca,54.6267595179292,0.0
60.0,30.0,2.8729848333536627e-06,1.625,combined,63.11062417078399,0.0
60.0,30.0,2.8729848333536627e-06,1.6875,arca,63.180792646760565,0.0
60.0,30.0,2.8729848333536627e-06,1.6875,orca,54.6267595179292,0.0
60.0,30.0,2.8729848333536627e-06,1.6875,combined,57.722403912508625,0.0
60.0,30.0,2.8729848333536627e-06,1.75,arca,60.68777072649492,0.0
60.0,30.0,2.8729848333536627e-06,1.75,orca,54.6267595179292,0.0
60.0,30.0,2.8729848333536627e-06,1.75,combined,68.5411756573589,0.0
60.0,30.0,2.8729848333536627e-06,1.8125,arca,60.68777072649492,0.0
60.0,30.0,2.8729848333536627e-06,1.8125,orca,54.6267595179292,0.0
60.0,30.0,2.8729848333536627e-06,1.8125,combined,68.5411756573589,0.0
60.0,30.0,2.8729848333536627e-06,1.875,arca,60.68777072649492,0.0
60.0,30.0,2.8729848333536627e-06,1.875,orca,54.6267595179292,0.0
60.0,30.0,2.8729848333536627e-06,1.875,combined,68.5411756573589,0.0
60.0,30.0,2.8729848333536627e-06,1.9375,arca,60.68777072649492,0.0
60.0,30.0,2.8729848333536627e-06,1.9375,orca,54.6267595179292,0.0
60.0,30.0,2.8729848333536627e-06,1.9375,combined,68.5411756573589,0.0
60.0,30.0,2.8729848333536627e-06,2.0,arca,60.68777072649492,0.0
60.0,30.0,2.8729848333536627e-06,2.0,orca,54.6267595179292,0.0
60.0,30.0,2.8729848333536627e-06,2.0,combined,68.5411756573589,0.0
60.0,30.0,2.8729848333536627e-06,2.0625,arca,60.68777072649492,0.0
60.0,30.0,2.8729848333536627e-06,2.0625,orca,54.6267595179292,0.0
60.0,30.0,2.8729848333536627e-06,2.0625,combined,68.5411756573589,0.0
60.0,30.0,2.8729848333536627e-06,2.125,arca,60.68777072649492,0.0
60.0,30.0,2.8729848333536627e-06,2.125,orca,54.6267595179292,0.0
60.0,30.0,2.8729848333536627e-06,2.125,combined,68.5411756573589,0.0
60.0,30.0,2.8729848333536627e-06,2.1875,arca,60.68777072649492,0.0
60.0,30.0,2.8729848333536627e-06,2.1875,orca,54.6267595179292,0.0
60.0,30.0,2.8729848333536627e-06,2.1875,combined,68.5411756573589,0.0
60.0,30.0,2.8729848333536627e-06,2.25,arca,60.68777072649492,0.0
60.0,30.0,2.8729848333536627e-06,2.25,orca,54.6267595179292,0.0
60.0,30.0,2.8729848333536627e-06,2.25,combined,68.5411756573589,0.0
60.0,30.0,2.8729848333536627e-06,2.3125,arca,60.68777072649492,0.0
60.0,30.0,2.8729848333536627e-06,2.3125,orca,54.6267595179292,0.0
60.0,30.0,2.8729848333536627e-06,2.3125,combined,68.5411756573589,0.0
60.0,30.0,2.8729848333536627e-06,2.375,arca,60.68777072649492,0.0
60.0,30.0,2.8729848333536627e-06,2.375,orca,54.6267595179292,0.0
60.0,30.0,2.8729848333536627e-06,2.375,combined,68.5411756573589,0.0
60.0,30.0,2.8729848333536627e-06,2.4375,arca,60.68777072649492,0.0
60.0,30.0,2.8729848333536627e-06,2.4375,orca,54.6267595179292,0.0
60.0,30.0,2.8729848333536627e-06,2.4375,combined,68.5411756573589,0.0
60.0,30.0,2.8729848333536627e-06,2.5,arca,60.68777072649492,0.0
60.0,30.0,2.8729848333536627e-06,2.5,orca,54.6267595179292,0.0
60.0,30.0,2.8729848333536627e-06,2.5,combined,68.5411756573589,0.0
60.0,30.0,2.8729848333536627e-06,2.5625,arca,60.68777072649492,0.0
60.0,30.0,2.8729848333536627e-06,2.5625,orca,54.6267595179292,0.0
60.0,30.0,2.8729848333536627e-06,2.5625,combined,68.5411756573589,0.0
60.0,30.0,2.8729848333536627e-06,2.625,arca,60.68777072649492,0.0
60.0,30.0,2.8729848333536627e-06,2.625,orca,54.6267595179292,0.0
60.0,30.0,2.8729848333536627e-06,2.625,combined,68.5411756573589,0.0
60.0,30.0,2.8729848333536627e-06,2.6875,arca,60.68777072649492,0.0
60.0,30.0,2.8729848333536627e-06,2.6875,orca,54.6267595179292,0.0
60.0,30.0,2.8729848333536627e-06,2.6875,combined,68.5411756573589,0.0
60.0,30.0,2.8729848333536627e-06,2.75,arca,60.68777072649492,0.0
60.0,30.0,2.8729848333536627e-06,2.75,orca,54.6267595179292,0.0
60.0,30.0,2.8729848333536627e-06,2.75,combined,68.5411756573589,0.0
60.0,30.0,2.8729848333536627e-06,2.8125,arca,60.68777072649492,0.0
60.0,30.0,2.8729848333536627e-06,2.8125,orca,54.6267595179292,0.0
60.0,30.0,2.8729848333536627e-06,2.8125,combined,68.5411756573589,0.0
60.0,30.0,2.8729848333536627e-06,2.875,arca,60.68777072649492,0.0
60.0,30.0,2.8729848333536627e-06,2.875,orca,54.6267595179292,0.0
60.0,30.0,2.8729848333536627e-06,2.875,combined,68.5411756573589,0.0
60.0,30.0,2.8729848333536627e-06,2.9375,arca,60.68777072649492,0.0
60.0,30.0,2.8729848333536627e-06,2.9375,orca,54.6267595179292,0.0
60.0,30.0,2.8729848333536627e-06,2.9375,combined,68.5411756573589,0.0
60.0,30.0,2.8729848333536627e-06,3.0,arca,60.68777072649492,0.0
60.0,30.0,2.8729848333536627e-06,3.0,orca,54.6267595179292,0.0
60.0,30.0,2.8729848333536627e-06,3.0,combined,68.5411756573589,0.0
60.0,30.0,8.254041852680188e-06,1.5,arca,73.88562084011525,0.0
60.0,30.0,8.254041852680188e-06,1.5,orca,54.6267595179292,0.0
60.0,30.0,8.254041852680188e-06,1.5,combined,56.47659386891607,0.0
60.0,30.0,8.254041852680188e-06,1.5625,arca,64.89625560589506,0.0
60.0,30.0,8.254041852680188e-06,1.5625,orca,54.6267595179292,0.0
60.0,30.0,8.254041852680188e-06,1.5625,combined,56.8242728786356,0.0
60.0,30.0,8.254041852680188e-06,1.625,arca,60.34965620305998,0.0
60.0,30.0,8.254041852680188e-06,1.625,orca,54.6267595179292,0.0
60.0,30.0,8.254041852680188e-06,1.625,combined,62.69602472173053,0.0
60.0,30.0,8.254041852680188e-06,1.6875,arca,59.72761990770149,0.0
60.0,30.0,8.254041852680188e-06,1.6875,orca,54.6267595179292,0.0
60.0,30.0,8.254041852680188e-06,1.6875,combined,68.7289044596686,0.0
60.0,30.0,8.254041852680188e-06,1.75,arca,66.98869425533542,0.0
60.0,30.0,8.254041852680188e-06,1.75,orca,54.6267595179292,0.0
60.0,30.0,8.254041852680188e-06,1.75,combined,68.5411756573589,0.0
60.0,30.0,8.254041852680188e-06,1.8125,arca,60.217759033746894,0.0
60.0,30.0,8.254041852680188e-06,1.8125,orca,54.6267595179292,0.0
60.0,30.0,8.254041852680188e-06,1.8125,combined,68.5411756573589,0.0
60.0,30.0,8.254041852680188e-06,1.875,arca,60.68777072649492,0.0
60.0,30.0,8.254041852680188e-06,1.875,orca,54.6267595179292,0.0
60.0,30.0,8.254041852680188e-06,1.875,combined,61.241894602808514,0.0
60.0,30.0,8.254041852680188e-06,1.9375,arca,60.68777072649492,0.0
60.0,30.0,8.254041852680188e-06,1.9375,orca,54.6267595179292,0.0
60.0,30.0,8.254041852680188e-06,1.9375,combined,68.5411756573589,0.0
60.0,30.0,8.254041852680188e-06,2.0,arca,60.68777072649492,0.0
60.0,30.0,8.254041852680188e-06,2.0,orca,54.6267595179292,0.0
60.0,30.0,8.254041852680188e-06,2.0,combined,68.5411756573589,0.0
60.0,30.0,8.254041852680188e-06,2.0625,arca,60.68777072649492,0.0
60.0,30.0,8.254041852680188e-06,2.0625,orca,54.6267595179292,0.0
60.0,30.0,8.254041852680188e-06,2.0625,combined,68.5411756573589,0.0
60.0,30.0,8.254041852680188e-06,2.125,arca,60.68777072649492,0.0
60.0,30.0,8.254041852680188e-06,2.125,orca,54.6267595179292,0.0
60.0,30.0,8.254041852680188e-06,2.125,combined,68.5411756573589,0.0
60.0,30.0,8.254041852680188e-06,2.1875,arca,60.68777072649492,0.0
60.0,30.0,8.254041852680188e-06,2.1875,orca,54.6267595179292,0.0
60.0,30.0,8.254041852680188e-06,2.1875,combined,68.5411756573589,0.0
60.0,30.0,8.254041852680188e-06,2.25,arca,60.68777072649492,0.0
60.0,30.0,8.254041852680188e-06,2.25,orca,54.6267595179292,0.0
60.0,30.0,8.254041852680188e-06,2.25,combined,68.5411756573589,0.0
60.0,30.0,8.254041852680188e-06,2.3125,arca,60.68777072649492,0.0
60.0,30.0,8.254041852680188e-06,2.3125,orca,54.6267595179292,0.0
60.0,30.0,8.254041852680188e-06,2.3125,combined,68.5411756573589,0.0
60.0,30.0,8.254041852680188e-06,2.375,arca,60.68777072649492,0.0
60.0,30.0,8.254041852680188e-06,2.375,orca,54.6267595179292,0.0
60.0,30.0,8.254041852680188e-06,2.375,combined,68.5411756573589,0.0
60.0,30.0,8.254041852680188e-06,2.4375,arca,60.68777072649492,0.0
60.0,30.0,8.254041852680188e-06,2.4375,orca,54.6267595179292,0.0
60.0,30.0,8.254041852680188e-06,2.4375,combined,68.5411756573589,0.0
60.0,30.0,8.254041852680188e-06,2.5,arca,60.68777072649492,0.0
60.0,30.0,8.254041852680188e-06,2.5,orca,54.6267595179292,0.0
60.0,30.0,8.254041852680188e-06,2.5,combined,68.5411756573589,0.0
60.0,30.0,8.254041852680188e-06,2.5625,arca,60.68777072649492,0.0
60.0,30.0,8.254041852680188e-06,2.5625,orca,54.6267595179292,0.0
60.0,30.0,8.254041852680188e-06,2.5625,combined,68.5411756573589,0.0
60.0,30.0,8.254041852680188e-06,2.625,arca,60.68777072649492,0.0
60.0,30.0,8.254041852680188e-06,2.625,orca,54.6267595179292,0.0
60.0,30.0,8.254041852680188e-06,2.625,combined,68.5411756573589,0.0
60.0,30.0,8.254041852680188e-06,2.6875,arca,60.68777072649492,0.0
60.0,30.0,8.254041852680188e-06,2.6875,orca,54.6267595179292,0.0
60.0,30.0,8.254041852680188e-06,2.6875,combined,68.5411756573589,0.0
60.0,30.0,8.254041852680188e-06,2.75,arca,60.68777072649492,0.0
60.0,30.0,8.254041852680188e-06,2.75,orca,54.6267595179292,0.0
60.0,30.0,8.254041852680188e-06,2.75,combined,68.5411756573589,0.0
60.0,30.0,8.254041852680188e-06,2.8125,arca,60.68777072649492,0.0
60.0,30.0,8.254041852680188e-06,2.8125,orca,54.6267595179292,0.0
60.0,30.0,8.254041852680188e-06,2.8125,combined,68.5411756573589,0.0
60.0,30.0,8.254041852680188e-06,2.875,arca,60.68777072649492,0.0
60.0,30.0,8.254041852680188e-06,2.875,orca,54.6267595179292,0.0
60.0,30.0,8.254041852680188e-06,2.875,combined,68.5411756573589,0.0
60.0,30.0,8.254041852680188e-06,2.9375,arca,60.68777072649492,0.0
60.0,30.0,8.254041852680188e-06,2.9375,orca,54.6267595179292,0.0
60.0,30.0,8.254041852680188e-06,2.9375,combined,68.5411756573589,0.0
60.0,30.0,8.254041852680188e-06,3.0,arca,60.68777072649492,0.0
60.0,30.0,8.254041852680188e-06,3.0,orca,54.6267595179292,0.0
60.0,30.0,8.254041852680188e-06,3.0,combined,68.5411756573589,0.0
60.0,30.0,2.371373705661655e-05,1.5,arca,60.775455982165354,0.0
60.0,30.0,2.371373705661655e-05,1.5,orca,54.6267595179292,0.0
60.0,30.0,2.371373705661655e-05,1.5,combined,54.3311414805612,0.0
60.0,30.0,2.371373705661655e-05,1.5625,arca,57.27655900174984,0.0
60.0,30.0,2.371373705661655e-05,1.5625,orca,54.6267595179292,0.0
60.0,30.0,2.371373705661655e-05,1.5625,combined,55.23159939563999,0.0
60.0,30.0,2.371373705661655e-05,1.625,arca,62.04930780965052,0.0
60.0,30.0,2.371373705661655e-05,1.625,orca,54.6267595179292,0.0
60.0,30.0,2.371373705661655e-05,1.625,combined,52.266086090470296,0.0
60.0,30.0,2.371373705661655e-05,1.6875,arca,53.00757072246542,0.0
60.0,30.0,2.371373705661655e-05,1.6875,orca,54.6267595179292,0.0
60.0,30.0,2.371373705661655e-05,1.6875,combined,62.24512414537603,0.0
60.0,30.0,2.371373705661655e-05,1.75,arca,61.15658815066502,0.0
60.0,30.0,2.371373705661655e-05,1.75,orca,54.6267595179292,0.0
60.0,30.0,2.371373705661655e-05,1.75,combined,57.13152517964026,0.0
60.0,30.0,2.371373705661655e-05,1.8125,arca,58.686579954093354,0.0
60.0,30.0,2.371373705661655e-05,1.8125,orca,54.6267595179292,0.0
60.0,30.0,2.371373705661655e-05,1.8125,combined,66.90023078608321,0.0
60.0,30.0,2.371373705661655e-05,1.875,arca,60.68777072649492,0.0
60.0,30.0,2.371373705661655e-05,1.875,orca,54.6267595179292,0.0
60.0,30.0,2.371373705661655e-05,1.875,combined,63.06338081038311,0.0
60.0,30.0,2.371373705661655e-05,1.9375,arca,60.68777072649492,0.0
60.0,30.0,2.371373705661655e-05,1.9375,orca,54.6267595179292,0.0
60.0,30.0,2.371373705661655e-05,1.9375,combined,68.5411756573589,0.0
60.0,30.0,2.371373705661655e-05,2.0,arca,60.68777072649492,0.0
60.0,30.0,2.371373705661655e-05,2.0,orca,54.6267595179292,0.0
60.0,30.0,2.371373705661655e-05,2.0,combined,68.5411756573589,0.0
60.0,30.0,2.371373705661655e-05,2.0625,arca,60.68777072649492,0.0
60.0,30.0,2.371373705661655e-05,2.0625,orca,54.6267595179292,0.0
60.0,30.0,2.371373705661655e-05,2.0625,combined,68.5411756573589,0.0
60.0,30.0,2.371373705661655e-05,2.125,arca,59.69169101785414,0.0
60.0,30.0,2.371373705661655e-05,2.125,orca,54.6267595179292,0.0
60.0,30.0,2.371373705661655e-05,2.125,combined,68.5411756573589,0.0
60.0,30.0,2.371373705661655e-05,2.1875,arca,56.38206746862724,0.0
60.0,30.0,2.371373705661655e-05,2.1875,orca,54.6267595179292,0.0
60.0,30.0,2.371373705661655e-05,2.1875,combined,68.5411756573589,0.0
60.0,30.0,2.371373705661655e-05,2.25,arca,60.68777072649492,0.0
60.0,30.0,2.371373705661655e-05,2.25,orca,54.6267595179292,0.0
60.0,30.0,2.371373705661655e-05,2.25,combined,68.5411756573589,0.0
60.0,30.0,2.371373705661655e-05,2.3125,arca,60.68777072649492,0.0
60.0,30.0,2.371373705661655e-05,2.3125,orca,54.6267595179292,0.0
60.0,30.0,2.371373705661655e-05,2.3125,combined,68.5411756573589,0.0
60.0,30.0,2.371373705661655e-05,2.375,arca,60.68777072649492,0.0
60.0,30.0,2.371373705661655e-05,2.375,orca,54.6267595179292,0.0
60.0,30.0,2.371373705661655e-05,2.375,combined,68.5411756573589,0.0
60.0,30.0,2.371373705661655e-05,2.4375,arca,60.68777072649492,0.0
60.0,30.0,2.371373705661655e-05,2.4375,orca,54.6267595179292,0.0
60.0,30.0,2.371373705661655e-05,2.4375,combined,68.5411756573589,0.0
60.0,30.0,2.371373705661655e-05,2.5,arca,60.68777072649492,0.0
60.0,30.0,2.371373705661655e-05,2.5,orca,54.6267595179292,0.0
60.0,30.0,2.371373705661655e-05,2.5,combined,68.5411756573589,0.0
60.0,30.0,2.371373705661655e-05,2.5625,arca,60.68777072649492,0.0
60.0,30.0,2.371373705661655e-05,2.5625,orca,54.6267595179292,0.0
60.0,30.0,2.371373705661655e-05,2.5625,combined,68.5411756573589,0.0
60.0,30.0,2.371373705661655e-05,2.625,arca,60.68777072649492,0.0
60.0,30.0,2.371373705661655e-05,2.625,orca,54.6267595179292,0.0
60.0,30.0,2.371373705661655e-05,2.625,combined,68.5411756573589,0.0
60.0,30.0,2.371373705661655e-05,2.6875,arca,60.68777072649492,0.0
60.0,30.0,2.371373705661655e-05,2.6875,orca,54.6267595179292,0.0
60.0,30.0,2.371373705661655e-05,2.6875,combined,68.5411756573589,0.0
60.0,30.0,2.371373705661655e-05,2.75,arca,60.68777072649492,0.0
60.0,30.0,2.371373705661655e-05,2.75,orca,54.6267595179292,0.0
60.0,30.0,2.371373705661655e-05,2.75,combined,68.5411756573589,0.0
60.0,30.0,2.371373705661655e-05,2.8125,arca,60.68777072649492,0.0
60.0,30.0,2.371373705661655e-05,2.8125,orca,54.6267595179292,0.0
60.0,30.0,2.371373705661655e-05,2.8125,combined,68.5411756573589,0.0
60.0,30.0,2.371373705661655e-05,2.875,arca,60.68777072649492,0.0
60.0,30.0,2.371373705661655e-05,2.875,orca,54.6267595179292,0.0
60.0,30.0,2.371373705661655e-05,2.875,combined,68.5411756573589,0.0
60.0,30.0,2.371373705661655e-05,2.9375,arca,60.68777072649492,0.0
60.0,30.0,2.371373705661655e-05,2.9375,orca,54.6267595179292,0.0
60.0,30.0,2.371373705661655e-05,2.9375,combined,68.5411756573589,0.0
60.0,30.0,2.371373705661655e-05,3.0,arca,60.68777072649492,0.0
60.0,30.0,2.371373705661655e-05,3.0,orca,54.6267595179292,0.0
60.0,30.0,2.371373705661655e-05,3.0,combined,68.5411756573589,0.0
60.0,30.0,6.812920690579608e-05,1.5,arca,65.82108720142057,0.0
60.0,30.0,6.812920690579608e-05,1.5,orca,54.6267595179292,0.0
60.0,30.0,6.812920690579608e-05,1.5,combined,60.07965647321295,0.0
60.0,30.0,6.812920690579608e-05,1.5625,arca,55.04858355263409,0.0
60.0,30.0,6.812920690579608e-05,1.5625,orca,54.6267595179292,0.0
60.0,30.0,6.812920690579608e-05,1.5625,combined,66.1048326394463,0.0
60.0,30.0,6.812920690579608e-05,1.625,arca,70.50347393308812,0.0
60.0,30.0,6.812920690579608e-05,1.625,orca,54.6267595179292,0.0
60.0,30.0,6.812920690579608e-05,1.625,combined,53.20626436971112,0.0
60.0,30.0,6.812920690579608e-05,1.6875,arca,54.427555705062304,0.0
60.0,30.0,6.812920690579608e-05,1.6875,orca,54.6267595179292,0.0
60.0,30.0,6.812920690579608e-05,1.6875,combined,64.18471261161551,0.0
60.0,30.0,6.812920690579608e-05,1.75,arca,64.21122757693365,0.0
60.0,30.0,6.812920690579608e-05,1.75,orca,54.6267595179292,0.0
60.0,30.0,6.812920690579608e-05,1.75,combined,61.28951233557419,0.0
60.0,30.0,6.812920690579608e-05,1.8125,arca,62.184843109670325,0.0
60.0,30.0,6.812920690579608e-05,1.8125,orca,54.6267595179292,0.0
60.0,30.0,6.812920690579608e-05,1.8125,combined,61.17356760519431,0.0
60.0,30.0,6.812920690579608e-05,1.875,arca,60.579288594965504,0.0
60.0,30.0,6.812920690579608e-05,1.875,orca,54.6267595179292,0.0
60.0,30.0,6.812920690579608e-05,1.875,combined,58.26894424659548,0.0
60.0,30.0,6.812920690579608e-05,1.9375,arca,61.214494990201956,0.0
60.0,30.0,6.812920690579608e-05,1.9375,orca,54.6267595179292,0.0
60.0,30.0,6.812920690579608e-05,1.9375,combined,71.66426005790275,0.0
60.0,30.0,6.812920690579608e-05,2.0,arca,56.60408269405798,0.0
60.0,30.0,6.812920690579608e-05,2.0,orca,54.6267595179292,0.0
60.0,30.0,6.812920690579608e-05,2.0,combined,68.5411756573589,0.0
60.0,30.0,6.812920690579608e-05,2.0625,arca,62.18294345634757,0.0
60.0,30.0,6.812920690579608e-05,2.0625,orca,54.6267595179292,0.0
60.0,30.0,6.812920690579608e-05,2.0625,combined,64.14488474395215,0.0
60.0,30.0,6.812920690579608e-05,2.125,arca,60.68777072649492,0.0
60.0,30.0,6.812920690579608e-05,2.125,orca,54.6267595179292,0.0
60.0,30.0,6.812920690579608e-05,2.125,combined,68.5411756573589,0.0
60.0,30.0,6.812920690579608e-05,2.1875,arca,60.68777072649492,0.0
60.0,30.0,6.812920690579608e-05,2.1875,orca,54.6267595179292,0.0
60.0,30.0,6.812920690579608e-05,2.1875,combined,68.5411756573589,0.0
60.0,30.0,6.812920690579608e-05,2.25,arca,60.68777072649492,0.0
60.0,30.0,6.812920690579608e-05,2.25,orca,54.6267595179292,0.0
60.0,30.0,6.812920690579608e-05,2.25,combined,68.5411756573589,0.0
60.0,30.0,6.812920690579608e-05,2.3125,arca,60.68777072649492,0.0
60.0,30.0,6.812920690579608e-05,2.3125,orca,54.6267595179292,0.0
60.0,30.0,6.812920690579608e-05,2.3125,combined,68.5411756573589,0.0
60.0,30.0,6.812920690579608e-05,2.375,arca,60.68777072649492,0.0
60.0,30.0,6.812920690579608e-05,2.375,orca,54.6267595179292,0.0
60.0,30.0,6.812920690579608e-05,2.375,combined,68.5411756573589,0.0
60.0,30.0,6.812920690579608e-05,2.4375,arca,60.68777072649492,0.0
60.0,30.0,6.812920690579608e-05,2.4375,orca,54.6267595179292,0.0
60.0,30.0,6.812920690579608e-05,2.4375,combined,68.5411756573589,0.0
60.0,30.0,6.812920690579608e-05,2.5,arca,60.68777072649492,0.0
60.0,30.0,6.812920690579608e-05,2.5,orca,54.6267595179292,0.0
60.0,30.0,6.812920690579608e-05,2.5,combined,68.5411756573589,0.0
60.0,30.0,6.812920690579608e-05,2.5625,arca,60.68777072649492,0.0
60.0,30.0,6.812920690579608e-05,2.5625,orca,54.6267595179292,0.0
60.0,30.0,6.812920690579608e-05,2.5625,combined,68.5411756573589,0.0
60.0,30.0,6.812920690579608e-05,2.625,arca,60.68777072649492,0.0
60.0,30.0,6.812920690579608e-05,2.625,orca,54.6267595179292,0.0
60.0,30.0,6.812920690579608e-05,2.625,combined,68.5411756573589,0.0
60.0,30.0,6.812920690579608e-05,2.6875,arca,60.68777072649492,0.0
60.0,30.0,6.812920690579608e-05,2.6875,orca,54.6267595179292,0.0
60.0,30.0,6.812920690579608e-05,2.6875,combined,68.5411756573589,0.0
60.0,30.0,6.812920690579608e-05,2.75,arca,60.68777072649492,0.0
60.0,30.0,6.812920690579608e-05,2.75,orca,54.6267595179292,0.0
60.0,30.0,6.812920690579608e-05,2.75,combined,68.5411756573589,0.0
60.0,30.0,6.812920690579608e-05,2.8125,arca,60.68777072649492,0.0
60.0,30.0,6.812920690579608e-05,2.8125,orca,54.6267595179292,0.0
60.0,30.0,6.812920690579608e-05,2.8125,combined,68.5411756573589,0.0
60.0,30.0,6.812920690579608e-05,2.875,arca,60.68777072649492,0.0
60.0,30.0,6.812920690579608e-05,2.875,orca,54.6267595179292,0.0
60.0,30.0,6.812920690579608e-05,2.875,combined,68.5411756573589,0.0
60.0,30.0,6.812920690579608e-05,2.9375,arca,60.68777072649492,0.0
60.0,30.0,6.812920690579608e-05,2.9375,orca,54.6267595179292,0.0
60.0,30.0,6.812920690579608e-05,2.9375,combined,68.5411756573589,0.0
60.0,30.0,6.812920690579608e-05,3.0,arca,60.68777072649492,0.0
60.0,30.0,6.812920690579608e-05,3.0,orca,54.6267595179292,0.0
60.0,30.0,6.812920690579608e-05,3.0,combined,68.5411756573589,0.0
60.0,30.0,0.00019573417814876596,1.5,arca,55.23656850055173,0.0
60.0,30.0,0.00019573417814876596,1.5,orca,62.03748687959214,0.0
60.0,30.0,0.00019573417814876596,1.5,combined,56.31052380632382,0.0
60.0,30.0,0.00019573417814876596,1.5625,arca,59.55098245145028,0.0
60.0,30.0,0.00019573417814876596,1.5625,orca,53.864291772688716,0.0
60.0,30.0,0.00019573417814876596,1.5625,combined,55.75488980233589,0.0
60.0,30.0,0.00019573417814876596,1.625,arca,63.30463207147519,0.0
60.0,30.0,0.00019573417814876596,1.625,orca,57.977901858252835,0.0
60.0,30.0,0.00019573417814876596,1.625,combined,53.81111803923449,0.0
60.0,30.0,0.00019573417814876596,1.6875,arca,58.754851920902226,0.0
60.0,30.0,0.00019573417814876596,1.6875,orca,54.6267595179292,0.0
60.0,30.0,0.00019573417814876596,1.6875,combined,63.593393807631756,0.0
60.0,30.0,0.00019573417814876596,1.75,arca,57.85075316796621,0.0
60.0,30.0,0.00019573417814876596,1.75,orca,54.6267595179292,0.0
60.0,30.0,0.00019573417814876596,1.75,combined,63.56047238332864,0.0
60.0,30.0,0.00019573417814876596,1.8125,arca,58.065591307470726,0.0
60.0,30.0,0.00019573417814876596,1.8125,orca,54.6267595179292,0.0
60.0,30.0,0.00019573417814876596,1.8125,combined,53.691707989711226,0.0
60.0,30.0,0.00019573417814876596,1.875,arca,63.26333506747865,0.0
60.0,30.0,0.00019573417814876596,1.875,orca,54.6267595179292,0.0
60.0,30.0,0.00019573417814876596,1.875,combined,54.25524629457516,0.0
60.0,30.0,0.00019573417814876596,1.9375,arca,61.72926719226739,0.0
60.0,30.0,0.00019573417814876596,1.9375,orca,54.6267595179292,0.0
60.0,30.0,0.00019573417814876596,1.9375,combined,68.5411756573589,0.0
60.0,30.0,0.00019573417814876596,2.0,arca,60.86671719897864,0.0
60.0,30.0,0.00019573417814876596,2.0,orca,54.6267595179292,0.0
60.0,30.0,0.00019573417814876596,2.0,combined,60.638513645326555,0.0
60.0,30.0,0.00019573417814876596,2.0625,arca,59.631063470279486,0.0
60.0,30.0,0.00019573417814876596,2.0625,orca,54.6267595179292,0.0
60.0,30.0,0.00019573417814876596,2.0625,combined,62.04901840030042,0.0
60.0,30.0,0.00019573417814876596,2.125,arca,60.68777072649492,0.0
60.0,30.0,0.00019573417814876596,2.125,orca,54.6267595179292,0.0
60.0,30.0,0.00019573417814876596,2.125,combined,68.78789926972655,0.0
60.0,30.0,0.00019573417814876596,2.1875,arca,60.68777072649492,0.0
60.0,30.0,0.00019573417814876596,2.1875,orca,54.6267595179292,0.0
60.0,30.0,0.00019573417814876596,2.1875,combined,68.5411756573589,0.0
60.0,30.0,0.00019573417814876596,2.25,arca,60.68777072649492,0.0
60.0,30.0,0.00019573417814876596,2.25,orca,54.6267595179292,0.0
60.0,30.0,0.00019573417814876596,2.25,combined,68.5411756573589,0.0
60.0,30.0,0.00019573417814876596,2.3125,arca,60.68777072649492,0.0
60.0,30.0,0.00019573417814876596,2.3125,orca,54.6267595179292,0.0
60.0,30.0,0.00019573417814876596,2.3125,combined,56.02577361380119,0.0
60.0,30.0,0.00019573417814876596,2.375,arca,60.68777072649492,0.0
60.0,30.0,0.00019573417814876596,2.375,orca,54.6267595179292,0.0
60.0,30.0,0.00019573417814876596,2.375,combined,68.5411756573589,0.0
60.0,30.0,0.00019573417814876596,2.4375,arca,60.68777072649492,0.0
60.0,30.0,0.00019573417814876596,2.4375,orca,54.6267595179292,0.0
60.0,30.0,0.00019573417814876596,2.4375,combined,68.5411756573589,0.0
60.0,30.0,0.00019573417814876596,2.5,arca,60.68777072649492,0.0
60.0,30.0,0.00019573417814876596,2.5,orca,54.6267595179292,0.0
60.0,30.0,0.00019573417814876596,2.5,combined,68.5411756573589,0.0
60.0,30.0,0.00019573417814876596,2.5625,arca,60.68777072649492,0.0
60.0,30.0,0.00019573417814876596,2.5625,orca,54.6267595179292,0.0
60.0,30.0,0.00019573417814876596,2.5625,combined,68.5411756573589,0.0
60.0,30.0,0.00019573417814876596,2.625,arca,60.68777072649492,0.0
60.0,30.0,0.00019573417814876596,2.625,orca,54.6267595179292,0.0
60.0,30.0,0.00019573417814876596,2.625,combined,68.5411756573589,0.0
60.0,30.0,0.00019573417814876596,2.6875,arca,60.68777072649492,0.0
60.0,30.0,0.00019573417814876596,2.6875,orca,54.6267595179292,0.0
60.0,30.0,0.00019573417814876596,2.6875,combined,68.5411756573589,0.0
60.0,30.0,0.00019573417814876596,2.75,arca,60.68777072649492,0.0
60.0,30.0,0.00019573417814876596,2.75,orca,54.6267595179292,0.0
60.0,30.0,0.00019573417814876596,2.75,combined,68.5411756573589,0.0
60.0,30.0,0.00019573417814876596,2.8125,arca,60.68777072649492,0.0
60.0,30.0,0.00019573417814876596,2.8125,orca,54.6267595179292,0.0
60.0,30.0,0.00019573417814876596,2.8125,combined,68.5411756573589,0.0
60.0,30.0,0.00019573417814876596,2.875,arca,60.68777072649492,0.0
60.0,30.0,0.00019573417814876596,2.875,orca,54.6267595179292,0.0
60.0,30.0,0.00019573417814876596,2.875,combined,68.5411756573589,0.0
60.0,30.0,0.00019573417814876596,2.9375,arca,60.68777072649492,0.0
60.0,30.0,0.00019573417814876596,2.9375,orca,54.6267595179292,0.0
60.0,30.0,0.00019573417814876596,2.9375,combined,68.5411756573589,0.0
60.0,30.0,0.00019573417814876596,3.0,arca,60.68777072649492,0.0
60.0,30.0,0.00019573417814876596,3.0,orca,54.6267595179292,0.0
60.0,30.0,0.00019573417814876596,3.0,combined,68.5411756573589,0.0
60.0,30.0,0.000562341325190349,1.5,arca,61.12593802722283,0.0
60.0,30.0,0.000562341325190349,1.5,orca,57.85871720385484,0.0
60.0,30.0,0.000562341325190349,1.5,combined,60.96107981935351,0.0
60.0,30.0,0.000562341325190349,1.5625,arca,60.356147234393376,0.0
60.0,30.0,0.000562341325190349,1.5625,orca,59.01835722658011,0.0
60.0,30.0,0.000562341325190349,1.5625,combined,58.79087585575001,0.0
60.0,30.0,0.000562341325190349,1.625,arca,54.90770218081388,0.0
60.0,30.0,0.000562341325190349,1.625,orca,55.756192576258734,0.0
60.0,30.0,0.000562341325190349,1.625,combined,64.11639684309536,0.0
60.0,30.0,0.000562341325190349,1.6875,arca,64.42993989123175,0.0
60.0,30.0,0.000562341325190349,1.6875,orca,54.6267595179292,0.0
60.0,30.0,0.000562341325190349,1.6875,combined,56.77476524308917,0.0
60.0,30.0,0.000562341325190349,1.75,arca,66.15016821130854,0.0
60.0,30.0,0.000562341325190349,1.75,orca,53.5733898811951,0.0
60.0,30.0,0.000562341325190349,1.75,combined,59.14129250858189,0.0
60.0,30.0,0.000562341325190349,1.8125,arca,59.332823995904924,0.0
60.0,30.0,0.000562341325190349,1.8125,orca,54.6267595179292,0.0
60.0,30.0,0.000562341325190349,1.8125,combined,60.819719356937085,0.0
60.0,30.0,0.000562341325190349,1.875,arca,57.284845869815086,0.0
60.0,30.0,0.000562341325190349,1.875,orca,54.6267595179292,0.0
60.0,30.0,0.000562341325190349,1.875,combined,57.898508572559415,0.0
60.0,30.0,0.000562341325190349,1.9375,arca,56.458743654046124,0.0
60.0,30.0,0.000562341325190349,1.9375,orca,54.6267595179292,0.0
60.0,30.0,0.000562341325190349,1.9375,combined,58.43665923314871,0.0
60.0,30.0,0.000562341325190349,2.0,arca,56.89228699002997,0.0
60.0,30.0,0.000562341325190349,2.0,orca,54.6267595179292,0.0
60.0,30.0,0.000562341325190349,2.0,combined,59.22151518789771,0.0
60.0,30.0,0.000562341325190349,2.0625,arca,58.797823099040194,0.0
60.0,30.0,0.000562341325190349,2.0625,orca,54.6267595179292,0.0
60.0,30.0,0.000562341325190349,2.0625,combined,66.98057931961603,0.0
60.0,30.0,0.000562341325190349,2.125,arca,60.68777072649492,0.0
60.0,30.0,0.000562341325190349,2.125,orca,54.6267595179292,0.0
60.0,30.0,0.000562341325190349,2.125,combined,68.5411756573589,0.0
60.0,30.0,0.000562341325190349,2.1875,arca,60.68777072649492,0.0
60.0,30.0,0.000562341325190349,2.1875,orca,54.6267595179292,0.0
60.0,30.0,0.000562341325190349,2.1875,combined,68.5411756573589,0.0
60.0,30.0,0.000562341325190349,2.25,arca,60.68777072649492,0.0
60.0,30.0,0.000562341325190349,2.25,orca,54.6267595179292,0.0
60.0,30.0,0.000562341325190349,2.25,combined,68.5411756573589,0.0
60.0,30.0,0.000562341325190349,2.3125,arca,60.68777072649492,0.0
60.0,30.0,0.000562341325190349,2.3125,orca,54.6267595179292,0.0
60.0,30.0,0.000562341325190349,2.3125,combined,68.5411756573589,0.0
60.0,30.0,0.000562341325190349,2.375,arca,60.68777072649492,0.0
60.0,30.0,0.000562341325190349,2.375,orca,54.6267595179292,0.0
60.0,30.0,0.000562341325190349,2.375,combined,68.5411756573589,0.0
60.0,30.0,0.000562341325190349,2.4375,arca,60.68777072649492,0.0
60.0,30.0,0.000562341325190349,2.4375,orca,54.6267595179292,0.0
60.0,30.0,0.000562341325190349,2.4375,combined,68.5411756573589,0.0
60.0,30.0,0.000562341325190349,2.5,arca,60.68777072649492,0.0
60.0,30.0,0.000562341325190349,2.5,orca,54.6267595179292,0.0
60.0,30.0,0.000562341325190349,2.5,combined,68.5411756573589,0.0
60.0,30.0,0.000562341325190349,2.5625,arca,60.68777072649492,0.0
60.0,30.0,0.000562341325190349,2.5625,orca,54.6267595179292,0.0
60.0,30.0,0.000562341325190349,2.5625,combined,68.5411756573589,0.0
60.0,30.0,0.000562341325190349,2.625,arca,60.68777072649492,0.0
60.0,30.0,0.000562341325190349,2.625,orca,54.6267595179292,0.0
60.0,30.0,0.000562341325190349,2.625,combined,68.5411756573589,0.0
60.0,30.0,0.000562341325190349,2.6875,arca,60.68777072649492,0.0
60.0,30.0,0.000562341325190349,2.6875,orca,54.6267595179292,0.0
60.0,30.0,0.000562341325190349,2.6875,combined,68.5411756573589,0.0
60.0,30.0,0.000562341325190349,2.75,arca,60.68777072649492,0.0
60.0,30.0,0.000562341325190349,2.75,orca,54.6267595179292,0.0
60.0,30.0,0.000562341325190349,2.75,combined,68.5411756573589,0.0
60.0,30.0,0.000562341325190349,2.8125,arca,60.68777072649492,0.0
60.0,30.0,0.000562341325190349,2.8125,orca,54.6267595179292,0.0
60.0,30.0,0.000562341325190349,2.8125,combined,68.5411756573589,0.0
60.0,30.0,0.000562341325190349,2.875,arca,60.68777072649492,0.0
60.0,30.0,0.000562341325190349,2.875,orca,54.6267595179292,0.0
60.0,30.0,0.000562341325190349,2.875,combined,68.5411756573589,0.0
60.0,30.0,0.000562341325190349,2.9375,arca,60.68777072649492,0.0
60.0,30.0,0.000562341325190349,2.9375,orca,54.6267595179292,0.0
60.0,30.0,0.000562341325190349,2.9375,combined,68.5411756573589,0.0
60.0,30.0,0.000562341325190349,3.0,arca,60.68777072649492,0.0
60.0,30.0,0.000562341325190349,3.0,orca,54.6267595179292,0.0
60.0,30.0,0.000562341325190349,3.0,combined,68.5411756573589,0.0
60.0,30.0,0.0016155980984398728,1.5,arca,142.3103059139293,0.0
60.0,30.0,0.0016155980984398728,1.5,orca,54.05382336697292,0.0
60.0,30.0,0.0016155980984398728,1.5,combined,127.18778905078102,0.0
60.0,30.0,0.0016155980984398728,1.5625,arca,65.10074685189915,0.0
60.0,30.0,0.0016155980984398728,1.5625,orca,54.22682037407364,0.0
60.0,30.0,0.0016155980984398728,1.5625,combined,58.306286197111895,0.0
60.0,30.0,0.0016155980984398728,1.625,arca,58.87972592496509,0.0
60.0,30.0,0.0016155980984398728,1.625,orca,57.66118390484156,0.0
60.0,30.0,0.0016155980984398728,1.625,combined,65.64731608594037,0.0
60.0,30.0,0.0016155980984398728,1.6875,arca,57.72231622772675,0.0
60.0,30.0,0.0016155980984398728,1.6875,orca,56.38256391392312,0.0
60.0,30.0,0.0016155980984398728,1.6875,combined,63.365165451280724,0.0
60.0,30.0,0.0016155980984398728,1.75,arca,64.45750039141112,0.0
60.0,30.0,0.0016155980984398728,1.75,orca,54.6267595179292,0.0
60.0,30.0,0.0016155980984398728,1.75,combined,60.465441659360415,0.0
60.0,30.0,0.0016155980984398728,1.8125,arca,61.225325770819175,0.0
60.0,30.0,0.0016155980984398728,1.8125,orca,54.84666893452456,0.0
60.0,30.0,0.0016155980984398728,1.8125,combined,59.332873746719414,0.0
60.0,30.0,0.0016155980984398728,1.875,arca,65.2762481181748,0.0
60.0,30.0,0.0016155980984398728,1.875,orca,54.6267595179292,0.0
60.0,30.0,0.0016155980984398728,1.875,combined,58.51456374731981,0.0
60.0,30.0,0.0016155980984398728,1.9375,arca,59.03284084790487,0.0
60.0,30.0,0.0016155980984398728,1.9375,orca,61.764716051516984,0.0
60.0,30.0,0.0016155980984398728,1.9375,combined,60.09836430578994,0.0
60.0,30.0,0.0016155980984398728,2.0,arca,59.90502413280495,0.0
60.0,30.0,0.0016155980984398728,2.0,orca,54.6267595179292,0.0
60.0,30.0,0.0016155980984398728,2.0,combined,57.967762490187525,0.0
60.0,30.0,0.0016155980984398728,2.0625,arca,59.91813384321224,0.0
60.0,30.0,0.0016155980984398728,2.0625,orca,54.6267595179292,0.0
60.0,30.0,0.0016155980984398728,2.0625,combined,57.003275315459064,0.0
60.0,30.0,0.0016155980984398728,2.125,arca,53.46646474381038,0.0
60.0,30.0,0.0016155980984398728,2.125,orca,54.6267595179292,0.0
60.0,30.0,0.0016155980984398728,2.125,combined,68.5411756573589,0.0
60.0,30.0,0.0016155980984398728,2.1875,arca,58.74928702948731,0.0
60.0,30.0,0.0016155980984398728,2.1875,orca,54.6267595179292,0.0
60.0,30.0,0.0016155980984398728,2.1875,combined,59.397788761940774,0.0
60.0,30.0,0.0016155980984398728,2.25,arca,60.68777072649492,0.0
60.0,30.0,0.0016155980984398728,2.25,orca,54.6267595179292,0.0
60.0,30.0,0.0016155980984398728,2.25,combined,65.41024870569075,0.0
60.0,30.0,0.0016155980984398728,2.3125,arca,60.68777072649492,0.0
60.0,30.0,0.0016155980984398728,2.3125,orca,54.6267595179292,0.0
60.0,30.0,0.0016155980984398728,2.3125,combined,65.26229449080598,0.0
60.0,30.0,0.0016155980984398728,2.375,arca,59.725454774608245,0.0
60.0,30.0,0.0016155980984398728,2.375,orca,54.6267595179292,0.0
60.0,30.0,0.0016155980984398728,2.375,combined,68.5411756573589,0.0
60.0,30.0,0.0016155980984398728,2.4375,arca,60.68777072649492,0.0
60.0,30.0,0.0016155980984398728,2.4375,orca,54.6267595179292,0.0
60.0,30.0,0.0016155980984398728,2.4375,combined,68.5411756573589,0.0
60.0,30.0,0.0016155980984398728,2.5,arca,62.16614141908637,0.0
60.0,30.0,0.0016155980984398728,2.5,orca,54.6267595179292,0.0
60.0,30.0,0.0016155980984398728,2.5,combined,68.5411756573589,0.0
60.0,30.0,0.0016155980984398728,2.5625,arca,60.68777072649492,0.0
60.0,30.0,0.0016155980984398728,2.5625,orca,54.6267595179292,0.0
60.0,30.0,0.0016155980984398728,2.5625,combined,68.5411756573589,0.0
60.0,30.0,0.0016155980984398728,2.625,arca,60.68777072649492,0.0
60.0,30.0,0.0016155980984398728,2.625,orca,54.6267595179292,0.0
60.0,30.0,0.0016155980984398728,2.625,combined,68.5411756573589,0.0
60.0,30.0,0.0016155980984398728,2.6875,arca,60.68777072649492,0.0
60.0,30.0,0.0016155980984398728,2.6875,orca,54.6267595179292,0.0
60.0,30.0,0.0016155980984398728,2.6875,combined,68.5411756573589,0.0
60.0,30.0,0.0016155980984398728,2.75,arca,60.68777072649492,0.0
60.0,30.0,0.0016155980984398728,2.75,orca,54.6267595179292,0.0
60.0,30.0,0.0016155980984398728,2.75,combined,68.5411756573589,0.0
60.0,30.0,0.0016155980984398728,2.8125,arca,60.68777072649492,0.0
60.0,30.0,0.0016155980984398728,2.8125,orca,54.6267595179292,0.0
60.0,30.0,0.0016155980984398728,2.8125,combined,68.5411756573589,0.0
60.0,30.0,0.0016155980984398728,2.875,arca,60.68777072649492,0.0
60.0,30.0,0.0016155980984398728,2.875,orca,54.6267595179292,0.0
60.0,30.0,0.0016155980984398728,2.875,combined,68.5411756573589,0.0
60.0,30.0,0.0016155980984398728,2.9375,arca,60.68777072649492,0.0
60.0,30.0,0.0016155980984398728,2.9375,orca,54.6267595179292,0.0
60.0,30.0,0.0016155980984398728,2.9375,combined,68.5411756573589,0.0
60.0,30.0,0.0016155980984398728,3.0,arca,60.68777072649492,0.0
60.0,30.0,0.0016155980984398728,3.0,orca,54.6267595179292,0.0
60.0,30.0,0.0016155980984398728,3.0,combined,68.5411756573589,0.0
60.0,30.0,0.004641588833612777,1.5,arca,1029.977984103004,0.0
60.0,30.0,0.004641588833612777,1.5,orca,55.4085114231044,0.0
60.0,30.0,0.004641588833612777,1.5,combined,887.1818715185075,0.0
60.0,30.0,0.004641588833612777,1.5625,arca,188.93205854238153,0.0
60.0,30.0,0.004641588833612777,1.5625,orca,57.31197215401635,0.0
60.0,30.0,0.004641588833612777,1.5625,combined,190.30249601978926,0.0
60.0,30.0,0.004641588833612777,1.625,arca,71.97003402450376,0.0
60.0,30.0,0.004641588833612777,1.625,orca,58.60460477300584,0.0
60.0,30.0,0.004641588833612777,1.625,combined,59.19427406303308,0.0
60.0,30.0,0.004641588833612777,1.6875,arca,62.25243948028959,0.0
60.0,30.0,0.004641588833612777,1.6875,orca,61.026713575650945,0.0
60.0,30.0,0.004641588833612777,1.6875,combined,65.33355151538834,0.0
60.0,30.0,0.004641588833612777,1.75,arca,60.690697940940524,0.0
60.0,30.0,0.004641588833612777,1.75,orca,64.08006061371387,0.0
60.0,30.0,0.004641588833612777,1.75,combined,60.57824875063911,0.0
60.0,30.0,0.004641588833612777,1.8125,arca,62.030134956014194,0.0
60.0,30.0,0.004641588833612777,1.8125,orca,57.69774011299435,0.0
60.0,30.0,0.004641588833612777,1.8125,combined,57.07289455060156,0.0
60.0,30.0,0.004641588833612777,1.875,arca,55.31418409098724,0.0
60.0,30.0,0.004641588833612777,1.875,orca,67.3259587020649,0.0
60.0,30.0,0.004641588833612777,1.875,combined,57.17276235528447,0.0
60.0,30.0,0.004641588833612777,1.9375,arca,58.333812158073286,0.0
60.0,30.0,0.004641588833612777,1.9375,orca,63.35656270579692,0.0
60.0,30.0,0.004641588833612777,1.9375,combined,58.72465566764972,0.0
60.0,30.0,0.004641588833612777,2.0,arca,59.73207942122432,0.0
60.0,30.0,0.004641588833612777,2.0,orca,54.6267595179292,0.0
60.0,30.0,0.004641588833612777,2.0,combined,68.45502201719437,0.0
60.0,30.0,0.004641588833612777,2.0625,arca,71.21313449036298,0.0
60.0,30.0,0.004641588833612777,2.0625,orca,57.41824144291863,0.0
60.0,30.0,0.004641588833612777,2.0625,combined,53.91756341816159,0.0
60.0,30.0,0.004641588833612777,2.125,arca,72.93446405378562,0.0
60.0,30.0,0.004641588833612777,2.125,orca,62.58047242966385,0.0
60.0,30.0,0.004641588833612777,2.125,combined,64.7534534282251,0.0
60.0,30.0,0.004641588833612777,2.1875,arca,61.487075350724425,0.0
60.0,30.0,0.004641588833612777,2.1875,orca,59.85235948301774,0.0
60.0,30.0,0.004641588833612777,2.1875,combined,61.505980208002015,0.0
60.0,30.0,0.004641588833612777,2.25,arca,66.39103890688895,0.0
60.0,30.0,0.004641588833612777,2.25,orca,54.6267595179292,0.0
60.0,30.0,0.004641588833612777,2.25,combined,63.183759695625675,0.0
60.0,30.0,0.004641588833612777,2.3125,arca,60.68777072649492,0.0
60.0,30.0,0.004641588833612777,2.3125,orca,54.6267595179292,0.0
60.0,30.0,0.004641588833612777,2.3125,combined,68.5411756573589,0.0
60.0,30.0,0.004641588833612777,2.375,arca,60.68777072649492,0.0
60.0,30.0,0.004641588833612777,2.375,orca,54.6267595179292,0.0
60.0,30.0,0.004641588833612777,2.375,combined,67.54525583047808,0.0
60.0,30.0,0.004641588833612777,2.4375,arca,60.68777072649492,0.0
60.0,30.0,0.004641588833612777,2.4375,orca,54.6267595179292,0.0
60.0,30.0,0.004641588833612777,2.4375,combined,68.5411756573589,0.0
60.0,30.0,0.004641588833612777,2.5,arca,60.68777072649492,0.0
60.0,30.0,0.004641588833612777,2.5,orca,54.6267595179292,0.0
60.0,30.0,0.004641588833612777,2.5,combined,68.5411756573589,0.0
60.0,30.0,0.004641588833612777,2.5625,arca,60.68777072649492,0.0
60.0,30.0,0.004641588833612777,2.5625,orca,54.6267595179292,0.0
60.0,30.0,0.004641588833612777,2.5625,combined,68.5411756573589,0.0
60.0,30.0,0.004641588833612777,2.625,arca,60.68777072649492,0.0
60.0,30.0,0.004641588833612777,2.625,orca,54.6267595179292,0.0
60.0,30.0,0.004641588833612777,2.625,combined,68.5411756573589,0.0
60.0,30.0,0.004641588833612777,2.6875,arca,60.68777072649492,0.0
60.0,30.0,0.004641588833612777,2.6875,orca,54.6267595179292,0.0
60.0,30.0,0.004641588833612777,2.6875,combined,68.5411756573589,0.0
60.0,30.0,0.004641588833612777,2.75,arca,60.68777072649492,0.0
60.0,30.0,0.004641588833612777,2.75,orca,54.6267595179292,0.0
60.0,30.0,0.004641588833612777,2.75,combined,68.5411756573589,0.0
60.0,30.0,0.004641588833612777,2.8125,arca,60.68777072649492,0.0
60.0,30.0,0.004641588833612777,2.8125,orca,54.6267595179292,0.0
60.0,30.0,0.004641588833612777,2.8125,combined,68.5411756573589,0.0
60.0,30.0,0.004641588833612777,2.875,arca,60.68777072649492,0.0
60.0,30.0,0.004641588833612777,2.875,orca,54.6267595179292,0.0
60.0,30.0,0.004641588833612777,2.875,combined,68.5411756573589,0.0
60.0,30.0,0.004641588833612777,2.9375,arca,60.68777072649492,0.0
60.0,30.0,0.004641588833612777,2.9375,orca,54.6267595179292,0.0
60.0,30.0,0.004641588833612777,2.9375,combined,68.5411756573589,0.0
60.0,30.0,0.004641588833612777,3.0,arca,60.68777072649492,0.0
60.0,30.0,0.004641588833612777,3.0,orca,54.6267595179292,0.0
60.0,30.0,0.004641588833612777,3.0,combined,68.5411756573589,0.0
60.0,30.0,0.013335214321633239,1.5,arca,8811.610175866168,0.0
60.0,30.0,0.013335214321633239,1.5,orca,69.24361349581193,0.0
60.0,30.0,0.013335214321633239,1.5,combined,7672.014686710124,0.0
60.0,30.0,0.013335214321633239,1.5625,arca,1657.2482562018563,0.0
60.0,30.0,0.013335214321633239,1.5625,orca,60.54637947829852,0.0
60.0,30.0,0.013335214321633239,1.5625,combined,1496.448682236983,0.0
60.0,30.0,0.013335214321633239,1.625,arca,304.57700433585967,0.0
60.0,30.0,0.013335214321633239,1.625,orca,70.23424181837314,0.0
60.0,30.0,0.013335214321633239,1.625,combined,301.42840129415583,0.0
60.0,30.0,0.013335214321633239,1.6875,arca,88.05088494731503,0.0
60.0,30.0,0.013335214321633239,1.6875,orca,60.770559604569634,0.0
60.0,30.0,0.013335214321633239,1.6875,combined,99.36066070916469,0.0
60.0,30.0,0.013335214321633239,1.75,arca,63.43378772382421,0.0
60.0,30.0,0.013335214321633239,1.75,orca,62.082613425481526,0.0
60.0,30.0,0.013335214321633239,1.75,combined,57.85487933084212,0.0
60.0,30.0,0.013335214321633239,1.8125,arca,66.87889642004774,0.0
60.0,30.0,0.013335214321633239,1.8125,orca,64.2760604046839,0.0
60.0,30.0,0.013335214321633239,1.8125,combined,51.15848652507586,0.0
60.0,30.0,0.013335214321633239,1.875,arca,63.75498809582953,0.0
60.0,30.0,0.013335214321633239,1.875,orca,63.250307865288846,0.0
60.0,30.0,0.013335214321633239,1.875,combined,60.726972962529985,0.0
60.0,30.0,0.013335214321633239,1.9375,arca,63.354550626362595,0.0
60.0,30.0,0.013335214321633239,1.9375,orca,51.52925623072026,0.0
60.0,30.0,0.013335214321633239,1.9375,combined,59.922719793717214,0.0
60.0,30.0,0.013335214321633239,2.0,arca,62.61620928208183,0.0
60.0,30.0,0.013335214321633239,2.0,orca,60.19280939041366,0.0
60.0,30.0,0.013335214321633239,2.0,combined,67.54155467289425,0.0
60.0,30.0,0.013335214321633239,2.0625,arca,71.88940723745242,0.0
60.0,30.0,0.013335214321633239,2.0625,orca,54.6267595179292,0.0
60.0,30.0,0.013335214321633239,2.0625,combined,54.75026920342781,0.0
60.0,30.0,0.013335214321633239,2.125,arca,63.33103965013686,0.0
60.0,30.0,0.013335214321633239,2.125,orca,61.59044069283051,0.0
60.0,30.0,0.013335214321633239,2.125,combined,61.45080981554617,0.0
60.0,30.0,0.013335214321633239,2.1875,arca,60.73939294353221,0.0
60.0,30.0,0.013335214321633239,2.1875,orca,62.06274375348218,0.0
60.0,30.0,0.013335214321633239,2.1875,combined,70.82867133915747,0.0
60.0,30.0,0.013335214321633239,2.25,arca,57.920628249848136,0.0
60.0,30.0,0.013335214321633239,2.25,orca,59.36278378223824,0.0
60.0,30.0,0.013335214321633239,2.25,combined,60.34560608875592,0.0
60.0,30.0,0.013335214321633239,2.3125,arca,60.68777072649492,0.0
60.0,30.0,0.013335214321633239,2.3125,orca,56.58253923534579,0.0
60.0,30.0,0.013335214321633239,2.3125,combined,64.95046759659002,0.0
60.0,30.0,0.013335214321633239,2.375,arca,59.566532342935,0.0
60.0,30.0,0.013335214321633239,2.375,orca,54.6267595179292,0.0
60.0,30.0,0.013335214321633239,2.375,combined,62.60717427397105,0.0
60.0,30.0,0.013335214321633239,2.4375,arca,61.16942767336532,0.0
60.0,30.0,0.013335214321633239,2.4375,orca,54.6267595179292,0.0
60.0,30.0,0.013335214321633239,2.4375,combined,58.196461537076125,0.0
60.0,30.0,0.013335214321633239,2.5,arca,60.68777072649492,0.0
60.0,30.0,0.013335214321633239,2.5,orca,56.10110794555238,0.0
60.0,30.0,0.013335214321633239,2.5,combined,62.34251846782351,0.0
60.0,30.0,0.013335214321633239,2.5625,arca,60.68777072649492,0.0
60.0,30.0,0.013335214321633239,2.5625,orca,54.6267595179292,0.0
60.0,30.0,0.013335214321633239,2.5625,combined,68.5411756573589,0.0
60.0,30.0,0.013335214321633239,2.625,arca,60.68777072649492,0.0
60.0,30.0,0.013335214321633239,2.625,orca,54.6267595179292,0.0
60.0,30.0,0.013335214321633239,2.625,combined,68.5411756573589,0.0
60.0,30.0,0.013335214321633239,2.6875,arca,60.68777072649492,0.0
60.0,30.0,0.013335214321633239,2.6875,orca,54.6267595179292,0.0
60.0,30.0,0.013335214321633239,2.6875,combined,68.5411756573589,0.0
60.0,30.0,0.013335214321633239,2.75,arca,60.68777072649492,0.0
60.0,30.0,0.013335214321633239,2.75,orca,54.6267595179292,0.0
60.0,30.0,0.013335214321633239,2.75,combined,68.5411756573589,0.0
60.0,30.0,0.013335214321633239,2.8125,arca,60.68777072649492,0.0
60.0,30.0,0.013335214321633239,2.8125,orca,54.6267595179292,0.0
60.0,30.0,0.013335214321633239,2.8125,combined,68.5411756573589,0.0
60.0,30.0,0.013335214321633239,2.875,arca,60.67843218359109,0.0
60.0,30.0,0.013335214321633239,2.875,orca,54.6267595179292,0.0
60.0,30.0,0.013335214321633239,2.875,combined,68.5411756573589,0.0
60.0,30.0,0.013335214321633239,2.9375,arca,60.68777072649492,0.0
60.0,30.0,0.013335214321633239,2.9375,orca,54.6267595179292,0.0
60.0,30.0,0.013335214321633239,2.9375,combined,68.5411756573589,0.0
60.0,30.0,0.013335214321633239,3.0,arca,60.68777072649492,0.0
60.0,30.0,0.013335214321633239,3.0,orca,54.6267595179292,0.0
60.0,30.0,0.013335214321633239,3.0,combined,68.5411756573589,0.0
60.0,30.0,0.03831186849557285,1.5,arca,72594.3759435745,0.0
60.0,30.0,0.03831186849557285,1.5,orca,53.10126582278481,0.0
60.0,30.0,0.03831186849557285,1.5,combined,64806.26529800375,0.0
60.0,30.0,0.03831186849557285,1.5625,arca,12708.183924605319,0.0
60.0,30.0,0.03831186849557285,1.5625,orca,59.79292427382945,0.0
60.0,30.0,0.03831186849557285,1.5625,combined,11598.817878727505,0.0
60.0,30.0,0.03831186849557285,1.625,arca,2460.8081700582497,0.0
60.0,30.0,0.03831186849557285,1.625,orca,63.74989366227138,0.0
60.0,30.0,0.03831186849557285,1.625,combined,2116.584691428896,0.0
60.0,30.0,0.03831186849557285,1.6875,arca,497.6026256341606,0.0
60.0,30.0,0.03831186849557285,1.6875,orca,64.16848651592011,0.0
60.0,30.0,0.03831186849557285,1.6875,combined,438.4782880644044,0.0
60.0,30.0,0.03831186849557285,1.75,arca,130.32933935478957,0.0
60.0,30.0,0.03831186849557285,1.75,orca,57.96420875105406,0.0
60.0,30.0,0.03831186849557285,1.75,combined,144.05255937523006,0.0
60.0,30.0,0.03831186849557285,1.8125,arca,72.10075485084161,0.0
60.0,30.0,0.03831186849557285,1.8125,orca,56.357549890955134,0.0
60.0,30.0,0.03831186849557285,1.8125,combined,56.247998488687955,0.0
60.0,30.0,0.03831186849557285,1.875,arca,67.26451257909699,0.0
60.0,30.0,0.03831186849557285,1.875,orca,65.96322141235513,0.0
60.0,30.0,0.03831186849557285,1.875,combined,56.830100855937566,0.0
60.0,30.0,0.03831186849557285,1.9375,arca,64.54468639152662,0.0
60.0,30.0,0.03831186849557285,1.9375,orca,62.71527244819647,0.0
60.0,30.0,0.03831186849557285,1.9375,combined,62.33873915767309,0.0
60.0,30.0,0.03831186849557285,2.0,arca,59.25545392720965,0.0
60.0,30.0,0.03831186849557285,2.0,orca,67.21088975967994,0.0
60.0,30.0,0.03831186849557285,2.0,combined,64.37097182205548,0.0
60.0,30.0,0.03831186849557285,2.0625,arca,62.55143461236079,0.0
60.0,30.0,0.03831186849557285,2.0625,orca,57.1715976331361,0.0
60.0,30.0,0.03831186849557285,2.0625,combined,61.52767817527486,0.0
60.0,30.0,0.03831186849557285,2.125,arca,60.9061551790601,0.0
60.0,30.0,0.03831186849557285,2.125,orca,58.63444520081687,0.0
60.0,30.0,0.03831186849557285,2.125,combined,60.151290339038496,0.0
60.0,30.0,0.03831186849557285,2.1875,arca,61.38981289775463,0.0
60.0,30.0,0.03831186849557285,2.1875,orca,60.42109527125943,0.0
60.0,30.0,0.03831186849557285,2.1875,combined,60.544467337920665,0.0
60.0,30.0,0.03831186849557285,2.25,arca,60.141814820191144,0.0
60.0,30.0,0.03831186849557285,2.25,orca,64.30967237493677,0.0
60.0,30.0,0.03831186849557285,2.25,combined,53.494188954791426,0.0
60.0,30.0,0.03831186849557285,2.3125,arca,54.819962611677546,0.0
60.0,30.0,0.03831186849557285,2.3125,orca,54.6267595179292,0.0
60.0,30.0,0.03831186849557285,2.3125,combined,55.68502217857582,0.0
60.0,30.0,0.03831186849557285,2.375,arca,60.99361932738672,0.0
60.0,30.0,0.03831186849557285,2.375,orca,57.658316766070236,0.0
60.0,30.0,0.03831186849557285,2.375,combined,59.87391625132696,0.0
60.0,30.0,0.03831186849557285,2.4375,arca,57.98909001975643,0.0
60.0,30.0,0.03831186849557285,2.4375,orca,55.72478395672539,0.0
60.0,30.0,0.03831186849557285,2.4375,combined,60.49310035600423,0.0
60.0,30.0,0.03831186849557285,2.5,arca,57.435182991601266,0.0
60.0,30.0,0.03831186849557285,2.5,orca,54.6267595179292,0.0
60.0,30.0,0.03831186849557285,2.5,combined,56.65230989965571,0.0
60.0,30.0,0.03831186849557285,2.5625,arca,60.95542318117084,0.0
60.0,30.0,0.03831186849557285,2.5625,orca,56.66242445268136,0.0
60.0,30.0,0.03831186849557285,2.5625,combined,68.5411756573589,0.0
60.0,30.0,0.03831186849557285,2.625,arca,60.68777072649492,0.0
60.0,30.0,0.03831186849557285,2.625,orca,54.6267595179292,0.0
60.0,30.0,0.03831186849557285,2.625,combined,69.2282450356513,0.0
60.0,30.0,0.03831186849557285,2.6875,arca,62.29385979984499,0.0
60.0,30.0,0.03831186849557285,2.6875,orca,55.97540143491629,0.0
60.0,30.0,0.03831186849557285,2.6875,combined,68.5411756573589,0.0
60.0,30.0,0.03831186849557285,2.75,arca,60.68777072649492,0.0
60.0,30.0,0.03831186849557285,2.75,orca,55.60739337533803,0.0
60.0,30.0,0.03831186849557285,2.75,combined,68.5411756573589,0.0
60.0,30.0,0.03831186849557285,2.8125,arca,60.68777072649492,0.0
60.0,30.0,0.03831186849557285,2.8125,orca,54.6267595179292,0.0
60.0,30.0,0.03831186849557285,2.8125,combined,68.5411756573589,0.0
60.0,30.0,0.03831186849557285,2.875,arca,60.68777072649492,0.0
60.0,30.0,0.03831186849557285,2.875,orca,54.6267595179292,0.0
60.0,30.0,0.03831186849557285,2.875,combined,63.499247924829625,0.0
60.0,30.0,0.03831186849557285,2.9375,arca,60.68777072649492,0.0
60.0,30.0,0.03831186849557285,2.9375,orca,54.6267595179292,0.0
60.0,30.0,0.03831186849557285,2.9375,combined,68.5411756573589,0.0
60.0,30.0,0.03831186849557285,3.0,arca,60.68777072649492,0.0
60.0,30.0,0.03831186849557285,3.0,orca,54.6267595179292,0.0
60.0,30.0,0.03831186849557285,3.0,combined,68.56029101968078,0.0
60.0,30.0,0.11006941712522081,1.5,arca,,
60.0,30.0,0.11006941712522081,1.5,orca,51.408053229322,0.0
60.0,30.0,0.11006941712522081,1.5,combined,,
60.0,30.0,0.11006941712522081,1.5625,arca,102217.00911787643,0.0
60.0,30.0,0.11006941712522081,1.5625,orca,57.97285954885558,0.0
60.0,30.0,0.11006941712522081,1.5625,combined,91238.89613171013,0.0
60.0,30.0,0.11006941712522081,1.625,arca,18977.59346175425,0.0
60.0,30.0,0.11006941712522081,1.625,orca,63.38810693761971,0.0
60.0,30.0,0.11006941712522081,1.625,combined,16228.435207572576,0.0
60.0,30.0,0.11006941712522081,1.6875,arca,3760.6269780095217,0.0
60.0,30.0,0.11006941712522081,1.6875,orca,57.37216125176572,0.0
60.0,30.0,0.11006941712522081,1.6875,combined,3100.867228878832,0.0
60.0,30.0,0.11006941712522081,1.75,arca,674.2401623581457,0.0
60.0,30.0,0.11006941712522081,1.75,orca,60.401971223414435,0.0
60.0,30.0,0.11006941712522081,1.75,combined,646.8047094983476,0.0
60.0,30.0,0.11006941712522081,1.8125,arca,174.19676535484683,0.0
60.0,30.0,0.11006941712522081,1.8125,orca,62.52284911922389,0.0
60.0,30.0,0.11006941712522081,1.8125,combined,170.4758675627234,0.0
60.0,30.0,0.11006941712522081,1.875,arca,82.23707571004405,0.0
60.0,30.0,0.11006941712522081,1.875,orca,56.936808093649034,0.0
60.0,30.0,0.11006941712522081,1.875,combined,57.941049864894765,0.0
60.0,30.0,0.11006941712522081,1.9375,arca,62.319948844223035,0.0
60.0,30.0,0.11006941712522081,1.9375,orca,64.8353106423537,0.0
60.0,30.0,0.11006941712522081,1.9375,combined,54.98732802677851,0.0
60.0,30.0,0.11006941712522081,2.0,arca,55.613362164475035,0.0
60.0,30.0,0.11006941712522081,2.0,orca,49.90158027366288,0.0
60.0,30.0,0.11006941712522081,2.0,combined,53.080633539841344,0.0
60.0,30.0,0.11006941712522081,2.0625,arca,55.40971920103192,0.0
60.0,30.0,0.11006941712522081,2.0625,orca,56.7728727467944,0.0
60.0,30.0,0.11006941712522081,2.0625,combined,61.29063039514658,0.0
60.0,30.0,0.11006941712522081,2.125,arca,71.49387505727813,0.0
60.0,30.0,0.11006941712522081,2.125,orca,57.949454246703965,0.0
60.0,30.0,0.11006941712522081,2.125,combined,57.654503032218756,0.0
60.0,30.0,0.11006941712522081,2.1875,arca,57.16422287390029,0.0
60.0,30.0,0.11006941712522081,2.1875,orca,59.05198250872106,0.0
60.0,30.0,0.11006941712522081,2.1875,combined,55.81629333203195,0.0
60.0,30.0,0.11006941712522081,2.25,arca,56.76943998777599,0.0
60.0,30.0,0.11006941712522081,2.25,orca,52.994652406417124,0.0
60.0,30.0,0.11006941712522081,2.25,combined,57.1499199020591,0.0
60.0,30.0,0.11006941712522081,2.3125,arca,54.96548561645929,0.0
60.0,30.0,0.11006941712522081,2.3125,orca,53.0838252490103,0.0
60.0,30.0,0.11006941712522081,2.3125,combined,63.695124913824245,0.0
60.0,30.0,0.11006941712522081,2.375,arca,59.632450267825405,0.0
60.0,30.0,0.11006941712522081,2.375,orca,54.299066025323015,0.0
60.0,30.0,0.11006941712522081,2.375,combined,61.99578226885069,0.0
60.0,30.0,0.11006941712522081,2.4375,arca,62.052510252767576,0.0
60.0,30.0,0.11006941712522081,2.4375,orca,68.04519127636753,0.0
60.0,30.0,0.11006941712522081,2.4375,combined,56.546097161981656,0.0
60.0,30.0,0.11006941712522081,2.5,arca,61.65941073251294,0.0
60.0,30.0,0.11006941712522081,2.5,orca,57.967804085073084,0.0
60.0,30.0,0.11006941712522081,2.5,combined,63.09435882654945,0.0
60.0,30.0,0.11006941712522081,2.5625,arca,64.48820341968712,0.0
60.0,30.0,0.11006941712522081,2.5625,orca,54.6267595179292,0.0
60.0,30.0,0.11006941712522081,2.5625,combined,66.87855495772482,0.0
60.0,30.0,0.11006941712522081,2.625,arca,65.17187805018087,0.0
60.0,30.0,0.11006941712522081,2.625,orca,54.6267595179292,0.0
60.0,30.0,0.11006941712522081,2.625,combined,58.91102032981206,0.0
60.0,30.0,0.11006941712522081,2.6875,arca,60.68777072649492,0.0
60.0,30.0,0.11006941712522081,2.6875,orca,54.6267595179292,0.0
60.0,30.0,0.11006941712522081,2.6875,combined,68.5411756573589,0.0
60.0,30.0,0.11006941712522081,2.75,arca,60.68777072649492,0.0
60.0,30.0,0.11006941712522081,2.75,orca,66.86319993855135,0.0
60.0,30.0,0.11006941712522081,2.75,combined,61.45929439596384,0.0
60.0,30.0,0.11006941712522081,2.8125,arca,60.68777072649492,0.0
60.0,30.0,0.11006941712522081,2.8125,orca,54.6267595179292,0.0
60.0,30.0,0.11006941712522081,2.8125,combined,57.73000173937035,0.0
60.0,30.0,0.11006941712522081,2.875,arca,60.68777072649492,0.0
60.0,30.0,0.11006941712522081,2.875,orca,54.6267595179292,0.0
60.0,30.0,0.11006941712522081,2.875,combined,68.5411756573589,0.0
60.0,30.0,0.11006941712522081,2.9375,arca,60.62651140934982,0.0
60.0,30.0,0.11006941712522081,2.9375,orca,62.32397997876536,0.0
60.0,30.0,0.11006941712522081,2.9375,combined,61.51191472040869,0.0
60.0,30.0,0.11006941712522081,3.0,arca,60.68777072649492,0.0
60.0,30.0,0.11006941712522081,3.0,orca,54.6267595179292,0.0
60.0,30.0,0.11006941712522081,3.0,combined,63.138334265534155,0.0
60.0,30.0,0.31622776601683794,1.5,arca,,
60.0,30.0,0.31622776601683794,1.5,orca,65.99501864450201,0.0
60.0,30.0,0.31622776601683794,1.5,combined,,
60.0,30.0,0.31622776601683794,1.5625,arca,,
60.0,30.0,0.31622776601683794,1.5625,orca,63.77356265638931,0.0
60.0,30.0,0.31622776601683794,1.5625,combined,,
60.0,30.0,0.31622776601683794,1.625,arca,152321.3895903378,0.0
60.0,30.0,0.31622776601683794,1.625,orca,56.8530800295774,0.0
60.0,30.0,0.31622776601683794,1.625,combined,135611.36339211394,0.0
60.0,30.0,0.31622776601683794,1.6875,arca,30059.504732869842,0.0
60.0,30.0,0.31622776601683794,1.6875,orca,65.26045194603299,0.0
60.0,30.0,0.31622776601683794,1.6875,combined,27140.95960216151,0.0
60.0,30.0,0.31622776601683794,1.75,arca,6078.354825349132,0.0
60.0,30.0,0.31622776601683794,1.75,orca,56.78044858231061,0.0
60.0,30.0,0.31622776601683794,1.75,combined,5099.970909297211,0.0
60.0,30.0,0.31622776601683794,1.8125,arca,1224.7198979901634,0.0
60.0,30.0,0.31622776601683794,1.8125,orca,57.357745431668064,0.0
60.0,30.0,0.31622776601683794,1.8125,combined,1094.8832423154415,0.0
60.0,30.0,0.31622776601683794,1.875,arca,292.4299253390217,0.0
60.0,30.0,0.31622776601683794,1.875,orca,62.05899443144216,0.0
60.0,30.0,0.31622776601683794,1.875,combined,272.49428086662334,0.0
60.0,30.0,0.31622776601683794,1.9375,arca,91.3957659691294,0.0
60.0,30.0,0.31622776601683794,1.9375,orca,57.85734281395218,0.0
60.0,30.0,0.31622776601683794,1.9375,combined,70.28031208454752,0.0
60.0,30.0,0.31622776601683794,2.0,arca,60.69151871057844,0.0
60.0,30.0,0.31622776601683794,2.0,orca,60.28372622955267,0.0
60.0,30.0,0.31622776601683794,2.0,combined,59.754985935607436,0.0
60.0,30.0,0.31622776601683794,2.0625,arca,65.17605803187935,0.0
60.0,30.0,0.31622776601683794,2.0625,orca,52.91176693151722,0.0
60.0,30.0,0.31622776601683794,2.0625,combined,62.37363329825102,0.0
60.0,30.0,0.31622776601683794,2.125,arca,58.579999465919975,0.0
60.0,30.0,0.31622776601683794,2.125,orca,63.504239495997346,0.0
60.0,30.0,0.31622776601683794,2.125,combined,51.33255803317675,0.0
60.0,30.0,0.31622776601683794,2.1875,arca,67.44326042036673,0.0
60.0,30.0,0.31622776601683794,2.1875,orca,62.87467080164414,0.0
60.0,30.0,0.31622776601683794,2.1875,combined,57.267169090330114,0.0
60.0,30.0,0.31622776601683794,2.25,arca,57.13443780657722,0.0
60.0,30.0,0.31622776601683794,2.25,orca,61.59154815609008,0.0
60.0,30.0,0.31622776601683794,2.25,combined,58.458037377640565,0.0
60.0,30.0,0.31622776601683794,2.3125,arca,59.40098614429049,0.0
60.0,30.0,0.31622776601683794,2.3125,orca,60.442313233175554,0.0
60.0,30.0,0.31622776601683794,2.3125,combined,53.9623326020759,0.0
60.0,30.0,0.31622776601683794,2.375,arca,71.43997267060831,0.0
60.0,30.0,0.31622776601683794,2.375,orca,56.9664074270125,0.0
60.0,30.0,0.31622776601683794,2.375,combined,55.64965439458632,0.0
60.0,30.0,0.31622776601683794,2.4375,arca,63.003599830326465,0.0
60.0,30.0,0.31622776601683794,2.4375,orca,78.85980458986594,0.0
60.0,30.0,0.31622776601683794,2.4375,combined,55.44503278437304,0.0
60.0,30.0,0.31622776601683794,2.5,arca,63.76676901455784,0.0
60.0,30.0,0.31622776601683794,2.5,orca,54.6267595179292,0.0
60.0,30.0,0.31622776601683794,2.5,combined,59.935838813692094,0.0
60.0,30.0,0.31622776601683794,2.5625,arca,55.05662625753375,0.0
60.0,30.0,0.31622776601683794,2.5625,orca,58.64577835211037,0.0
60.0,30.0,0.31622776601683794,2.5625,combined,58.677777469058626,0.0
60.0,30.0,0.31622776601683794,2.625,arca,59.64488180554069,0.0
60.0,30.0,0.31622776601683794,2.625,orca,56.05971107544141,0.0
60.0,30.0,0.31622776601683794,2.625,combined,67.25536307443903,0.0
60.0,30.0,0.31622776601683794,2.6875,arca,63.86397704447633,0.0
60.0,30.0,0.31622776601683794,2.6875,orca,54.6267595179292,0.0
60.0,30.0,0.31622776601683794,2.6875,combined,61.416640824256845,0.0
60.0,30.0,0.31622776601683794,2.75,arca,60.68777072649492,0.0
60.0,30.0,0.31622776601683794,2.75,orca,58.76323616894706,0.0
60.0,30.0,0.31622776601683794,2.75,combined,58.68356376822523,0.0
60.0,30.0,0.31622776601683794,2.8125,arca,60.68777072649492,0.0
60.0,30.0,0.31622776601683794,2.8125,orca,54.6267595179292,0.0
60.0,30.0,0.31622776601683794,2.8125,combined,74.31897408787955,0.0
60.0,30.0,0.31622776601683794,2.875,arca,60.68777072649492,0.0
60.0,30.0,0.31622776601683794,2.875,orca,63.63907711431473,0.0
60.0,30.0,0.31622776601683794,2.875,combined,68.52549198754554,0.0
60.0,30.0,0.31622776601683794,2.9375,arca,60.68777072649492,0.0
60.0,30.0,0.31622776601683794,2.9375,orca,54.6267595179292,0.0
60.0,30.0,0.31622776601683794,2.9375,combined,61.2238494494298,0.0
60.0,30.0,0.31622776601683794,3.0,arca,60.68777072649492,0.0
60.0,30.0,0.31622776601683794,3.0,orca,54.6267595179292,0.0
60.0,30.0,0.31622776601683794,3.0,combined,68.5411756573589,0.0
60.0,30.0,0.9085175756516861,1.5,arca,,
60.0,30.0,0.9085175756516861,1.5,orca,72.04420907207,0.0
60.0,30.0,0.9085175756516861,1.5,combined,,
60.0,30.0,0.9085175756516861,1.5625,arca,,
60.0,30.0,0.9085175756516861,1.5625,orca,64.30175438596493,0.0
60.0,30.0,0.9085175756516861,1.5625,combined,,
60.0,30.0,0.9085175756516861,1.625,arca,,
60.0,30.0,0.9085175756516861,1.625,orca,66.07135353076463,0.0
60.0,30.0,0.9085175756516861,1.625,combined,,
60.0,30.0,0.9085175756516861,1.6875,arca,239083.73037037038,0.0
60.0,30.0,0.9085175756516861,1.6875,orca,55.655978929890345,0.0
60.0,30.0,0.9085175756516861,1.6875,combined,210918.7362526268,0.0
60.0,30.0,0.9085175756516861,1.75,arca,47900.52263812639,0.0
60.0,30.0,0.9085175756516861,1.75,orca,57.716342610963096,0.0
60.0,30.0,0.9085175756516861,1.75,combined,43679.495328818404,0.0
60.0,30.0,0.9085175756516861,1.8125,arca,10393.669366015993,0.0
60.0,30.0,0.9085175756516861,1.8125,orca,65.07461198917842,0.0
60.0,30.0,0.9085175756516861,1.8125,combined,8981.102946255414,0.0
60.0,30.0,0.9085175756516861,1.875,arca,2228.3333509991935,0.0
60.0,30.0,0.9085175756516861,1.875,orca,56.0445720850086,0.0
60.0,30.0,0.9085175756516861,1.875,combined,2052.8186565916612,0.0
60.0,30.0,0.9085175756516861,1.9375,arca,464.4971517348524,0.0
60.0,30.0,0.9085175756516861,1.9375,orca,58.88742407702859,0.0
60.0,30.0,0.9085175756516861,1.9375,combined,461.8175910543556,0.0
60.0,30.0,0.9085175756516861,2.0,arca,118.7654499361455,0.0
60.0,30.0,0.9085175756516861,2.0,orca,61.04431471407722,0.0
60.0,30.0,0.9085175756516861,2.0,combined,146.08014042733492,0.0
60.0,30.0,0.9085175756516861,2.0625,arca,62.62305410002363,0.0
60.0,30.0,0.9085175756516861,2.0625,orca,66.0861074123391,0.0
60.0,30.0,0.9085175756516861,2.0625,combined,66.53803307807028,0.0
60.0,30.0,0.9085175756516861,2.125,arca,59.529090874386824,0.0
60.0,30.0,0.9085175756516861,2.125,orca,62.1839367457345,0.0
60.0,30.0,0.9085175756516861,2.125,combined,58.768925698920754,0.0
60.0,30.0,0.9085175756516861,2.1875,arca,59.61216769267807,0.0
60.0,30.0,0.9085175756516861,2.1875,orca,60.80479999999999,0.0
60.0,30.0,0.9085175756516861,2.1875,combined,58.49111322139831,0.0
60.0,30.0,0.9085175756516861,2.25,arca,55.5572132086276,0.0
60.0,30.0,0.9085175756516861,2.25,orca,63.569172216936266,0.0
60.0,30.0,0.9085175756516861,2.25,combined,54.527482506629156,0.0
60.0,30.0,0.9085175756516861,2.3125,arca,59.97588590755184,0.0
60.0,30.0,0.9085175756516861,2.3125,orca,53.75059630916013,0.0
60.0,30.0,0.9085175756516861,2.3125,combined,57.821737545924044,0.0
60.0,30.0,0.9085175756516861,2.375,arca,60.81526227135048,0.0
60.0,30.0,0.9085175756516861,2.375,orca,55.321291086763395,0.0
60.0,30.0,0.9085175756516861,2.375,combined,59.32999822740433,0.0
60.0,30.0,0.9085175756516861,2.4375,arca,59.44048419636853,0.0
60.0,30.0,0.9085175756516861,2.4375,orca,57.83315140704455,0.0
60.0,30.0,0.9085175756516861,2.4375,combined,56.88730759236073,0.0
60.0,30.0,0.9085175756516861,2.5,arca,61.58132469110795,0.0
60.0,30.0,0.9085175756516861,2.5,orca,63.775525285119585,0.0
60.0,30.0,0.9085175756516861,2.5,combined,57.82161878927877,0.0
60.0,30.0,0.9085175756516861,2.5625,arca,71.47377104274236,0.0
60.0,30.0,0.9085175756516861,2.5625,orca,54.98227429008023,0.0
60.0,30.0,0.9085175756516861,2.5625,combined,57.641249043396954,0.0
60.0,30.0,0.9085175756516861,2.625,arca,55.046310370376034,0.0
60.0,30.0,0.9085175756516861,2.625,orca,56.46553076059085,0.0
60.0,30.0,0.9085175756516861,2.625,combined,61.512100449136156,0.0
60.0,30.0,0.9085175756516861,2.6875,arca,59.26816812684434,0.0
60.0,30.0,0.9085175756516861,2.6875,orca,71.76786569892282,0.0
60.0,30.0,0.9085175756516861,2.6875,combined,57.04410888652904,0.0
60.0,30.0,0.9085175756516861,2.75,arca,55.22423026202625,0.0
60.0,30.0,0.9085175756516861,2.75,orca,54.038988408851424,0.0
60.0,30.0,0.9085175756516861,2.75,combined,58.21804191104798,0.0
60.0,30.0,0.9085175756516861,2.8125,arca,59.52925365384323,0.0
60.0,30.0,0.9085175756516861,2.8125,orca,54.376949392473755,0.0
60.0,30.0,0.9085175756516861,2.8125,combined,60.44968031012435,0.0
60.0,30.0,0.9085175756516861,2.875,arca,60.14042088043969,0.0
60.0,30.0,0.9085175756516861,2.875,orca,58.26555091259446,0.0
60.0,30.0,0.9085175756516861,2.875,combined,64.53035892786923,0.0
60.0,30.0,0.9085175756516861,2.9375,arca,60.68777072649492,0.0
60.0,30.0,0.9085175756516861,2.9375,orca,54.6267595179292,0.0
60.0,30.0,0.9085175756516861,2.9375,combined,61.249008375095464,0.0
60.0,30.0,0.9085175756516861,3.0,arca,60.68777072649492,0.0
60.0,30.0,0.9085175756516861,3.0,orca,54.6267595179292,0.0
60.0,30.0,0.9085175756516861,3.0,combined,71.77257062391146,0.0
60.0,30.0,2.6101572156825332,1.5,arca,,
60.0,30.0,2.6101572156825332,1.5,orca,141.60723992366852,0.0
60.0,30.0,2.6101572156825332,1.5,combined,,
60.0,30.0,2.6101572156825332,1.5625,arca,,
60.0,30.0,2.6101572156825332,1.5625,orca,112.40400279264607,0.0
60.0,30.0,2.6101572156825332,1.5625,combined,,
60.0,30.0,2.6101572156825332,1.625,arca,,
60.0,30.0,2.6101572156825332,1.625,orca,79.11780323800178,0.0
60.0,30.0,2.6101572156825332,1.625,combined,,
60.0,30.0,2.6101572156825332,1.6875,arca,,
60.0,30.0,2.6101572156825332,1.6875,orca,57.80109937798351,0.0
60.0,30.0,2.6101572156825332,1.6875,combined,,
60.0,30.0,2.6101572156825332,1.75,arca,,
60.0,30.0,2.6101572156825332,1.75,orca,64.32554363583648,0.0
60.0,30.0,2.6101572156825332,1.75,combined,,
60.0,30.0,2.6101572156825332,1.8125,arca,82407.21353222683,0.0
60.0,30.0,2.6101572156825332,1.8125,orca,67.77906774249726,0.0
60.0,30.0,2.6101572156825332,1.8125,combined,72906.18392993393,0.0
60.0,30.0,2.6101572156825332,1.875,arca,18108.751130274926,0.0
60.0,30.0,2.6101572156825332,1.875,orca,66.26919884363282,0.0
60.0,30.0,2.6101572156825332,1.875,combined,16038.933871567428,0.0
60.0,30.0,2.6101572156825332,1.9375,arca,4036.1652936246037,0.0
60.0,30.0,2.6101572156825332,1.9375,orca,57.79539084397384,0.0
60.0,30.0,2.6101572156825332,1.9375,combined,3765.607493763,0.0
60.0,30.0,2.6101572156825332,2.0,arca,993.7924658809758,0.0
60.0,30.0,2.6101572156825332,2.0,orca,54.832178203702135,0.0
60.0,30.0,2.6101572156825332,2.0,combined,829.2519436175509,0.0
60.0,30.0,2.6101572156825332,2.0625,arca,336.3322338602171,0.0
60.0,30.0,2.6101572156825332,2.0625,orca,56.02764469409108,0.0
60.0,30.0,2.6101572156825332,2.0625,combined,217.300663033759,0.0
60.0,30.0,2.6101572156825332,2.125,arca,87.97927783265888,0.0
60.0,30.0,2.6101572156825332,2.125,orca,71.28917490854897,0.0
60.0,30.0,2.6101572156825332,2.125,combined,87.85522399091539,0.0
60.0,30.0,2.6101572156825332,2.1875,arca,60.23933668272697,0.0
60.0,30.0,2.6101572156825332,2.1875,orca,58.35874030123232,0.0
60.0,30.0,2.6101572156825332,2.1875,combined,64.6522612725366,0.0
60.0,30.0,2.6101572156825332,2.25,arca,62.39784691825388,0.0
60.0,30.0,2.6101572156825332,2.25,orca,60.469226932668334,0.0
60.0,30.0,2.6101572156825332,2.25,combined,59.32066207119827,0.0
60.0,30.0,2.6101572156825332,2.3125,arca,64.9055532664927,0.0
60.0,30.0,2.6101572156825332,2.3125,orca,68.12218475714911,0.0
60.0,30.0,2.6101572156825332,2.3125,combined,58.147478186848275,0.0
60.0,30.0,2.6101572156825332,2.375,arca,64.79035269590717,0.0
60.0,30.0,2.6101572156825332,2.375,orca,61.60998708566508,0.0
60.0,30.0,2.6101572156825332,2.375,combined,57.21044826469026,0.0
60.0,30.0,2.6101572156825332,2.4375,arca,56.28271289495896,0.0
60.0,30.0,2.6101572156825332,2.4375,orca,62.01823708206686,0.0
60.0,30.0,2.6101572156825332,2.4375,combined,73.59499663743522,0.0
60.0,30.0,2.6101572156825332,2.5,arca,63.38602455290639,0.0
60.0,30.0,2.6101572156825332,2.5,orca,60.71458404157157,0.0
60.0,30.0,2.6101572156825332,2.5,combined,61.064095271114056,0.0
60.0,30.0,2.6101572156825332,2.5625,arca,60.77339054482098,0.0
60.0,30.0,2.6101572156825332,2.5625,orca,55.9521975135703,0.0
60.0,30.0,2.6101572156825332,2.5625,combined,55.11984132062192,0.0
60.0,30.0,2.6101572156825332,2.625,arca,59.358716707484334,0.0
60.0,30.0,2.6101572156825332,2.625,orca,62.54846846846847,0.0
60.0,30.0,2.6101572156825332,2.625,combined,54.81614403164251,0.0
60.0,30.0,2.6101572156825332,2.6875,arca,59.397702827142716,0.0
60.0,30.0,2.6101572156825332,2.6875,orca,54.25537141082469,0.0
60.0,30.0,2.6101572156825332,2.6875,combined,53.94221628907333,0.0
60.0,30.0,2.6101572156825332,2.75,arca,65.83113400013752,0.0
60.0,30.0,2.6101572156825332,2.75,orca,59.78024811052597,0.0
60.0,30.0,2.6101572156825332,2.75,combined,56.17433140134551,0.0
60.0,30.0,2.6101572156825332,2.8125,arca,63.055958247657564,0.0
60.0,30.0,2.6101572156825332,2.8125,orca,58.86141290907592,0.0
60.0,30.0,2.6101572156825332,2.8125,combined,56.899574151270954,0.0
60.0,30.0,2.6101572156825332,2.875,arca,57.09005338846703,0.0
60.0,30.0,2.6101572156825332,2.875,orca,64.50345227734262,0.0
60.0,30.0,2.6101572156825332,2.875,combined,57.88340663221085,0.0
60.0,30.0,2.6101572156825332,2.9375,arca,62.307209215051046,0.0
60.0,30.0,2.6101572156825332,2.9375,orca,60.524039983717024,0.0
60.0,30.0,2.6101572156825332,2.9375,combined,61.87441819884093,0.0
60.0,30.0,2.6101572156825332,3.0,arca,54.35465191882569,0.0
60.0,30.0,2.6101572156825332,3.0,orca,60.02767889888463,0.0
60.0,30.0,2.6101572156825332,3.0,combined,72.9701221475124,0.0
60.0,30.0,7.498942093324558,1.5,arca,,
60.0,30.0,7.498942093324558,1.5,orca,1014.5274382389146,0.0
60.0,30.0,7.498942093324558,1.5,combined,,
60.0,30.0,7.498942093324558,1.5625,arca,,
60.0,30.0,7.498942093324558,1.5625,orca,375.3308844630661,0.0
60.0,30.0,7.498942093324558,1.5625,combined,,
60.0,30.0,7.498942093324558,1.625,arca,,
60.0,30.0,7.498942093324558,1.625,orca,188.67177533408375,0.0
60.0,30.0,7.498942093324558,1.625,combined,,
60.0,30.0,7.498942093324558,1.6875,arca,,
60.0,30.0,7.498942093324558,1.6875,orca,133.56510829752256,0.0
60.0,30.0,7.498942093324558,1.6875,combined,,
60.0,30.0,7.498942093324558,1.75,arca,,
60.0,30.0,7.498942093324558,1.75,orca,76.74380955139159,0.0
60.0,30.0,7.498942093324558,1.75,combined,,
60.0,30.0,7.498942093324558,1.8125,arca,,
60.0,30.0,7.498942093324558,1.8125,orca,58.220630700174404,0.0
60.0,30.0,7.498942093324558,1.8125,combined,,
60.0,30.0,7.498942093324558,1.875,arca,146945.05939635617,0.0
60.0,30.0,7.498942093324558,1.875,orca,73.84633997026498,0.0
60.0,30.0,7.498942093324558,1.875,combined,131377.70080121548,0.0
60.0,30.0,7.498942093324558,1.9375,arca,33615.48056098523,0.0
60.0,30.0,7.498942093324558,1.9375,orca,60.306037671427745,0.0
60.0,30.0,7.498942093324558,1.9375,combined,29292.761513016725,0.0
60.0,30.0,7.498942093324558,2.0,arca,7761.847055282809,0.0
60.0,30.0,7.498942093324558,2.0,orca,62.99590010105385,0.0
60.0,30.0,7.498942093324558,2.0,combined,7245.200926089523,0.0
60.0,30.0,7.498942093324558,2.0625,arca,2012.5277524368316,0.0
60.0,30.0,7.498942093324558,2.0625,orca,64.97864272570122,0.0
60.0,30.0,7.498942093324558,2.0625,combined,1723.9206889262455,0.0
60.0,30.0,7.498942093324558,2.125,arca,548.6718908103255,0.0
60.0,30.0,7.498942093324558,2.125,orca,51.97605757515654,0.0
60.0,30.0,7.498942093324558,2.125,combined,412.1262221267859,0.0
60.0,30.0,7.498942093324558,2.1875,arca,144.73062543589197,0.0
60.0,30.0,7.498942093324558,2.1875,orca,54.11977793977459,0.0
60.0,30.0,7.498942093324558,2.1875,combined,144.1609238797015,0.0
60.0,30.0,7.498942093324558,2.25,arca,63.150161693819044,0.0
60.0,30.0,7.498942093324558,2.25,orca,69.31103839318456,0.0
60.0,30.0,7.498942093324558,2.25,combined,76.15498887190626,0.0
60.0,30.0,7.498942093324558,2.3125,arca,63.42890053474306,0.0
60.0,30.0,7.498942093324558,2.3125,orca,56.522246555595586,0.0
60.0,30.0,7.498942093324558,2.3125,combined,56.39580749649844,0.0
60.0,30.0,7.498942093324558,2.375,arca,66.8203530633437,0.0
60.0,30.0,7.498942093324558,2.375,orca,59.052063080578954,0.0
60.0,30.0,7.498942093324558,2.375,combined,54.207903613166444,0.0
60.0,30.0,7.498942093324558,2.4375,arca,58.970997449486084,0.0
60.0,30.0,7.498942093324558,2.4375,orca,63.35289492307291,0.0
60.0,30.0,7.498942093324558,2.4375,combined,52.19353961169156,0.0
60.0,30.0,7.498942093324558,2.5,arca,61.6302928985275,0.0
60.0,30.0,7.498942093324558,2.5,orca,57.446716331167124,0.0
60.0,30.0,7.498942093324558,2.5,combined,54.57517228509352,0.0
60.0,30.0,7.498942093324558,2.5625,arca,62.47273699079906,0.0
60.0,30.0,7.498942093324558,2.5625,orca,56.70887280029593,0.0
60.0,30.0,7.498942093324558,2.5625,combined,56.50448003621307,0.0
60.0,30.0,7.498942093324558,2.625,arca,51.864071147753734,0.0
60.0,30.0,7.498942093324558,2.625,orca,64.44754124619574,0.0
60.0,30.0,7.498942093324558,2.625,combined,54.696756295347846,0.0
60.0,30.0,7.498942093324558,2.6875,arca,55.22584597766962,0.0
60.0,30.0,7.498942093324558,2.6875,orca,68.58909347474791,0.0
60.0,30.0,7.498942093324558,2.6875,combined,57.37726752084387,0.0
60.0,30.0,7.498942093324558,2.75,arca,56.932724258836295,0.0
60.0,30.0,7.498942093324558,2.75,orca,54.276147009368245,0.0
60.0,30.0,7.498942093324558,2.75,combined,57.62748279154232,0.0
60.0,30.0,7.498942093324558,2.8125,arca,58.75991776120944,0.0
60.0,30.0,7.498942093324558,2.8125,orca,68.6050650239562,0.0
60.0,30.0,7.498942093324558,2.8125,combined,68.785989910934,0.0
60.0,30.0,7.498942093324558,2.875,arca,62.342005005827396,0.0
60.0,30.0,7.498942093324558,2.875,orca,60.475039805188715,0.0
60.0,30.0,7.498942093324558,2.875,combined,57.88130245472329,0.0
60.0,30.0,7.498942093324558,2.9375,arca,63.48630563395882,0.0
60.0,30.0,7.498942093324558,2.9375,orca,55.16285679483536,0.0
60.0,30.0,7.498942093324558,2.9375,combined,59.739549605027065,0.0
60.0,30.0,7.498942093324558,3.0,arca,55.32529112734745,0.0
60.0,30.0,7.498942093324558,3.0,orca,65.94935123253998,0.0
60.0,30.0,7.498942093324558,3.0,combined,66.38731808867911,0.0
60.0,30.0,21.54434690031882,1.5,arca,,
60.0,30.0,21.54434690031882,1.5,orca,,
60.0,30.0,21.54434690031882,1.5,combined,,
60.0,30.0,21.54434690031882,1.5625,arca,,
60.0,30.0,21.54434690031882,1.5625,orca,,
60.0,30.0,21.54434690031882,1.5625,combined,,
60.0,30.0,21.54434690031882,1.625,arca,,
60.0,30.0,21.54434690031882,1.625,orca,1181.9084071678867,0.0
60.0,30.0,21.54434690031882,1.625,combined,,
60.0,30.0,21.54434690031882,1.6875,arca,,
60.0,30.0,21.54434690031882,1.6875,orca,463.26928037142113,0.0
60.0,30.0,21.54434690031882,1.6875,combined,,
60.0,30.0,21.54434690031882,1.75,arca,,
60.0,30.0,21.54434690031882,1.75,orca,146.70642201834863,0.0
60.0,30.0,21.54434690031882,1.75,combined,,
60.0,30.0,21.54434690031882,1.8125,arca,,
60.0,30.0,21.54434690031882,1.8125,orca,132.32877502740752,0.0
60.0,30.0,21.54434690031882,1.8125,combined,,
60.0,30.0,21.54434690031882,1.875,arca,,
60.0,30.0,21.54434690031882,1.875,orca,64.27997213918796,0.0
60.0,30.0,21.54434690031882,1.875,combined,,
60.0,30.0,21.54434690031882,1.9375,arca,267805.9356550969,0.0
60.0,30.0,21.54434690031882,1.9375,orca,60.90633782621165,0.0
60.0,30.0,21.54434690031882,1.9375,combined,240097.42372430058,0.0
60.0,30.0,21.54434690031882,2.0,arca,64435.87206120347,0.0
60.0,30.0,21.54434690031882,2.0,orca,58.425088703216204,0.0
60.0,30.0,21.54434690031882,2.0,combined,58939.28370563111,0.0
60.0,30.0,21.54434690031882,2.0625,arca,16297.489211972392,0.0
60.0,30.0,21.54434690031882,2.0625,orca,66.16592831252517,0.0
60.0,30.0,21.54434690031882,2.0625,combined,14469.071721495493,0.0
60.0,30.0,21.54434690031882,2.125,arca,4213.5959580324015,0.0
60.0,30.0,21.54434690031882,2.125,orca,63.8986087987132,0.0
60.0,30.0,21.54434690031882,2.125,combined,3698.7719270048547,0.0
60.0,30.0,21.54434690031882,2.1875,arca,1068.213582796744,0.0
60.0,30.0,21.54434690031882,2.1875,orca,64.85080345399439,0.0
60.0,30.0,21.54434690031882,2.1875,combined,1028.0641090324448,0.0
60.0,30.0,21.54434690031882,2.25,arca,366.46965891968404,0.0
60.0,30.0,21.54434690031882,2.25,orca,57.018053127776035,0.0
60.0,30.0,21.54434690031882,2.25,combined,273.7074198675228,0.0
60.0,30.0,21.54434690031882,2.3125,arca,111.13305061476035,0.0
60.0,30.0,21.54434690031882,2.3125,orca,57.39522910588639,0.0
60.0,30.0,21.54434690031882,2.3125,combined,104.75431362276714,0.0
60.0,30.0,21.54434690031882,2.375,arca,63.50230358504959,0.0
60.0,30.0,21.54434690031882,2.375,orca,57.8829496683574,0.0
60.0,30.0,21.54434690031882,2.375,combined,71.82508635258787,0.0
60.0,30.0,21.54434690031882,2.4375,arca,60.649906506391915,0.0
60.0,30.0,21.54434690031882,2.4375,orca,57.56357446808509,0.0
60.0,30.0,21.54434690031882,2.4375,combined,62.77116918548784,0.0
60.0,30.0,21.54434690031882,2.5,arca,54.042178886123125,0.0
60.0,30.0,21.54434690031882,2.5,orca,56.187196740208556,0.0
60.0,30.0,21.54434690031882,2.5,combined,65.13570631802148,0.0
60.0,30.0,21.54434690031882,2.5625,arca,67.13379084243067,0.0
60.0,30.0,21.54434690031882,2.5625,orca,65.51303357996584,0.0
60.0,30.0,21.54434690031882,2.5625,combined,65.1207402475299,0.0
60.0,30.0,21.54434690031882,2.625,arca,61.4708317421523,0.0
60.0,30.0,21.54434690031882,2.625,orca,59.526975305405564,0.0
60.0,30.0,21.54434690031882,2.625,combined,64.75732127476314,0.0
60.0,30.0,21.54434690031882,2.6875,arca,64.53526628710205,0.0
60.0,30.0,21.54434690031882,2.6875,orca,66.49450969680416,0.0
60.0,30.0,21.54434690031882,2.6875,combined,58.939603042107215,0.0
60.0,30.0,21.54434690031882,2.75,arca,56.25024913042981,0.0
60.0,30.0,21.54434690031882,2.75,orca,56.98080873878841,0.0
60.0,30.0,21.54434690031882,2.75,combined,56.13820973934128,0.0
60.0,30.0,21.54434690031882,2.8125,arca,65.37594082582648,0.0
60.0,30.0,21.54434690031882,2.8125,orca,59.6440730988816,0.0
60.0,30.0,21.54434690031882,2.8125,combined,63.21168038509104,0.0
60.0,30.0,21.54434690031882,2.875,arca,64.17869028469248,0.0
60.0,30.0,21.54434690031882,2.875,orca,55.03337997710215,0.0
60.0,30.0,21.54434690031882,2.875,combined,61.781172699487044,0.0
60.0,30.0,21.54434690031882,2.9375,arca,58.914844227244956,0.0
60.0,30.0,21.54434690031882,2.9375,orca,59.98506379891606,0.0
60.0,30.0,21.54434690031882,2.9375,combined,58.91674311472489,0.0
60.0,30.0,21.54434690031882,3.0,arca,60.01345966494107,0.0
60.0,30.0,21.54434690031882,3.0,orca,53.694529585952516,0.0
60.0,30.0,21.54434690031882,3.0,combined,66.86959467351946,0.0
60.0,30.0,61.896581889125976,1.5,arca,,
60.0,30.0,61.896581889125976,1.5,orca,,
60.0,30.0,61.896581889125976,1.5,combined,,
60.0,30.0,61.896581889125976,1.5625,arca,,
60.0,30.0,61.896581889125976,1.5625,orca,,
60.0,30.0,61.896581889125976,1.5625,combined,,
60.0,30.0,61.896581889125976,1.625,arca,,
60.0,30.0,61.896581889125976,1.625,orca,,
60.0,30.0,61.896581889125976,1.625,combined,,
60.0,30.0,61.896581889125976,1.6875,arca,,
60.0,30.0,61.896581889125976,1.6875,orca,,
60.0,30.0,61.896581889125976,1.6875,combined,,
60.0,30.0,61.896581889125976,1.75,arca,,
60.0,30.0,61.896581889125976,1.75,orca,1260.2182697535986,0.0
60.0,30.0,61.896581889125976,1.75,combined,,
60.0,30.0,61.896581889125976,1.8125,arca,,
60.0,30.0,61.896581889125976,1.8125,orca,588.390184155163,0.0
60.0,30.0,61.896581889125976,1.8125,combined,,
60.0,30.0,61.896581889125976,1.875,arca,,
60.0,30.0,61.896581889125976,1.875,orca,253.70389572773354,0.0
60.0,30.0,61.896581889125976,1.875,combined,,
60.0,30.0,61.896581889125976,1.9375,arca,,
60.0,30.0,61.896581889125976,1.9375,orca,97.937276344794,0.0
60.0,30.0,61.896581889125976,1.9375,combined,,
60.0,30.0,61.896581889125976,2.0,arca,,
60.0,30.0,61.896581889125976,2.0,orca,62.95850479122903,0.0
60.0,30.0,61.896581889125976,2.0,combined,,
60.0,30.0,61.896581889125976,2.0625,arca,129115.52947990266,0.0
60.0,30.0,61.896581889125976,2.0625,orca,82.39422011309708,0.0
60.0,30.0,61.896581889125976,2.0625,combined,117484.91748381848,0.0
60.0,30.0,61.896581889125976,2.125,arca,34310.0379651961,0.0
60.0,30.0,61.896581889125976,2.125,orca,55.82230364094342,0.0
60.0,30.0,61.896581889125976,2.125,combined,30686.679112707767,0.0
60.0,30.0,61.896581889125976,2.1875,arca,9097.263930677576,0.0
60.0,30.0,61.896581889125976,2.1875,orca,67.47141788037533,0.0
60.0,30.0,61.896581889125976,2.1875,combined,7969.3918709608515,0.0
60.0,30.0,61.896581889125976,2.25,arca,2492.1995564067433,0.0
60.0,30.0,61.896581889125976,2.25,orca,52.63195024331251,0.0
60.0,30.0,61.896581889125976,2.25,combined,2221.4171655145324,0.0
60.0,30.0,61.896581889125976,2.3125,arca,797.6691894029861,0.0
60.0,30.0,61.896581889125976,2.3125,orca,54.47537797593528,0.0
60.0,30.0,61.896581889125976,2.3125,combined,619.6884293398401,0.0
60.0,30.0,61.896581889125976,2.375,arca,234.38327192925647,0.0
60.0,30.0,61.896581889125976,2.375,orca,53.97293182202673,0.0
60.0,30.0,61.896581889125976,2.375,combined,181.86519774355025,0.0
60.0,30.0,61.896581889125976,2.4375,arca,97.02537699366147,0.0
60.0,30.0,61.896581889125976,2.4375,orca,56.69511985811543,0.0
60.0,30.0,61.896581889125976,2.4375,combined,86.61304039211333,0.0
60.0,30.0,61.896581889125976,2.5,arca,61.02357874475837,0.0
60.0,30.0,61.896581889125976,2.5,orca,54.17669313003352,0.0
60.0,30.0,61.896581889125976,2.5,combined,56.877082882492964,0.0
60.0,30.0,61.896581889125976,2.5625,arca,60.24220091094274,0.0
60.0,30.0,61.896581889125976,2.5625,orca,57.864873493495104,0.0
60.0,30.0,61.896581889125976,2.5625,combined,66.28675393428324,0.0
60.0,30.0,61.896581889125976,2.625,arca,61.669358932763316,0.0
60.0,30.0,61.896581889125976,2.625,orca,52.31930585683297,0.0
60.0,30.0,61.896581889125976,2.625,combined,63.62311119524579,0.0
60.0,30.0,61.896581889125976,2.6875,arca,57.65434592518204,0.0
60.0,30.0,61.896581889125976,2.6875,orca,56.7932213843178,0.0
60.0,30.0,61.896581889125976,2.6875,combined,59.76425670516208,0.0
60.0,30.0,61.896581889125976,2.75,arca,57.39911397964444,0.0
60.0,30.0,61.896581889125976,2.75,orca,70.3076087546842,0.0
60.0,30.0,61.896581889125976,2.75,combined,66.50112148839216,0.0
60.0,30.0,61.896581889125976,2.8125,arca,54.2625644157728,0.0
60.0,30.0,61.896581889125976,2.8125,orca,60.71010827471745,0.0
60.0,30.0,61.896581889125976,2.8125,combined,61.990487162385215,0.0
60.0,30.0,61.896581889125976,2.875,arca,61.77541195933321,0.0
60.0,30.0,61.896581889125976,2.875,orca,56.73186350004052,0.0
60.0,30.0,61.896581889125976,2.875,combined,63.78186020616468,0.0
60.0,30.0,61.896581889125976,2.9375,arca,73.83968358199839,0.0
60.0,30.0,61.896581889125976,2.9375,orca,63.2077812235692,0.0
60.0,30.0,61.896581889125976,2.9375,combined,61.62962626415603,0.0
60.0,30.0,61.896581889125976,3.0,arca,59.007961461027435,0.0
60.0,30.0,61.896581889125976,3.0,orca,69.12858479925126,0.0
60.0,30.0,61.896581889125976,3.0,combined,60.794236617852235,0.0
60.0,30.0,177.82794100389228,1.5,arca,,
60.0,30.0,177.82794100389228,1.5,orca,,
60.0,30.0,177.82794100389228,1.5,combined,,
60.0,30.0,177.82794100389228,1.5625,arca,,
60.0,30.0,177.82794100389228,1.5625,orca,,
60.0,30.0,177.82794100389228,1.5625,combined,,
60.0,30.0,177.82794100389228,1.625,arca,,
60.0,30.0,177.82794100389228,1.625,orca,,
60.0,30.0,177.82794100389228,1.625,combined,,
60.0,30.0,177.82794100389228,1.6875,arca,,
60.0,30.0,177.82794100389228,1.6875,orca,,
60.0,30.0,177.82794100389228,1.6875,combined,,
60.0,30.0,177.82794100389228,1.75,arca,,
60.0,30.0,177.82794100389228,1.75,orca,,
60.0,30.0,177.82794100389228,1.75,combined,,
60.0,30.0,177.82794100389228,1.8125,arca,,
60.0,30.0,177.82794100389228,1.8125,orca,,
60.0,30.0,177.82794100389228,1.8125,combined,,
60.0,30.0,177.82794100389228,1.875,arca,,
60.0,30.0,177.82794100389228,1.875,orca,1639.4345615538418,0.0
60.0,30.0,177.82794100389228,1.875,combined,,
60.0,30.0,177.82794100389228,1.9375,arca,,
60.0,30.0,177.82794100389228,1.9375,orca,638.7753980071013,0.0
60.0,30.0,177.82794100389228,1.9375,combined,,
60.0,30.0,177.82794100389228,2.0,arca,,
60.0,30.0,177.82794100389228,2.0,orca,344.3518122434823,0.0
60.0,30.0,177.82794100389228,2.0,combined,,
60.0,30.0,177.82794100389228,2.0625,arca,,
60.0,30.0,177.82794100389228,2.0625,orca,94.91168025726428,0.0
60.0,30.0,177.82794100389228,2.0625,combined,,
60.0,30.0,177.82794100389228,2.125,arca,269572.858628669,0.0
60.0,30.0,177.82794100389228,2.125,orca,125.55274734753726,0.0
60.0,30.0,177.82794100389228,2.125,combined,242357.83593774762,0.0
60.0,30.0,177.82794100389228,2.1875,arca,74039.2147767646,0.0
60.0,30.0,177.82794100389228,2.1875,orca,57.92158844765344,0.0
60.0,30.0,177.82794100389228,2.1875,combined,66501.5420367787,0.0
60.0,30.0,177.82794100389228,2.25,arca,20724.240886982898,0.0
60.0,30.0,177.82794100389228,2.25,orca,57.08792722472523,0.0
60.0,30.0,177.82794100389228,2.25,combined,18750.697921996798,0.0
60.0,30.0,177.82794100389228,2.3125,arca,5879.896838853096,0.0
60.0,30.0,177.82794100389228,2.3125,orca,56.07963171414552,0.0
60.0,30.0,177.82794100389228,2.3125,combined,5551.721955460443,0.0
60.0,30.0,177.82794100389228,2.375,arca,1683.1240345899919,0.0
60.0,30.0,177.82794100389228,2.375,orca,69.28121757177448,0.0
60.0,30.0,177.82794100389228,2.375,combined,1548.067353718714,0.0
60.0,30.0,177.82794100389228,2.4375,arca,534.1749086581782,0.0
60.0,30.0,177.82794100389228,2.4375,orca,57.38723634396971,0.0
60.0,30.0,177.82794100389228,2.4375,combined,547.8894114154434,0.0
60.0,30.0,177.82794100389228,2.5,arca,205.81141999070056,0.0
60.0,30.0,177.82794100389228,2.5,orca,55.245829725829715,0.0
60.0,30.0,177.82794100389228,2.5,combined,177.82587306571588,0.0
60.0,30.0,177.82794100389228,2.5625,arca,91.05715527793984,0.0
60.0,30.0,177.82794100389228,2.5625,orca,69.18109157341858,0.0
60.0,30.0,177.82794100389228,2.5625,combined,93.07674653633342,0.0
60.0,30.0,177.82794100389228,2.625,arca,59.64373305057269,0.0
60.0,30.0,177.82794100389228,2.625,orca,57.85959654178675,0.0
60.0,30.0,177.82794100389228,2.625,combined,70.05048393969523,0.0
60.0,30.0,177.82794100389228,2.6875,arca,55.40493849769557,0.0
60.0,30.0,177.82794100389228,2.6875,orca,62.41603216699461,0.0
60.0,30.0,177.82794100389228,2.6875,combined,57.63635717356643,0.0
60.0,30.0,177.82794100389228,2.75,arca,55.21916281484139,0.0
60.0,30.0,177.82794100389228,2.75,orca,58.04188466541409,0.0
60.0,30.0,177.82794100389228,2.75,combined,68.66754879259013,0.0
60.0,30.0,177.82794100389228,2.8125,arca,60.85398164170382,0.0
60.0,30.0,177.82794100389228,2.8125,orca,63.03943307806606,0.0
60.0,30.0,177.82794100389228,2.8125,combined,64.90907105294107,0.0
60.0,30.0,177.82794100389228,2.875,arca,60.3293655944355,0.0
60.0,30.0,177.82794100389228,2.875,orca,56.23610359269495,0.0
60.0,30.0,177.82794100389228,2.875,combined,65.10468766915666,0.0
60.0,30.0,177.82794100389228,2.9375,arca,63.126549199993896,0.0
60.0,30.0,177.82794100389228,2.9375,orca,60.45277634332616,0.0
60.0,30.0,177.82794100389228,2.9375,combined,61.6551724137931,0.0
60.0,30.0,177.82794100389228,3.0,arca,60.753130549349834,0.0
60.0,30.0,177.82794100389228,3.0,orca,62.49424269264837,0.0
60.0,30.0,177.82794100389228,3.0,combined,61.14770087934899,0.0
60.0,30.0,510.8969774506914,1.5,arca,,
60.0,30.0,510.8969774506914,1.5,orca,,
60.0,30.0,510.8969774506914,1.5,combined,,
60.0,30.0,510.8969774506914,1.5625,arca,,
60.0,30.0,510.8969774506914,1.5625,orca,,
60.0,30.0,510.8969774506914,1.5625,combined,,
60.0,30.0,510.8969774506914,1.625,arca,,
60.0,30.0,510.8969774506914,1.625,orca,,
60.0,30.0,510.8969774506914,1.625,combined,,
60.0,30.0,510.8969774506914,1.6875,arca,,
60.0,30.0,510.8969774506914,1.6875,orca,,
60.0,30.0,510.8969774506914,1.6875,combined,,
60.0,30.0,510.8969774506914,1.75,arca,,
60.0,30.0,510.8969774506914,1.75,orca,,
60.0,30.0,510.8969774506914,1.75,combined,,
60.0,30.0,510.8969774506914,1.8125,arca,,
60.0,30.0,510.8969774506914,1.8125,orca,,
60.0,30.0,510.8969774506914,1.8125,combined,,
60.0,30.0,510.8969774506914,1.875,arca,,
60.0,30.0,510.8969774506914,1.875,orca,,
60.0,30.0,510.8969774506914,1.875,combined,,
60.0,30.0,510.8969774506914,1.9375,arca,,
60.0,30.0,510.8969774506914,1.9375,orca,,
60.0,30.0,510.8969774506914,1.9375,combined,,
60.0,30.0,510.8969774506914,2.0,arca,,
60.0,30.0,510.8969774506914,2.0,orca,1990.9922445513728,0.0
60.0,30.0,510.8969774506914,2.0,combined,,
60.0,30.0,510.8969774506914,2.0625,arca,,
60.0,30.0,510.8969774506914,2.0625,orca,894.5461203936829,0.0
60.0,30.0,510.8969774506914,2.0625,combined,,
60.0,30.0,510.8969774506914,2.125,arca,,
60.0,30.0,510.8969774506914,2.125,orca,383.8086316878341,0.0
60.0,30.0,510.8969774506914,2.125,combined,,
60.0,30.0,510.8969774506914,2.1875,arca,,
60.0,30.0,510.8969774506914,2.1875,orca,164.26128464711138,0.0
60.0,30.0,510.8969774506914,2.1875,combined,,
60.0,30.0,510.8969774506914,2.25,arca,165447.7614887523,0.0
60.0,30.0,510.8969774506914,2.25,orca,105.59372838367537,0.0
60.0,30.0,510.8969774506914,2.25,combined,148965.72024384997,0.0
60.0,30.0,510.8969774506914,2.3125,arca,47616.60130011635,0.0
60.0,30.0,510.8969774506914,2.3125,orca,60.83770786256446,0.0
60.0,30.0,510.8969774506914,2.3125,combined,43685.539961661,0.0
60.0,30.0,510.8969774506914,2.375,arca,14430.065564920067,0.0
60.0,30.0,510.8969774506914,2.375,orca,67.38798002410883,0.0
60.0,30.0,510.8969774506914,2.375,combined,13420.30556230669,0.0
60.0,30.0,510.8969774506914,2.4375,arca,4186.988943475027,0.0
60.0,30.0,510.8969774506914,2.4375,orca,56.758510395247875,0.0
60.0,30.0,510.8969774506914,2.4375,combined,3923.420249788045,0.0
60.0,30.0,510.8969774506914,2.5,arca,1342.3995110580472,0.0
60.0,30.0,510.8969774506914,2.5,orca,61.00856863534417,0.0
60.0,30.0,510.8969774506914,2.5,combined,1257.0564693849399,0.0
60.0,30.0,510.8969774506914,2.5625,arca,442.53528953123515,0.0
60.0,30.0,510.8969774506914,2.5625,orca,54.88659413084855,0.0
60.0,30.0,510.8969774506914,2.5625,combined,423.33155369149046,0.0
60.0,30.0,510.8969774506914,2.625,arca,192.9160630251301,0.0
60.0,30.0,510.8969774506914,2.625,orca,64.4790834076076,0.0
60.0,30.0,510.8969774506914,2.625,combined,173.17895986829677,0.0
60.0,30.0,510.8969774506914,2.6875,arca,82.30023146647551,0.0
60.0,30.0,510.8969774506914,2.6875,orca,54.844998844998855,0.0
60.0,30.0,510.8969774506914,2.6875,combined,84.83129987112574,0.0
60.0,30.0,510.8969774506914,2.75,arca,56.98724101201452,0.0
60.0,30.0,510.8969774506914,2.75,orca,60.164367975579296,0.0
60.0,30.0,510.8969774506914,2.75,combined,64.01252831615516,0.0
60.0,30.0,510.8969774506914,2.8125,arca,63.06036016091971,0.0
60.0,30.0,510.8969774506914,2.8125,orca,66.97111168429197,0.0
60.0,30.0,510.8969774506914,2.8125,combined,62.86878876995393,0.0
60.0,30.0,510.8969774506914,2.875,arca,62.89431207791067,0.0
60.0,30.0,510.8969774506914,2.875,orca,60.75123390253588,0.0
60.0,30.0,510.8969774506914,2.875,combined,64.91326344760594,0.0
60.0,30.0,510.8969774506914,2.9375,arca,53.0797604287867,0.0
60.0,30.0,510.8969774506914,2.9375,orca,59.9248308202061,0.0
60.0,30.0,510.8969774506914,2.9375,combined,67.1236557865912,0.0
60.0,30.0,510.8969774506914,3.0,arca,57.82822046090265,0.0
60.0,30.0,510.8969774506914,3.0,orca,72.14666295109377,0.0
60.0,30.0,510.8969774506914,3.0,combined,57.64306074191013,0.0
60.0,30.0,1467.7992676220676,1.5,arca,,
60.0,30.0,1467.7992676220676,1.5,orca,,
60.0,30.0,1467.7992676220676,1.5,combined,,
60.0,30.0,1467.7992676220676,1.5625,arca,,
60.0,30.0,1467.7992676220676,1.5625,orca,,
60.0,30.0,1467.7992676220676,1.5625,combined,,
60.0,30.0,1467.7992676220676,1.625,arca,,
60.0,30.0,1467.7992676220676,1.625,orca,,
60.0,30.0,1467.7992676220676,1.625,combined,,
60.0,30.0,1467.7992676220676,1.6875,arca,,
60.0,30.0,1467.7992676220676,1.6875,orca,,
60.0,30.0,1467.7992676220676,1.6875,combined,,
60.0,30.0,1467.7992676220676,1.75,arca,,
60.0,30.0,1467.7992676220676,1.75,orca,,
60.0,30.0,1467.7992676220676,1.75,combined,,
60.0,30.0,1467.7992676220676,1.8125,arca,,
60.0,30.0,1467.7992676220676,1.8125,orca,,
60.0,30.0,1467.7992676220676,1.8125,combined,,
60.0,30.0,1467.7992676220676,1.875,arca,,
60.0,30.0,1467.7992676220676,1.875,orca,,
60.0,30.0,1467.7992676220676,1.875,combined,,
60.0,30.0,1467.7992676220676,1.9375,arca,,
60.0,30.0,1467.7992676220676,1.9375,orca,,
60.0,30.0,1467.7992676220676,1.9375,combined,,
60.0,30.0,1467.7992676220676,2.0,arca,,
60.0,30.0,1467.7992676220676,2.0,orca,,
60.0,30.0,1467.7992676220676,2.0,combined,,
60.0,30.0,1467.7992676220676,2.0625,arca,,
60.0,30.0,1467.7992676220676,2.0625,orca,,
60.0,30.0,1467.7992676220676,2.0625,combined,,
60.0,30.0,1467.7992676220676,2.125,arca,,
60.0,30.0,1467.7992676220676,2.125,orca,2525.002265518803,0.0
60.0,30.0,1467.7992676220676,2.125,combined,,
60.0,30.0,1467.7992676220676,2.1875,arca,,
60.0,30.0,1467.7992676220676,2.1875,orca,1173.3789203084832,0.0
60.0,30.0,1467.7992676220676,2.1875,combined,,
60.0,30.0,1467.7992676220676,2.25,arca,,
60.0,30.0,1467.7992676220676,2.25,orca,641.353485166145,0.0
60.0,30.0,1467.7992676220676,2.25,combined,,
60.0,30.0,1467.7992676220676,2.3125,arca,,
60.0,30.0,1467.7992676220676,2.3125,orca,287.3364092508219,0.0
60.0,30.0,1467.7992676220676,2.3125,combined,,
60.0,30.0,1467.7992676220676,2.375,arca,113846.31155048337,0.0
60.0,30.0,1467.7992676220676,2.375,orca,163.826028533036,0.0
60.0,30.0,1467.7992676220676,2.375,combined,105110.3004365708,0.0
60.0,30.0,1467.7992676220676,2.4375,arca,34798.5649729264,0.0
60.0,30.0,1467.7992676220676,2.4375,orca,117.03722721437742,0.0
60.0,30.0,1467.7992676220676,2.4375,combined,32280.54478488733,0.0
60.0,30.0,1467.7992676220676,2.5,arca,11225.66401345628,0.0
60.0,30.0,1467.7992676220676,2.5,orca,82.73021561939996,0.0
60.0,30.0,1467.7992676220676,2.5,combined,10074.793960390092,0.0
60.0,30.0,1467.7992676220676,2.5625,arca,3524.3350923682046,0.0
60.0,30.0,1467.7992676220676,2.5625,orca,62.89563605826311,0.0
60.0,30.0,1467.7992676220676,2.5625,combined,3122.7612684229243,0.0
60.0,30.0,1467.7992676220676,2.625,arca,1134.3483138399715,0.0
60.0,30.0,1467.7992676220676,2.625,orca,75.60665780500489,0.0
60.0,30.0,1467.7992676220676,2.625,combined,1216.7615060504938,0.0
60.0,30.0,1467.7992676220676,2.6875,arca,369.9961066392647,0.0
60.0,30.0,1467.7992676220676,2.6875,orca,58.45592389737675,0.0
60.0,30.0,1467.7992676220676,2.6875,combined,402.5535597968242,0.0
60.0,30.0,1467.7992676220676,2.75,arca,151.23284977016138,0.0
60.0,30.0,1467.7992676220676,2.75,orca,63.06543778801843,0.0
60.0,30.0,1467.7992676220676,2.75,combined,167.06321308994097,0.0
60.0,30.0,1467.7992676220676,2.8125,arca,76.16094247829821,0.0
60.0,30.0,1467.7992676220676,2.8125,orca,56.80472029955746,0.0
60.0,30.0,1467.7992676220676,2.8125,combined,79.62014139061188,0.0
60.0,30.0,1467.7992676220676,2.875,arca,59.7157856984792,0.0
60.0,30.0,1467.7992676220676,2.875,orca,58.93174530462666,0.0
60.0,30.0,1467.7992676220676,2.875,combined,66.72086211212059,0.0
60.0,30.0,1467.7992676220676,2.9375,arca,60.394075153883435,0.0
60.0,30.0,1467.7992676220676,2.9375,orca,61.07919940356712,0.0
60.0,30.0,1467.7992676220676,2.9375,combined,56.21757374479286,0.0
60.0,30.0,1467.7992676220676,3.0,arca,58.24891183163554,0.0
60.0,30.0,1467.7992676220676,3.0,orca,59.72728309525845,0.0
60.0,30.0,1467.7992676220676,3.0,combined,57.76910878528386,0.0
60.0,30.0,4216.965034285822,1.5,arca,,
60.0,30.0,4216.965034285822,1.5,orca,,
60.0,30.0,4216.965034285822,1.5,combined,,
60.0,30.0,4216.965034285822,1.5625,arca,,
60.0,30.0,4216.965034285822,1.5625,orca,,
60.0,30.0,4216.965034285822,1.5625,combined,,
60.0,30.0,4216.965034285822,1.625,arca,,
60.0,30.0,4216.965034285822,1.625,orca,,
60.0,30.0,4216.965034285822,1.625,combined,,
60.0,30.0,4216.965034285822,1.6875,arca,,
60.0,30.0,4216.965034285822,1.6875,orca,,
60.0,30.0,4216.965034285822,1.6875,combined,,
60.0,30.0,4216.965034285822,1.75,arca,,
60.0,30.0,4216.965034285822,1.75,orca,,
60.0,30.0,4216.965034285822,1.75,combined,,
60.0,30.0,4216.965034285822,1.8125,arca,,
60.0,30.0,4216.965034285822,1.8125,orca,,
60.0,30.0,4216.965034285822,1.8125,combined,,
60.0,30.0,4216.965034285822,1.875,arca,,
60.0,30.0,4216.965034285822,1.875,orca,,
60.0,30.0,4216.965034285822,1.875,combined,,
60.0,30.0,4216.965034285822,1.9375,arca,,
60.0,30.0,4216.965034285822,1.9375,orca,,
60.0,30.0,4216.965034285822,1.9375,combined,,
60.0,30.0,4216.965034285822,2.0,arca,,
60.0,30.0,4216.965034285822,2.0,orca,,
60.0,30.0,4216.965034285822,2.0,combined,,
60.0,30.0,4216.965034285822,2.0625,arca,,
60.0,30.0,4216.965034285822,2.0625,orca,,
60.0,30.0,4216.965034285822,2.0625,combined,,
60.0,30.0,4216.965034285822,2.125,arca,,
60.0,30.0,4216.965034285822,2.125,orca,,
60.0,30.0,4216.965034285822,2.125,combined,,
60.0,30.0,4216.965034285822,2.1875,arca,,
60.0,30.0,4216.965034285822,2.1875,orca,,
60.0,30.0,4216.965034285822,2.1875,combined,,
60.0,30.0,4216.965034285822,2.25,arca,,
60.0,30.0,4216.965034285822,2.25,orca,,
60.0,30.0,4216.965034285822,2.25,combined,,
60.0,30.0,4216.965034285822,2.3125,arca,,
60.0,30.0,4216.965034285822,2.3125,orca,1992.5300275952316,0.0
60.0,30.0,4216.965034285822,2.3125,combined,,
60.0,30.0,4216.965034285822,2.375,arca,,
60.0,30.0,4216.965034285822,2.375,orca,968.8758109892632,0.0
60.0,30.0,4216.965034285822,2.375,combined,,
60.0,30.0,4216.965034285822,2.4375,arca,280044.30248812644,0.0
60.0,30.0,4216.965034285822,2.4375,orca,496.0551240002302,0.0
60.0,30.0,4216.965034285822,2.4375,combined,255294.54707975138,0.0
60.0,30.0,4216.965034285822,2.5,arca,89234.92030619469,0.0
60.0,30.0,4216.965034285822,2.5,orca,277.82619719933155,0.0
60.0,30.0,4216.965034285822,2.5,combined,83795.07118053298,0.0
60.0,30.0,4216.965034285822,2.5625,arca,28348.90564627394,0.0
60.0,30.0,4216.965034285822,2.5625,orca,163.2209772438489,0.0
60.0,30.0,4216.965034285822,2.5625,combined,27155.303776438544,0.0
60.0,30.0,4216.965034285822,2.625,arca,9388.38353919365,0.0
60.0,30.0,4216.965034285822,2.625,orca,142.63928623240972,0.0
60.0,30.0,4216.965034285822,2.625,combined,9296.041672645963,0.0
60.0,30.0,4216.965034285822,2.6875,arca,3151.1979918145853,0.0
60.0,30.0,4216.965034285822,2.6875,orca,96.62311090444082,0.0
60.0,30.0,4216.965034285822,2.6875,combined,3130.232371945567,0.0
60.0,30.0,4216.965034285822,2.75,arca,1147.3816113592975,0.0
60.0,30.0,4216.965034285822,2.75,orca,86.17442532054984,0.0
60.0,30.0,4216.965034285822,2.75,combined,1117.3380845649572,0.0
60.0,30.0,4216.965034285822,2.8125,arca,431.54598348920103,0.0
60.0,30.0,4216.965034285822,2.8125,orca,59.071759866981694,0.0
60.0,30.0,4216.965034285822,2.8125,combined,448.63048788717197,0.0
60.0,30.0,4216.965034285822,2.875,arca,157.56180006556227,0.0
60.0,30.0,4216.965034285822,2.875,orca,68.96863656163787,0.0
60.0,30.0,4216.965034285822,2.875,combined,200.90223805435954,0.0
60.0,30.0,4216.965034285822,2.9375,arca,80.32703251102262,0.0
60.0,30.0,4216.965034285822,2.9375,orca,60.271523944394666,0.0
60.0,30.0,4216.965034285822,2.9375,combined,110.03943726781208,0.0
60.0,30.0,4216.965034285822,3.0,arca,56.86872295115753,0.0
60.0,30.0,4216.965034285822,3.0,orca,56.20580413920683,0.0
60.0,30.0,4216.965034285822,3.0,combined,62.09371667304288,0.0
60.0,30.0,12115.276586285852,1.5,arca,,
60.0,30.0,12115.276586285852,1.5,orca,,
60.0,30.0,12115.276586285852,1.5,combined,,
60.0,30.0,12115.276586285852,1.5625,arca,,
60.0,30.0,12115.276586285852,1.5625,orca,,
60.0,30.0,12115.276586285852,1.5625,combined,,
60.0,30.0,12115.276586285852,1.625,arca,,
60.0,30.0,12115.276586285852,1.625,orca,,
60.0,30.0,12115.276586285852,1.625,combined,,
60.0,30.0,12115.276586285852,1.6875,arca,,
60.0,30.0,12115.276586285852,1.6875,orca,,
60.0,30.0,12115.276586285852,1.6875,combined,,
60.0,30.0,12115.276586285852,1.75,arca,,
60.0,30.0,12115.276586285852,1.75,orca,,
60.0,30.0,12115.276586285852,1.75,combined,,
60.0,30.0,12115.276586285852,1.8125,arca,,
60.0,30.0,12115.276586285852,1.8125,orca,,
60.0,30.0,12115.276586285852,1.8125,combined,,
60.0,30.0,12115.276586285852,1.875,arca,,
60.0,30.0,12115.276586285852,1.875,orca,,
60.0,30.0,12115.276586285852,1.875,combined,,
60.0,30.0,12115.276586285852,1.9375,arca,,
60.0,30.0,12115.276586285852,1.9375,orca,,
60.0,30.0,12115.276586285852,1.9375,combined,,
60.0,30.0,12115.276586285852,2.0,arca,,
60.0,30.0,12115.276586285852,2.0,orca,,
60.0,30.0,12115.276586285852,2.0,combined,,
60.0,30.0,12115.276586285852,2.0625,arca,,
60.0,30.0,12115.276586285852,2.0625,orca,,
60.0,30.0,12115.276586285852,2.0625,combined,,
60.0,30.0,12115.276586285852,2.125,arca,,
60.0,30.0,12115.276586285852,2.125,orca,,
60.0,30.0,12115.276586285852,2.125,combined,,
60.0,30.0,12115.276586285852,2.1875,arca,,
60.0,30.0,12115.276586285852,2.1875,orca,,
60.0,30.0,12115.276586285852,2.1875,combined,,
60.0,30.0,12115.276586285852,2.25,arca,,
60.0,30.0,12115.276586285852,2.25,orca,,
60.0,30.0,12115.276586285852,2.25,combined,,
60.0,30.0,12115.276586285852,2.3125,arca,,
60.0,30.0,12115.276586285852,2.3125,orca,,
60.0,30.0,12115.276586285852,2.3125,combined,,
60.0,30.0,12115.276586285852,2.375,arca,,
60.0,30.0,12115.276586285852,2.375,orca,,
60.0,30.0,12115.276586285852,2.375,combined,,
60.0,30.0,12115.276586285852,2.4375,arca,,
60.0,30.0,12115.276586285852,2.4375,orca,3626.158599525736,0.0
60.0,30.0,12115.276586285852,2.4375,combined,,
60.0,30.0,12115.276586285852,2.5,arca,,
60.0,30.0,12115.276586285852,2.5,orca,2062.2652840601972,0.0
60.0,30.0,12115.276586285852,2.5,combined,,
60.0,30.0,12115.276586285852,2.5625,arca,232572.495617598,0.0
60.0,30.0,12115.276586285852,2.5625,orca,1081.8800183396854,0.0
60.0,30.0,12115.276586285852,2.5625,combined,219788.14223940577,0.0
60.0,30.0,12115.276586285852,2.625,arca,77631.21411136928,0.0
60.0,30.0,12115.276586285852,2.625,orca,672.3880149598881,0.0
60.0,30.0,12115.276586285852,2.625,combined,74507.47214592807,0.0
60.0,30.0,12115.276586285852,2.6875,arca,26732.95122586794,0.0
60.0,30.0,12115.276586285852,2.6875,orca,469.5799190329897,0.0
60.0,30.0,12115.276586285852,2.6875,combined,25872.16074765737,0.0
60.0,30.0,12115.276586285852,2.75,arca,9421.672589843194,0.0
60.0,30.0,12115.276586285852,2.75,orca,239.705325104062,0.0
60.0,30.0,12115.276586285852,2.75,combined,9003.904683864983,0.0
60.0,30.0,12115.276586285852,2.8125,arca,3352.3903482579544,0.0
60.0,30.0,12115.276586285852,2.8125,orca,178.14055536510114,0.0
60.0,30.0,12115.276586285852,2.8125,combined,3325.6716727986764,0.0
60.0,30.0,12115.276586285852,2.875,arca,1182.164854522262,0.0
60.0,30.0,12115.276586285852,2.875,orca,128.87024660059922,0.0
60.0,30.0,12115.276586285852,2.875,combined,1237.4758300929327,0.0
60.0,30.0,12115.276586285852,2.9375,arca,473.55097778910476,0.0
60.0,30.0,12115.276586285852,2.9375,orca,100.13501329326091,0.0
60.0,30.0,12115.276586285852,2.9375,combined,530.6857983612973,0.0
60.0,30.0,12115.276586285852,3.0,arca,167.56932520947885,0.0
60.0,30.0,12115.276586285852,3.0,orca,67.84636783389259,0.0
60.0,30.0,12115.276586285852,3.0,combined,218.227414983,0.0
60.0,30.0,34807.00588428406,1.5,arca,,
60.0,30.0,34807.00588428406,1.5,orca,,
60.0,30.0,34807.00588428406,1.5,combined,,
60.0,30.0,34807.00588428406,1.5625,arca,,
60.0,30.0,34807.00588428406,1.5625,orca,,
60.0,30.0,34807.00588428406,1.5625,combined,,
60.0,30.0,34807.00588428406,1.625,arca,,
60.0,30.0,34807.00588428406,1.625,orca,,
60.0,30.0,34807.00588428406,1.625,combined,,
60.0,30.0,34807.00588428406,1.6875,arca,,
60.0,30.0,34807.00588428406,1.6875,orca,,
60.0,30.0,34807.00588428406,1.6875,combined,,
60.0,30.0,34807.00588428406,1.75,arca,,
60.0,30.0,34807.00588428406,1.75,orca,,
60.0,30.0,34807.00588428406,1.75,combined,,
60.0,30.0,34807.00588428406,1.8125,arca,,
60.0,30.0,34807.00588428406,1.8125,orca,,
60.0,30.0,34807.00588428406,1.8125,combined,,
60.0,30.0,34807.00588428406,1.875,arca,,
60.0,30.0,34807.00588428406,1.875,orca,,
60.0,30.0,34807.00588428406,1.875,combined,,
60.0,30.0,34807.00588428406,1.9375,arca,,
60.0,30.0,34807.00588428406,1.9375,orca,,
60.0,30.0,34807.00588428406,1.9375,combined,,
60.0,30.0,34807.00588428406,2.0,arca,,
60.0,30.0,34807.00588428406,2.0,orca,,
60.0,30.0,34807.00588428406,2.0,combined,,
60.0,30.0,34807.00588428406,2.0625,arca,,
60.0,30.0,34807.00588428406,2.0625,orca,,
60.0,30.0,34807.00588428406,2.0625,combined,,
60.0,30.0,34807.00588428406,2.125,arca,,
60.0,30.0,34807.00588428406,2.125,orca,,
60.0,30.0,34807.00588428406,2.125,combined,,
60.0,30.0,34807.00588428406,2.1875,arca,,
60.0,30.0,34807.00588428406,2.1875,orca,,
60.0,30.0,34807.00588428406,2.1875,combined,,
60.0,30.0,34807.00588428406,2.25,arca,,
60.0,30.0,34807.00588428406,2.25,orca,,
60.0,30.0,34807.00588428406,2.25,combined,,
60.0,30.0,34807.00588428406,2.3125,arca,,
60.0,30.0,34807.00588428406,2.3125,orca,,
60.0,30.0,34807.00588428406,2.3125,combined,,
60.0,30.0,34807.00588428406,2.375,arca,,
60.0,30.0,34807.00588428406,2.375,orca,,
60.0,30.0,34807.00588428406,2.375,combined,,
60.0,30.0,34807.00588428406,2.4375,arca,,
60.0,30.0,34807.00588428406,2.4375,orca,,
60.0,30.0,34807.00588428406,2.4375,combined,,
60.0,30.0,34807.00588428406,2.5,arca,,
60.0,30.0,34807.00588428406,2.5,orca,,
60.0,30.0,34807.00588428406,2.5,combined,,
60.0,30.0,34807.00588428406,2.5625,arca,,
60.0,30.0,34807.00588428406,2.5625,orca,,
60.0,30.0,34807.00588428406,2.5625,combined,,
60.0,30.0,34807.00588428406,2.625,arca,,
60.0,30.0,34807.00588428406,2.625,orca,4436.889198063332,0.0
60.0,30.0,34807.00588428406,2.625,combined,,
60.0,30.0,34807.00588428406,2.6875,arca,215822.6404239213,0.0
60.0,30.0,34807.00588428406,2.6875,orca,2631.464633391481,0.0
60.0,30.0,34807.00588428406,2.6875,combined,205680.0042224436,0.0
60.0,30.0,34807.00588428406,2.75,arca,74779.1691750432,0.0
60.0,30.0,34807.00588428406,2.75,orca,1641.3305218012865,0.0
60.0,30.0,34807.00588428406,2.75,combined,75183.51315583807,0.0
60.0,30.0,34807.00588428406,2.8125,arca,27393.953813512002,0.0
60.0,30.0,34807.00588428406,2.8125,orca,1195.110196180405,0.0
60.0,30.0,34807.00588428406,2.8125,combined,27225.724250121388,0.0
60.0,30.0,34807.00588428406,2.875,arca,9766.551641367187,0.0
60.0,30.0,34807.00588428406,2.875,orca,783.0076773232497,0.0
60.0,30.0,34807.00588428406,2.875,combined,10527.753471782391,0.0
60.0,30.0,34807.00588428406,2.9375,arca,3571.854000898782,0.0
60.0,30.0,34807.00588428406,2.9375,orca,432.1019950554821,0.0
60.0,30.0,34807.00588428406,2.9375,combined,4105.236860800214,0.0
60.0,30.0,34807.00588428406,3.0,arca,1335.4308262004488,0.0
60.0,30.0,34807.00588428406,3.0,orca,323.3256177304554,0.0
60.0,30.0,34807.00588428406,3.0,combined,1671.2252771827407,0.0
60.0,30.0,100000.0,1.5,arca,,
60.0,30.0,100000.0,1.5,orca,,
60.0,30.0,100000.0,1.5,combined,,
60.0,30.0,100000.0,1.5625,arca,,
60.0,30.0,100000.0,1.5625,orca,,
60.0,30.0,100000.0,1.5625,combined,,
60.0,30.0,100000.0,1.625,arca,,
60.0,30.0,100000.0,1.625,orca,,
60.0,30.0,100000.0,1.625,combined,,
60.0,30.0,100000.0,1.6875,arca,,
60.0,30.0,100000.0,1.6875,orca,,
60.0,30.0,100000.0,1.6875,combined,,
60.0,30.0,100000.0,1.75,arca,,
60.0,30.0,100000.0,1.75,orca,,
60.0,30.0,100000.0,1.75,combined,,
60.0,30.0,100000.0,1.8125,arca,,
60.0,30.0,100000.0,1.8125,orca,,
60.0,30.0,100000.0,1.8125,combined,,
60.0,30.0,100000.0,1.875,arca,,
60.0,30.0,100000.0,1.875,orca,,
60.0,30.0,100000.0,1.875,combined,,
60.0,30.0,100000.0,1.9375,arca,,
60.0,30.0,100000.0,1.9375,orca,,
60.0,30.0,100000.0,1.9375,combined,,
60.0,30.0,100000.0,2.0,arca,,
60.0,30.0,100000.0,2.0,orca,,
60.0,30.0,100000.0,2.0,combined,,
60.0,30.0,100000.0,2.0625,arca,,
60.0,30.0,100000.0,2.0625,orca,,
60.0,30.0,100000.0,2.0625,combined,,
60.0,30.0,100000.0,2.125,arca,,
60.0,30.0,100000.0,2.125,orca,,
60.0,30.0,100000.0,2.125,combined,,
60.0,30.0,100000.0,2.1875,arca,,
60.0,30.0,100000.0,2.1875,orca,,
60.0,30.0,100000.0,2.1875,combined,,
60.0,30.0,100000.0,2.25,arca,,
60.0,30.0,100000.0,2.25,orca,,
60.0,30.0,100000.0,2.25,combined,,
60.0,30.0,100000.0,2.3125,arca,,
60.0,30.0,100000.0,2.3125,orca,,
60.0,30.0,100000.0,2.3125,combined,,
60.0,30.0,100000.0,2.375,arca,,
60.0,30.0,100000.0,2.375,orca,,
60.0,30.0,100000.0,2.375,combined,,
60.0,30.0,100000.0,2.4375,arca,,
60.0,30.0,100000.0,2.4375,orca,,
60.0,30.0,100000.0,2.4375,combined,,
60.0,30.0,100000.0,2.5,arca,,
60.0,30.0,100000.0,2.5,orca,,
60.0,30.0,100000.0,2.5,combined,,
60.0,30.0,100000.0,2.5625,arca,,
60.0,30.0,100000.0,2.5625,orca,,
60.0,30.0,100000.0,2.5625,combined,,
60.0,30.0,100000.0,2.625,arca,,
60.0,30.0,100000.0,2.625,orca,,
60.0,30.0,100000.0,2.625,combined,,
60.0,30.0,100000.0,2.6875,arca,,
60.0,30.0,100000.0,2.6875,orca,,
60.0,30.0,100000.0,2.6875,combined,,
60.0,30.0,100000.0,2.75,arca,,
60.0,30.0,100000.0,2.75,orca,,
60.0,30.0,100000.0,2.75,combined,,
60.0,30.0,100000.0,2.8125,arca,212942.8813592614,0.0
60.0,30.0,100000.0,2.8125,orca,,
60.0,30.0,100000.0,2.8125,combined,,
60.0,30.0,100000.0,2.875,arca,79107.58334279529,0.0
60.0,30.0,100000.0,2.875,orca,4894.945904130405,0.0
60.0,30.0,100000.0,2.875,combined,84315.86805452035,0.0
60.0,30.0,100000.0,2.9375,arca,29215.29504553057,0.0
60.0,30.0,100000.0,2.9375,orca,3380.1389618087906,0.0
60.0,30.0,100000.0,2.9375,combined,33092.99743658176,0.0
60.0,30.0,100000.0,3.0,arca,10969.497888456397,0.0
60.0,30.0,100000.0,3.0,orca,2449.449692399285,0.0
60.0,30.0,100000.0,3.0,combined,14106.938779846485,0.0
