zenith_cut,angle,phi0,gamma,detector,mean_max_efstat,mean_max_efstat_error
5.0,30.0,1e-06,1.5,arca,58.17512340756461,0.0
5.0,30.0,1e-06,1.5,orca,57.91946380126602,0.0
5.0,30.0,1e-06,1.5,combined,62.8485345613788,0.0
5.0,30.0,1e-06,1.5625,arca,70.28201042349139,0.0
5.0,30.0,1e-06,1.5625,orca,57.91946380126602,0.0
5.0,30.0,1e-06,1.5625,combined,68.86821903242955,0.0
5.0,30.0,1e-06,1.625,arca,70.28201042349139,0.0
5.0,30.0,1e-06,1.625,orca,57.91946380126602,0.0
5.0,30.0,1e-06,1.625,combined,81.60700471798359,0.0
5.0,30.0,1e-06,1.6875,arca,70.26501962230358,0.0
5.0,30.0,1e-06,1.6875,orca,57.91946380126602,0.0
5.0,30.0,1e-06,1.6875,combined,81.62701729125767,0.0
5.0,30.0,1e-06,1.75,arca,70.28201042349139,0.0
5.0,30.0,1e-06,1.75,orca,57.91946380126602,0.0
5.0,30.0,1e-06,1.75,combined,81.62701729125767,0.0
5.0,30.0,1e-06,1.8125,arca,70.28201042349139,0.0
5.0,30.0,1e-06,1.8125,orca,57.91946380126602,0.0
5.0,30.0,1e-06,1.8125,combined,81.62701729125767,0.0
5.0,30.0,1e-06,1.875,arca,70.28201042349139,0.0
5.0,30.0,1e-06,1.875,orca,57.91946380126602,0.0
5.0,30.0,1e-06,1.875,combined,81.62701729125767,0.0
5.0,30.0,1e-06,1.9375,arca,70.28201042349139,0.0
5.0,30.0,1e-06,1.9375,orca,57.91946380126602,0.0
5.0,30.0,1e-06,1.9375,combined,81.62701729125767,0.0
5.0,30.0,1e-06,2.0,arca,70.28201042349139,0.0
5.0,30.0,1e-06,2.0,orca,57.91946380126602,0.0
5.0,30.0,1e-06,2.0,combined,81.62701729125767,0.0
5.0,30.0,1e-06,2.0625,arca,70.28201042349139,0.0
5.0,30.0,1e-06,2.0625,orca,57.91946380126602,0.0
5.0,30.0,1e-06,2.0625,combined,81.62701729125767,0.0
5.0,30.0,1e-06,2.125,arca,70.28201042349139,0.0
5.0,30.0,1e-06,2.125,orca,57.91946380126602,0.0
5.0,30.0,1e-06,2.125,combined,81.62701729125767,0.0
5.0,30.0,1e-06,2.1875,arca,70.28201042349139,0.0
5.0,30.0,1e-06,2.1875,orca,57.91946380126602,0.0
5.0,30.0,1e-06,2.1875,combined,81.62701729125767,0.0
5.0,30.0,1e-06,2.25,arca,70.28201042349139,0.0
5.0,30.0,1e-06,2.25,orca,57.91946380126602,0.0
5.0,30.0,1e-06,2.25,combined,81.62701729125767,0.0
5.0,30.0,1e-06,2.3125,arca,70.28201042349139,0.0
5.0,30.0,1e-06,2.3125,orca,57.91946380126602,0.0
5.0,30.0,1e-06,2.3125,combined,81.62701729125767,0.0
5.0,30.0,1e-06,2.375,arca,70.28201042349139,0.0
5.0,30.0,1e-06,2.375,orca,57.91946380126602,0.0
5.0,30.0,1e-06,2.375,combined,81.62701729125767,0.0
5.0,30.0,1e-06,2.4375,arca,70.28201042349139,0.0
5.0,30.0,1e-06,2.4375,orca,57.91946380126602,0.0
5.0,30.0,1e-06,2.4375,combined,81.62701729125767,0.0
5.0,30.0,1e-06,2.5,arca,70.28201042349139,0.0
5.0,30.0,1e-06,2.5,orca,57.91946380126602,0.0
5.0,30.0,1e-06,2.5,combined,81.62701729125767,0.0
5.0,30.0,1e-06,2.5625,arca,70.28201042349139,0.0
5.0,30.0,1e-06,2.5625,orca,57.91946380126602,0.0
5.0,30.0,1e-06,2.5625,combined,81.62701729125767,0.0
5.0,30.0,1e-06,2.625,arca,70.28201042349139,0.0
5.0,30.0,1e-06,2.625,orca,57.91946380126602,0.0
5.0,30.0,1e-06,2.625,combined,81.62701729125767,0.0
5.0,30.0,1e-06,2.6875,arca,70.28201042349139,0.0
5.0,30.0,1e-06,2.6875,orca,57.91946380126602,0.0
5.0,30.0,1e-06,2.6875,combined,81.62701729125767,0.0
5.0,30.0,1e-06,2.75,arca,70.28201042349139,0.0
5.0,30.0,1e-06,2.75,orca,57.91946380126602,0.0
5.0,30.0,1e-06,2.75,combined,81.62701729125767,0.0
5.0,30.0,1e-06,2.8125,arca,70.28201042349139,0.0
5.0,30.0,1e-06,2.8125,orca,57.91946380126602,0.0
5.0,30.0,1e-06,2.8125,combined,81.62701729125767,0.0
5.0,30.0,1e-06,2.875,arca,70.28201042349139,0.0
5.0,30.0,1e-06,2.875,orca,57.91946380126602,0.0
5.0,30.0,1e-06,2.875,combined,81.62701729125767,0.0
5.0,30.0,1e-06,2.9375,arca,70.28201042349139,0.0
5.0,30.0,1e-06,2.9375,orca,57.91946380126602,0.0
5.0,30.0,1e-06,2.9375,combined,81.62701729125767,0.0
5.0,30.0,1e-06,3.0,arca,70.28201042349139,0.0
5.0,30.0,1e-06,3.0,orca,57.91946380126602,0.0
5.0,30.0,1e-06,3.0,combined,81.62701729125767,0.0
5.0,30.0,2.8729848333536627e-06,1.5,arca,57.52223273415326,0.0
5.0,30.0,2.8729848333536627e-06,1.5,orca,57.91946380126602,0.0
5.0,30.0,2.8729848333536627e-06,1.5,combined,61.64691553692899,0.0
5.0,30.0,2.8729848333536627e-06,1.5625,arca,67.57701901626814,0.0
5.0,30.0,2.8729848333536627e-06,1.5625,orca,57.91946380126602,0.0
5.0,30.0,2.8729848333536627e-06,1.5625,combined,70.86222274193807,0.0
5.0,30.0,2.8729848333536627e-06,1.625,arca,73.01967601738443,0.0
5.0,30.0,2.8729848333536627e-06,1.625,orca,57.91946380126602,0.0
5.0,30.0,2.8729848333536627e-06,1.625,combined,61.58177342782259,0.0
5.0,30.0,2.8729848333536627e-06,1.6875,arca,59.94329192157793,0.0
5.0,30.0,2.8729848333536627e-06,1.6875,orca,57.91946380126602,0.0
5.0,30.0,2.8729848333536627e-06,1.6875,combined,71.22497954151743,0.0
5.0,30.0,2.8729848333536627e-06,1.75,arca,70.28201042349139,0.0
5.0,30.0,2.8729848333536627e-06,1.75,orca,57.91946380126602,0.0
5.0,30.0,2.8729848333536627e-06,1.75,combined,79.53003373980499,0.0
5.0,30.0,2.8729848333536627e-06,1.8125,arca,70.28201042349139,0.0
5.0,30.0,2.8729848333536627e-06,1.8125,orca,57.91946380126602,0.0
5.0,30.0,2.8729848333536627e-06,1.8125,combined,81.62701729125767,0.0
5.0,30.0,2.8729848333536627e-06,1.875,arca,70.28201042349139,0.0
5.0,30.0,2.8729848333536627e-06,1.875,orca,57.91946380126602,0.0
5.0,30.0,2.8729848333536627e-06,1.875,combined,81.62701729125767,0.0
5.0,30.0,2.8729848333536627e-06,1.9375,arca,70.28201042349139,0.0
5.0,30.0,2.8729848333536627e-06,1.9375,orca,57.91946380126602,0.0
5.0,30.0,2.8729848333536627e-06,1.9375,combined,63.33610434893536,0.0
5.0,30.0,2.8729848333536627e-06,2.0,arca,70.28201042349139,0.0
5.0,30.0,2.8729848333536627e-06,2.0,orca,57.91946380126602,0.0
5.0,30.0,2.8729848333536627e-06,2.0,combined,81.62701729125767,0.0
5.0,30.0,2.8729848333536627e-06,2.0625,arca,70.28201042349139,0.0
5.0,30.0,2.8729848333536627e-06,2.0625,orca,57.91946380126602,0.0
5.0,30.0,2.8729848333536627e-06,2.0625,combined,81.62701729125767,0.0
5.0,30.0,2.8729848333536627e-06,2.125,arca,70.28201042349139,0.0
5.0,30.0,2.8729848333536627e-06,2.125,orca,57.91946380126602,0.0
5.0,30.0,2.8729848333536627e-06,2.125,combined,81.62701729125767,0.0
5.0,30.0,2.8729848333536627e-06,2.1875,arca,70.28201042349139,0.0
5.0,30.0,2.8729848333536627e-06,2.1875,orca,57.91946380126602,0.0
5.0,30.0,2.8729848333536627e-06,2.1875,combined,81.62701729125767,0.0
5.0,30.0,2.8729848333536627e-06,2.25,arca,70.28201042349139,0.0
5.0,30.0,2.8729848333536627e-06,2.25,orca,57.91946380126602,0.0
5.0,30.0,2.8729848333536627e-06,2.25,combined,81.62701729125767,0.0
5.0,30.0,2.8729848333536627e-06,2.3125,arca,70.28201042349139,0.0
5.0,30.0,2.8729848333536627e-06,2.3125,orca,57.91946380126602,0.0
5.0,30.0,2.8729848333536627e-06,2.3125,combined,81.62701729125767,0.0
5.0,30.0,2.8729848333536627e-06,2.375,arca,70.28201042349139,0.0
5.0,30.0,2.8729848333536627e-06,2.375,orca,57.91946380126602,0.0
5.0,30.0,2.8729848333536627e-06,2.375,combined,81.62701729125767,0.0
5.0,30.0,2.8729848333536627e-06,2.4375,arca,70.28201042349139,0.0
5.0,30.0,2.8729848333536627e-06,2.4375,orca,57.91946380126602,0.0
5.0,30.0,2.8729848333536627e-06,2.4375,combined,81.62701729125767,0.0
5.0,30.0,2.8729848333536627e-06,2.5,arca,70.28201042349139,0.0
5.0,30.0,2.8729848333536627e-06,2.5,orca,57.91946380126602,0.0
5.0,30.0,2.8729848333536627e-06,2.5,combined,81.62701729125767,0.0
5.0,30.0,2.8729848333536627e-06,2.5625,arca,70.28201042349139,0.0
5.0,30.0,2.8729848333536627e-06,2.5625,orca,57.91946380126602,0.0
5.0,30.0,2.8729848333536627e-06,2.5625,combined,81.62701729125767,0.0
5.0,30.0,2.8729848333536627e-06,2.625,arca,70.28201042349139,0.0
5.0,30.0,2.8729848333536627e-06,2.625,orca,57.91946380126602,0.0
5.0,30.0,2.8729848333536627e-06,2.625,combined,81.62701729125767,0.0
5.0,30.0,2.8729848333536627e-06,2.6875,arca,70.28201042349139,0.0
5.0,30.0,2.8729848333536627e-06,2.6875,orca,57.91946380126602,0.0
5.0,30.0,2.8729848333536627e-06,2.6875,combined,81.62701729125767,0.0
5.0,30.0,2.8729848333536627e-06,2.75,arca,70.28201042349139,0.0
5.0,30.0,2.8729848333536627e-06,2.75,orca,57.91946380126602,0.0
5.0,30.0,2.8729848333536627e-06,2.75,combined,81.62701729125767,0.0
5.0,30.0,2.8729848333536627e-06,2.8125,arca,70.28201042349139,0.0
5.0,30.0,2.8729848333536627e-06,2.8125,orca,57.91946380126602,0.0
5.0,30.0,2.8729848333536627e-06,2.8125,combined,81.62701729125767,0.0
5.0,30.0,2.8729848333536627e-06,2.875,arca,70.28201042349139,0.0
5.0,30.0,2.8729848333536627e-06,2.875,orca,57.91946380126602,0.0
5.0,30.0,2.8729848333536627e-06,2.875,combined,81.62701729125767,0.0
5.0,30.0,2.8729848333536627e-06,2.9375,arca,70.28201042349139,0.0
5.0,30.0,2.8729848333536627e-06,2.9375,orca,57.91946380126602,0.0
5.0,30.0,2.8729848333536627e-06,2.9375,combined,81.62701729125767,0.0
5.0,30.0,2.8729848333536627e-06,3.0,arca,70.28201042349139,0.0
5.0,30.0,2.8729848333536627e-06,3.0,orca,57.91946380126602,0.0
5.0,30.0,2.8729848333536627e-06,3.0,combined,81.62701729125767,0.0
5.0,30.0,8.254041852680188e-06,1.5,arca,64.75037412566667,0.0
5.0,30.0,8.254041852680188e-06,1.5,orca,57.91946380126602,0.0
5.0,30.0,8.254041852680188e-06,1.5,combined,57.72687858412682,0.0
5.0,30.0,8.254041852680188e-06,1.5625,arca,62.75210647545548,0.0
5.0,30.0,8.254041852680188e-06,1.5625,orca,57.91946380126602,0.0
5.0,30.0,8.254041852680188e-06,1.5625,combined,58.994080952153034,0.0
5.0,30.0,8.254041852680188e-06,1.625,arca,68.99865502782245,0.0
5.0,30.0,8.254041852680188e-06,1.625,orca,57.91946380126602,0.0
5.0,30.0,8.254041852680188e-06,1.625,combined,58.949738102902,0.0
5.0,30.0,8.254041852680188e-06,1.6875,arca,57.91620067550869,0.0
5.0,30.0,8.254041852680188e-06,1.6875,orca,57.91946380126602,0.0
5.0,30.0,8.254041852680188e-06,1.6875,combined,82.09242460475623,0.0
5.0,30.0,8.254041852680188e-06,1.75,arca,60.90171582193406,0.0
5.0,30.0,8.254041852680188e-06,1.75,orca,57.91946380126602,0.0
5.0,30.0,8.254041852680188e-06,1.75,combined,61.75507079170808,0.0
5.0,30.0,8.254041852680188e-06,1.8125,arca,70.28201042349139,0.0
5.0,30.0,8.254041852680188e-06,1.8125,orca,57.91946380126602,0.0
5.0,30.0,8.254041852680188e-06,1.8125,combined,81.62701729125767,0.0
5.0,30.0,8.254041852680188e-06,1.875,arca,70.28201042349139,0.0
5.0,30.0,8.254041852680188e-06,1.875,orca,57.91946380126602,0.0
5.0,30.0,8.254041852680188e-06,1.875,combined,81.62701729125767,0.0
5.0,30.0,8.254041852680188e-06,1.9375,arca,70.28201042349139,0.0
5.0,30.0,8.254041852680188e-06,1.9375,orca,57.91946380126602,0.0
5.0,30.0,8.254041852680188e-06,1.9375,combined,81.62701729125767,0.0
5.0,30.0,8.254041852680188e-06,2.0,arca,70.28201042349139,0.0
5.0,30.0,8.254041852680188e-06,2.0,orca,57.91946380126602,0.0
5.0,30.0,8.254041852680188e-06,2.0,combined,81.62701729125767,0.0
5.0,30.0,8.254041852680188e-06,2.0625,arca,70.28201042349139,0.0
5.0,30.0,8.254041852680188e-06,2.0625,orca,57.91946380126602,0.0
5.0,30.0,8.254041852680188e-06,2.0625,combined,81.62701729125767,0.0
5.0,30.0,8.254041852680188e-06,2.125,arca,70.28201042349139,0.0
5.0,30.0,8.254041852680188e-06,2.125,orca,57.91946380126602,0.0
5.0,30.0,8.254041852680188e-06,2.125,combined,81.62701729125767,0.0
5.0,30.0,8.254041852680188e-06,2.1875,arca,70.28201042349139,0.0
5.0,30.0,8.254041852680188e-06,2.1875,orca,57.91946380126602,0.0
5.0,30.0,8.254041852680188e-06,2.1875,combined,81.62701729125767,0.0
5.0,30.0,8.254041852680188e-06,2.25,arca,70.28201042349139,0.0
5.0,30.0,8.254041852680188e-06,2.25,orca,57.91946380126602,0.0
5.0,30.0,8.254041852680188e-06,2.25,combined,81.62701729125767,0.0
5.0,30.0,8.254041852680188e-06,2.3125,arca,70.28201042349139,0.0
5.0,30.0,8.254041852680188e-06,2.3125,orca,57.91946380126602,0.0
5.0,30.0,8.254041852680188e-06,2.3125,combined,81.62701729125767,0.0
5.0,30.0,8.254041852680188e-06,2.375,arca,70.28201042349139,0.0
5.0,30.0,8.254041852680188e-06,2.375,orca,57.91946380126602,0.0
5.0,30.0,8.254041852680188e-06,2.375,combined,81.62701729125767,0.0
5.0,30.0,8.254041852680188e-06,2.4375,arca,70.28201042349139,0.0
5.0,30.0,8.254041852680188e-06,2.4375,orca,57.91946380126602,0.0
5.0,30.0,8.254041852680188e-06,2.4375,combined,81.62701729125767,0.0
5.0,30.0,8.254041852680188e-06,2.5,arca,70.28201042349139,0.0
5.0,30.0,8.254041852680188e-06,2.5,orca,57.91946380126602,0.0
5.0,30.0,8.254041852680188e-06,2.5,combined,81.62701729125767,0.0
5.0,30.0,8.254041852680188e-06,2.5625,arca,70.28201042349139,0.0
5.0,30.0,8.254041852680188e-06,2.5625,orca,57.91946380126602,0.0
5.0,30.0,8.254041852680188e-06,2.5625,combined,81.62701729125767,0.0
5.0,30.0,8.254041852680188e-06,2.625,arca,70.28201042349139,0.0
5.0,30.0,8.254041852680188e-06,2.625,orca,57.91946380126602,0.0
5.0,30.0,8.254041852680188e-06,2.625,combined,81.62701729125767,0.0
5.0,30.0,8.254041852680188e-06,2.6875,arca,70.28201042349139,0.0
5.0,30.0,8.254041852680188e-06,2.6875,orca,57.91946380126602,0.0
5.0,30.0,8.254041852680188e-06,2.6875,combined,81.62701729125767,0.0
5.0,30.0,8.254041852680188e-06,2.75,arca,70.28201042349139,0.0
5.0,30.0,8.254041852680188e-06,2.75,orca,57.91946380126602,0.0
5.0,30.0,8.254041852680188e-06,2.75,combined,81.62701729125767,0.0
5.0,30.0,8.254041852680188e-06,2.8125,arca,70.28201042349139,0.0
5.0,30.0,8.254041852680188e-06,2.8125,orca,57.91946380126602,0.0
5.0,30.0,8.254041852680188e-06,2.8125,combined,81.62701729125767,0.0
5.0,30.0,8.254041852680188e-06,2.875,arca,70.28201042349139,0.0
5.0,30.0,8.254041852680188e-06,2.875,orca,57.91946380126602,0.0
5.0,30.0,8.254041852680188e-06,2.875,combined,81.62701729125767,0.0
5.0,30.0,8.254041852680188e-06,2.9375,arca,70.28201042349139,0.0
5.0,30.0,8.254041852680188e-06,2.9375,orca,57.91946380126602,0.0
5.0,30.0,8.254041852680188e-06,2.9375,combined,81.62701729125767,0.0
5.0,30.0,8.254041852680188e-06,3.0,arca,70.28201042349139,0.0
5.0,30.0,8.254041852680188e-06,3.0,orca,57.91946380126602,0.0
5.0,30.0,8.254041852680188e-06,3.0,combined,81.62701729125767,0.0
5.0,30.0,2.371373705661655e-05,1.5,arca,59.7030355777092,0.0
5.0,30.0,2.371373705661655e-05,1.5,orca,57.91946380126602,0.0
5.0,30.0,2.371373705661655e-05,1.5,combined,60.16176169413717,0.0
5.0,30.0,2.371373705661655e-05,1.5625,arca,60.58096286941813,0.0
5.0,30.0,2.371373705661655e-05,1.5625,orca,57.91946380126602,0.0
5.0,30.0,2.371373705661655e-05,1.5625,combined,60.73216816877512,0.0
5.0,30.0,2.371373705661655e-05,1.625,arca,60.96693789811016,0.0
5.0,30.0,2.371373705661655e-05,1.625,orca,57.91946380126602,0.0
5.0,30.0,2.371373705661655e-05,1.625,combined,63.56135236919934,0.0
5.0,30.0,2.371373705661655e-05,1.6875,arca,71.5605652470648,0.0
5.0,30.0,2.371373705661655e-05,1.6875,orca,57.91946380126602,0.0
5.0,30.0,2.371373705661655e-05,1.6875,combined,59.73106520750986,0.0
5.0,30.0,2.371373705661655e-05,1.75,arca,57.81582164404596,0.0
5.0,30.0,2.371373705661655e-05,1.75,orca,57.91946380126602,0.0
5.0,30.0,2.371373705661655e-05,1.75,combined,65.03265125997922,0.0
5.0,30.0,2.371373705661655e-05,1.8125,arca,59.9483067010564,0.0
5.0,30.0,2.371373705661655e-05,1.8125,orca,57.91946380126602,0.0
5.0,30.0,2.371373705661655e-05,1.8125,combined,85.32892995871173,0.0
5.0,30.0,2.371373705661655e-05,1.875,arca,70.28201042349139,0.0
5.0,30.0,2.371373705661655e-05,1.875,orca,57.91946380126602,0.0
5.0,30.0,2.371373705661655e-05,1.875,combined,81.62701729125767,0.0
5.0,30.0,2.371373705661655e-05,1.9375,arca,70.28201042349139,0.0
5.0,30.0,2.371373705661655e-05,1.9375,orca,57.91946380126602,0.0
5.0,30.0,2.371373705661655e-05,1.9375,combined,67.0939449658295,0.0
5.0,30.0,2.371373705661655e-05,2.0,arca,70.28201042349139,0.0
5.0,30.0,2.371373705661655e-05,2.0,orca,57.91946380126602,0.0
5.0,30.0,2.371373705661655e-05,2.0,combined,81.62701729125767,0.0
5.0,30.0,2.371373705661655e-05,2.0625,arca,70.28201042349139,0.0
5.0,30.0,2.371373705661655e-05,2.0625,orca,57.91946380126602,0.0
5.0,30.0,2.371373705661655e-05,2.0625,combined,81.62701729125767,0.0
5.0,30.0,2.371373705661655e-05,2.125,arca,70.28201042349139,0.0
5.0,30.0,2.371373705661655e-05,2.125,orca,57.91946380126602,0.0
5.0,30.0,2.371373705661655e-05,2.125,combined,81.62701729125767,0.0
5.0,30.0,2.371373705661655e-05,2.1875,arca,70.28201042349139,0.0
5.0,30.0,2.371373705661655e-05,2.1875,orca,57.91946380126602,0.0
5.0,30.0,2.371373705661655e-05,2.1875,combined,81.62701729125767,0.0
5.0,30.0,2.371373705661655e-05,2.25,arca,70.28201042349139,0.0
5.0,30.0,2.371373705661655e-05,2.25,orca,57.91946380126602,0.0
5.0,30.0,2.371373705661655e-05,2.25,combined,81.62701729125767,0.0
5.0,30.0,2.371373705661655e-05,2.3125,arca,70.28201042349139,0.0
5.0,30.0,2.371373705661655e-05,2.3125,orca,57.91946380126602,0.0
5.0,30.0,2.371373705661655e-05,2.3125,combined,81.62701729125767,0.0
5.0,30.0,2.371373705661655e-05,2.375,arca,70.28201042349139,0.0
5.0,30.0,2.371373705661655e-05,2.375,orca,57.91946380126602,0.0
5.0,30.0,2.371373705661655e-05,2.375,combined,81.62701729125767,0.0
5.0,30.0,2.371373705661655e-05,2.4375,arca,70.28201042349139,0.0
5.0,30.0,2.371373705661655e-05,2.4375,orca,57.91946380126602,0.0
5.0,30.0,2.371373705661655e-05,2.4375,combined,81.62701729125767,0.0
5.0,30.0,2.371373705661655e-05,2.5,arca,70.28201042349139,0.0
5.0,30.0,2.371373705661655e-05,2.5,orca,57.91946380126602,0.0
5.0,30.0,2.371373705661655e-05,2.5,combined,81.62701729125767,0.0
5.0,30.0,2.371373705661655e-05,2.5625,arca,70.28201042349139,0.0
5.0,30.0,2.371373705661655e-05,2.5625,orca,57.91946380126602,0.0
5.0,30.0,2.371373705661655e-05,2.5625,combined,81.62701729125767,0.0
5.0,30.0,2.371373705661655e-05,2.625,arca,70.28201042349139,0.0
5.0,30.0,2.371373705661655e-05,2.625,orca,57.91946380126602,0.0
5.0,30.0,2.371373705661655e-05,2.625,combined,81.62701729125767,0.0
5.0,30.0,2.371373705661655e-05,2.6875,arca,70.28201042349139,0.0
5.0,30.0,2.371373705661655e-05,2.6875,orca,57.91946380126602,0.0
5.0,30.0,2.371373705661655e-05,2.6875,combined,81.62701729125767,0.0
5.0,30.0,2.371373705661655e-05,2.75,arca,70.28201042349139,0.0
5.0,30.0,2.371373705661655e-05,2.75,orca,57.91946380126602,0.0
5.0,30.0,2.371373705661655e-05,2.75,combined,81.62701729125767,0.0
5.0,30.0,2.371373705661655e-05,2.8125,arca,70.28201042349139,0.0
5.0,30.0,2.371373705661655e-05,2.8125,orca,57.91946380126602,0.0
5.0,30.0,2.371373705661655e-05,2.8125,combined,81.62701729125767,0.0
5.0,30.0,2.371373705661655e-05,2.875,arca,70.28201042349139,0.0
5.0,30.0,2.371373705661655e-05,2.875,orca,57.91946380126602,0.0
5.0,30.0,2.371373705661655e-05,2.875,combined,81.62701729125767,0.0
5.0,30.0,2.371373705661655e-05,2.9375,arca,70.28201042349139,0.0
5.0,30.0,2.371373705661655e-05,2.9375,orca,57.91946380126602,0.0
5.0,30.0,2.371373705661655e-05,2.9375,combined,81.62701729125767,0.0
5.0,30.0,2.371373705661655e-05,3.0,arca,70.28201042349139,0.0
5.0,30.0,2.371373705661655e-05,3.0,orca,57.91946380126602,0.0
5.0,30.0,2.371373705661655e-05,3.0,combined,81.62701729125767,0.0
5.0,30.0,6.812920690579608e-05,1.5,arca,66.18093090122531,0.0
5.0,30.0,6.812920690579608e-05,1.5,orca,57.91946380126602,0.0
5.0,30.0,6.812920690579608e-05,1.5,combined,57.88605736625843,0.0
5.0,30.0,6.812920690579608e-05,1.5625,arca,61.235433364214515,0.0
5.0,30.0,6.812920690579608e-05,1.5625,orca,57.91946380126602,0.0
5.0,30.0,6.812920690579608e-05,1.5625,combined,55.44703685676212,0.0
5.0,30.0,6.812920690579608e-05,1.625,arca,64.76331692585646,0.0
5.0,30.0,6.812920690579608e-05,1.625,orca,57.91946380126602,0.0
5.0,30.0,6.812920690579608e-05,1.625,combined,69.02773891905981,0.0
5.0,30.0,6.812920690579608e-05,1.6875,arca,67.14882653717203,0.0
5.0,30.0,6.812920690579608e-05,1.6875,orca,59.32388426847839,0.0
5.0,30.0,6.812920690579608e-05,1.6875,combined,58.96884135017115,0.0
5.0,30.0,6.812920690579608e-05,1.75,arca,71.64470532416483,0.0
5.0,30.0,6.812920690579608e-05,1.75,orca,57.91946380126602,0.0
5.0,30.0,6.812920690579608e-05,1.75,combined,58.78269021587363,0.0
5.0,30.0,6.812920690579608e-05,1.8125,arca,58.146638384211016,0.0
5.0,30.0,6.812920690579608e-05,1.8125,orca,57.91946380126602,0.0
5.0,30.0,6.812920690579608e-05,1.8125,combined,56.77592361092641,0.0
5.0,30.0,6.812920690579608e-05,1.875,arca,58.0819641874277,0.0
5.0,30.0,6.812920690579608e-05,1.875,orca,57.91946380126602,0.0
5.0,30.0,6.812920690579608e-05,1.875,combined,68.88833933530887,0.0
5.0,30.0,6.812920690579608e-05,1.9375,arca,58.727699004524304,0.0
5.0,30.0,6.812920690579608e-05,1.9375,orca,57.91946380126602,0.0
5.0,30.0,6.812920690579608e-05,1.9375,combined,81.62701729125767,0.0
5.0,30.0,6.812920690579608e-05,2.0,arca,70.28201042349139,0.0
5.0,30.0,6.812920690579608e-05,2.0,orca,56.87984828092499,0.0
5.0,30.0,6.812920690579608e-05,2.0,combined,81.62701729125767,0.0
5.0,30.0,6.812920690579608e-05,2.0625,arca,70.28201042349139,0.0
5.0,30.0,6.812920690579608e-05,2.0625,orca,57.91946380126602,0.0
5.0,30.0,6.812920690579608e-05,2.0625,combined,80.90610206412879,0.0
5.0,30.0,6.812920690579608e-05,2.125,arca,70.28201042349139,0.0
5.0,30.0,6.812920690579608e-05,2.125,orca,57.91946380126602,0.0
5.0,30.0,6.812920690579608e-05,2.125,combined,81.62701729125767,0.0
5.0,30.0,6.812920690579608e-05,2.1875,arca,70.28201042349139,0.0
5.0,30.0,6.812920690579608e-05,2.1875,orca,57.91946380126602,0.0
5.0,30.0,6.812920690579608e-05,2.1875,combined,81.62701729125767,0.0
5.0,30.0,6.812920690579608e-05,2.25,arca,70.28201042349139,0.0
5.0,30.0,6.812920690579608e-05,2.25,orca,57.91946380126602,0.0
5.0,30.0,6.812920690579608e-05,2.25,combined,81.62701729125767,0.0
5.0,30.0,6.812920690579608e-05,2.3125,arca,70.28201042349139,0.0
5.0,30.0,6.812920690579608e-05,2.3125,orca,57.91946380126602,0.0
5.0,30.0,6.812920690579608e-05,2.3125,combined,81.62701729125767,0.0
5.0,30.0,6.812920690579608e-05,2.375,arca,70.28201042349139,0.0
5.0,30.0,6.812920690579608e-05,2.375,orca,57.91946380126602,0.0
5.0,30.0,6.812920690579608e-05,2.375,combined,81.62701729125767,0.0
5.0,30.0,6.812920690579608e-05,2.4375,arca,70.28201042349139,0.0
5.0,30.0,6.812920690579608e-05,2.4375,orca,57.91946380126602,0.0
5.0,30.0,6.812920690579608e-05,2.4375,combined,81.62701729125767,0.0
5.0,30.0,6.812920690579608e-05,2.5,arca,70.28201042349139,0.0
5.0,30.0,6.812920690579608e-05,2.5,orca,57.91946380126602,0.0
5.0,30.0,6.812920690579608e-05,2.5,combined,81.62701729125767,0.0
5.0,30.0,6.812920690579608e-05,2.5625,arca,70.28201042349139,0.0
5.0,30.0,6.812920690579608e-05,2.5625,orca,57.91946380126602,0.0
5.0,30.0,6.812920690579608e-05,2.5625,combined,81.62701729125767,0.0
5.0,30.0,6.812920690579608e-05,2.625,arca,70.28201042349139,0.0
5.0,30.0,6.812920690579608e-05,2.625,orca,57.91946380126602,0.0
5.0,30.0,6.812920690579608e-05,2.625,combined,81.62701729125767,0.0
5.0,30.0,6.812920690579608e-05,2.6875,arca,70.28201042349139,0.0
5.0,30.0,6.812920690579608e-05,2.6875,orca,57.91946380126602,0.0
5.0,30.0,6.812920690579608e-05,2.6875,combined,81.62701729125767,0.0
5.0,30.0,6.812920690579608e-05,2.75,arca,70.28201042349139,0.0
5.0,30.0,6.812920690579608e-05,2.75,orca,57.91946380126602,0.0
5.0,30.0,6.812920690579608e-05,2.75,combined,81.62701729125767,0.0
5.0,30.0,6.812920690579608e-05,2.8125,arca,70.28201042349139,0.0
5.0,30.0,6.812920690579608e-05,2.8125,orca,57.91946380126602,0.0
5.0,30.0,6.812920690579608e-05,2.8125,combined,81.62701729125767,0.0
5.0,30.0,6.812920690579608e-05,2.875,arca,70.28201042349139,0.0
5.0,30.0,6.812920690579608e-05,2.875,orca,57.91946380126602,0.0
5.0,30.0,6.812920690579608e-05,2.875,combined,81.62701729125767,0.0
5.0,30.0,6.812920690579608e-05,2.9375,arca,70.28201042349139,0.0
5.0,30.0,6.812920690579608e-05,2.9375,orca,57.91946380126602,0.0
5.0,30.0,6.812920690579608e-05,2.9375,combined,81.62701729125767,0.0
5.0,30.0,6.812920690579608e-05,3.0,arca,70.28201042349139,0.0
5.0,30.0,6.812920690579608e-05,3.0,orca,57.91946380126602,0.0
5.0,30.0,6.812920690579608e-05,3.0,combined,81.62701729125767,0.0
5.0,30.0,0.00019573417814876596,1.5,arca,66.98125010304858,0.0
5.0,30.0,0.00019573417814876596,1.5,orca,57.57530382700142,0.0
5.0,30.0,0.00019573417814876596,1.5,combined,59.79595048517824,0.0
5.0,30.0,0.00019573417814876596,1.5625,arca,56.58389403344751,0.0
5.0,30.0,0.00019573417814876596,1.5625,orca,61.20529300567109,0.0
5.0,30.0,0.00019573417814876596,1.5625,combined,58.96006385742624,0.0
5.0,30.0,0.00019573417814876596,1.625,arca,59.63299328027011,0.0
5.0,30.0,0.00019573417814876596,1.625,orca,57.91946380126602,0.0
5.0,30.0,0.00019573417814876596,1.625,combined,54.02187076969456,0.0
5.0,30.0,0.00019573417814876596,1.6875,arca,60.26352683605574,0.0
5.0,30.0,0.00019573417814876596,1.6875,orca,56.86279271465742,0.0
5.0,30.0,0.00019573417814876596,1.6875,combined,62.72532759865973,0.0
5.0,30.0,0.00019573417814876596,1.75,arca,59.93774483295303,0.0
5.0,30.0,0.00019573417814876596,1.75,orca,57.91946380126602,0.0
5.0,30.0,0.00019573417814876596,1.75,combined,61.1639378260384,0.0
5.0,30.0,0.00019573417814876596,1.8125,arca,58.60241932825736,0.0
5.0,30.0,0.00019573417814876596,1.8125,orca,57.91946380126602,0.0
5.0,30.0,0.00019573417814876596,1.8125,combined,56.95016902000314,0.0
5.0,30.0,0.00019573417814876596,1.875,arca,59.52094442723335,0.0
5.0,30.0,0.00019573417814876596,1.875,orca,57.91946380126602,0.0
5.0,30.0,0.00019573417814876596,1.875,combined,59.61708645336965,0.0
5.0,30.0,0.00019573417814876596,1.9375,arca,61.57120172889776,0.0
5.0,30.0,0.00019573417814876596,1.9375,orca,55.82260510437841,0.0
5.0,30.0,0.00019573417814876596,1.9375,combined,66.4123358582166,0.0
5.0,30.0,0.00019573417814876596,2.0,arca,75.17597475534356,0.0
5.0,30.0,0.00019573417814876596,2.0,orca,57.91946380126602,0.0
5.0,30.0,0.00019573417814876596,2.0,combined,69.56368397177131,0.0
5.0,30.0,0.00019573417814876596,2.0625,arca,70.28201042349139,0.0
5.0,30.0,0.00019573417814876596,2.0625,orca,57.91946380126602,0.0
5.0,30.0,0.00019573417814876596,2.0625,combined,81.62701729125767,0.0
5.0,30.0,0.00019573417814876596,2.125,arca,70.28201042349139,0.0
5.0,30.0,0.00019573417814876596,2.125,orca,57.91946380126602,0.0
5.0,30.0,0.00019573417814876596,2.125,combined,81.62701729125767,0.0
5.0,30.0,0.00019573417814876596,2.1875,arca,70.28201042349139,0.0
5.0,30.0,0.00019573417814876596,2.1875,orca,57.91946380126602,0.0
5.0,30.0,0.00019573417814876596,2.1875,combined,81.62701729125767,0.0
5.0,30.0,0.00019573417814876596,2.25,arca,70.28201042349139,0.0
5.0,30.0,0.00019573417814876596,2.25,orca,57.91946380126602,0.0
5.0,30.0,0.00019573417814876596,2.25,combined,70.3800757813289,0.0
5.0,30.0,0.00019573417814876596,2.3125,arca,70.28201042349139,0.0
5.0,30.0,0.00019573417814876596,2.3125,orca,57.91946380126602,0.0
5.0,30.0,0.00019573417814876596,2.3125,combined,81.62701729125767,0.0
5.0,30.0,0.00019573417814876596,2.375,arca,70.28201042349139,0.0
5.0,30.0,0.00019573417814876596,2.375,orca,57.91946380126602,0.0
5.0,30.0,0.00019573417814876596,2.375,combined,81.62701729125767,0.0
5.0,30.0,0.00019573417814876596,2.4375,arca,70.28201042349139,0.0
5.0,30.0,0.00019573417814876596,2.4375,orca,57.91946380126602,0.0
5.0,30.0,0.00019573417814876596,2.4375,combined,81.62701729125767,0.0
5.0,30.0,0.00019573417814876596,2.5,arca,70.28201042349139,0.0
5.0,30.0,0.00019573417814876596,2.5,orca,57.91946380126602,0.0
5.0,30.0,0.00019573417814876596,2.5,combined,81.62701729125767,0.0
5.0,30.0,0.00019573417814876596,2.5625,arca,70.28201042349139,0.0
5.0,30.0,0.00019573417814876596,2.5625,orca,57.91946380126602,0.0
5.0,30.0,0.00019573417814876596,2.5625,combined,81.62701729125767,0.0
5.0,30.0,0.00019573417814876596,2.625,arca,70.28201042349139,0.0
5.0,30.0,0.00019573417814876596,2.625,orca,57.91946380126602,0.0
5.0,30.0,0.00019573417814876596,2.625,combined,81.62701729125767,0.0
5.0,30.0,0.00019573417814876596,2.6875,arca,70.28201042349139,0.0
5.0,30.0,0.00019573417814876596,2.6875,orca,57.91946380126602,0.0
5.0,30.0,0.00019573417814876596,2.6875,combined,81.62701729125767,0.0
5.0,30.0,0.00019573417814876596,2.75,arca,70.28201042349139,0.0
5.0,30.0,0.00019573417814876596,2.75,orca,57.91946380126602,0.0
5.0,30.0,0.00019573417814876596,2.75,combined,81.62701729125767,0.0
5.0,30.0,0.00019573417814876596,2.8125,arca,70.28201042349139,0.0
5.0,30.0,0.00019573417814876596,2.8125,orca,57.91946380126602,0.0
5.0,30.0,0.00019573417814876596,2.8125,combined,81.62701729125767,0.0
5.0,30.0,0.00019573417814876596,2.875,arca,70.28201042349139,0.0
5.0,30.0,0.00019573417814876596,2.875,orca,57.91946380126602,0.0
5.0,30.0,0.00019573417814876596,2.875,combined,81.62701729125767,0.0
5.0,30.0,0.00019573417814876596,2.9375,arca,70.28201042349139,0.0
5.0,30.0,0.00019573417814876596,2.9375,orca,57.91946380126602,0.0
5.0,30.0,0.00019573417814876596,2.9375,combined,81.62701729125767,0.0
5.0,30.0,0.00019573417814876596,3.0,arca,70.28201042349139,0.0
5.0,30.0,0.00019573417814876596,3.0,orca,57.91946380126602,0.0
5.0,30.0,0.00019573417814876596,3.0,combined,81.62701729125767,0.0
5.0,30.0,0.000562341325190349,1.5,arca,61.34541665017742,0.0
5.0,30.0,0.000562341325190349,1.5,orca,57.13860140427777,0.0
5.0,30.0,0.000562341325190349,1.5,combined,72.39968877466814,0.0
5.0,30.0,0.000562341325190349,1.5625,arca,58.729280911695945,0.0
5.0,30.0,0.000562341325190349,1.5625,orca,61.01344052254743,0.0
5.0,30.0,0.000562341325190349,1.5625,combined,63.18891634723068,0.0
5.0,30.0,0.000562341325190349,1.625,arca,64.59728130750507,0.0
5.0,30.0,0.000562341325190349,1.625,orca,60.15175418103863,0.0
5.0,30.0,0.000562341325190349,1.625,combined,61.327864145959836,0.0
5.0,30.0,0.000562341325190349,1.6875,arca,59.61035055788556,0.0
5.0,30.0,0.000562341325190349,1.6875,orca,63.750699680909854,0.0
5.0,30.0,0.000562341325190349,1.6875,combined,62.63540542534212,0.0
5.0,30.0,0.000562341325190349,1.75,arca,64.77142423832805,0.0
5.0,30.0,0.000562341325190349,1.75,orca,57.0579682418213,0.0
5.0,30.0,0.000562341325190349,1.75,combined,61.019457612319194,0.0
5.0,30.0,0.000562341325190349,1.8125,arca,67.7993233952895,0.0
5.0,30.0,0.000562341325190349,1.8125,orca,57.91946380126602,0.0
5.0,30.0,0.000562341325190349,1.8125,combined,58.02450121000268,0.0
5.0,30.0,0.000562341325190349,1.875,arca,58.24800337522702,0.0
5.0,30.0,0.000562341325190349,1.875,orca,57.91946380126602,0.0
5.0,30.0,0.000562341325190349,1.875,combined,55.41181852029146,0.0
5.0,30.0,0.000562341325190349,1.9375,arca,61.10105458873018,0.0
5.0,30.0,0.000562341325190349,1.9375,orca,57.42179707727328,0.0
5.0,30.0,0.000562341325190349,1.9375,combined,73.29435408835461,0.0
5.0,30.0,0.000562341325190349,2.0,arca,64.91428157188895,0.0
5.0,30.0,0.000562341325190349,2.0,orca,57.91946380126602,0.0
5.0,30.0,0.000562341325190349,2.0,combined,77.02112258596169,0.0
5.0,30.0,0.000562341325190349,2.0625,arca,68.62801141844929,0.0
5.0,30.0,0.000562341325190349,2.0625,orca,57.91946380126602,0.0
5.0,30.0,0.000562341325190349,2.0625,combined,81.62701729125767,0.0
5.0,30.0,0.000562341325190349,2.125,arca,70.28201042349139,0.0
5.0,30.0,0.000562341325190349,2.125,orca,57.91946380126602,0.0
5.0,30.0,0.000562341325190349,2.125,combined,64.13608105486142,0.0
5.0,30.0,0.000562341325190349,2.1875,arca,70.28201042349139,0.0
5.0,30.0,0.000562341325190349,2.1875,orca,57.91946380126602,0.0
5.0,30.0,0.000562341325190349,2.1875,combined,81.62701729125767,0.0
5.0,30.0,0.000562341325190349,2.25,arca,55.94811905201276,0.0
5.0,30.0,0.000562341325190349,2.25,orca,57.91946380126602,0.0
5.0,30.0,0.000562341325190349,2.25,combined,81.62701729125767,0.0
5.0,30.0,0.000562341325190349,2.3125,arca,70.26501962230358,0.0
5.0,30.0,0.000562341325190349,2.3125,orca,57.91946380126602,0.0
5.0,30.0,0.000562341325190349,2.3125,combined,87.87607478026123,0.0
5.0,30.0,0.000562341325190349,2.375,arca,70.28201042349139,0.0
5.0,30.0,0.000562341325190349,2.375,orca,57.91946380126602,0.0
5.0,30.0,0.000562341325190349,2.375,combined,81.62701729125767,0.0
5.0,30.0,0.000562341325190349,2.4375,arca,70.28201042349139,0.0
5.0,30.0,0.000562341325190349,2.4375,orca,57.91946380126602,0.0
5.0,30.0,0.000562341325190349,2.4375,combined,81.62701729125767,0.0
5.0,30.0,0.000562341325190349,2.5,arca,70.28201042349139,0.0
5.0,30.0,0.000562341325190349,2.5,orca,57.91946380126602,0.0
5.0,30.0,0.000562341325190349,2.5,combined,81.62701729125767,0.0
5.0,30.0,0.000562341325190349,2.5625,arca,70.28201042349139,0.0
5.0,30.0,0.000562341325190349,2.5625,orca,57.91946380126602,0.0
5.0,30.0,0.000562341325190349,2.5625,combined,81.62701729125767,0.0
5.0,30.0,0.000562341325190349,2.625,arca,70.28201042349139,0.0
5.0,30.0,0.000562341325190349,2.625,orca,57.91946380126602,0.0
5.0,30.0,0.000562341325190349,2.625,combined,81.62701729125767,0.0
5.0,30.0,0.000562341325190349,2.6875,arca,70.28201042349139,0.0
5.0,30.0,0.000562341325190349,2.6875,orca,57.91946380126602,0.0
5.0,30.0,0.000562341325190349,2.6875,combined,81.62701729125767,0.0
5.0,30.0,0.000562341325190349,2.75,arca,70.28201042349139,0.0
5.0,30.0,0.000562341325190349,2.75,orca,57.91946380126602,0.0
5.0,30.0,0.000562341325190349,2.75,combined,81.62701729125767,0.0
5.0,30.0,0.000562341325190349,2.8125,arca,70.28201042349139,0.0
5.0,30.0,0.000562341325190349,2.8125,orca,57.91946380126602,0.0
5.0,30.0,0.000562341325190349,2.8125,combined,81.62701729125767,0.0
5.0,30.0,0.000562341325190349,2.875,arca,70.28201042349139,0.0
5.0,30.0,0.000562341325190349,2.875,orca,57.91946380126602,0.0
5.0,30.0,0.000562341325190349,2.875,combined,81.62701729125767,0.0
5.0,30.0,0.000562341325190349,2.9375,arca,70.28201042349139,0.0
5.0,30.0,0.000562341325190349,2.9375,orca,57.91946380126602,0.0
5.0,30.0,0.000562341325190349,2.9375,combined,81.62701729125767,0.0
5.0,30.0,0.000562341325190349,3.0,arca,70.28201042349139,0.0
5.0,30.0,0.000562341325190349,3.0,orca,57.91946380126602,0.0
5.0,30.0,0.000562341325190349,3.0,combined,81.62701729125767,0.0
5.0,30.0,0.0016155980984398728,1.5,arca,123.41759974143248,0.0
5.0,30.0,0.0016155980984398728,1.5,orca,59.995580110497244,0.0
5.0,30.0,0.0016155980984398728,1.5,combined,124.02747791096937,0.0
5.0,30.0,0.0016155980984398728,1.5625,arca,69.8896101540055,0.0
5.0,30.0,0.0016155980984398728,1.5625,orca,58.200607902735555,0.0
5.0,30.0,0.0016155980984398728,1.5625,combined,55.61067643854611,0.0
5.0,30.0,0.0016155980984398728,1.625,arca,64.01883121807744,0.0
5.0,30.0,0.0016155980984398728,1.625,orca,52.69310013813772,0.0
5.0,30.0,0.0016155980984398728,1.625,combined,60.49137302765021,0.0
5.0,30.0,0.0016155980984398728,1.6875,arca,61.420976954634796,0.0
5.0,30.0,0.0016155980984398728,1.6875,orca,60.77711629610973,0.0
5.0,30.0,0.0016155980984398728,1.6875,combined,53.896288009981824,0.0
5.0,30.0,0.0016155980984398728,1.75,arca,58.290293435860576,0.0
5.0,30.0,0.0016155980984398728,1.75,orca,62.18043915386472,0.0
5.0,30.0,0.0016155980984398728,1.75,combined,78.86386614374437,0.0
5.0,30.0,0.0016155980984398728,1.8125,arca,59.32740699226926,0.0
5.0,30.0,0.0016155980984398728,1.8125,orca,57.91946380126602,0.0
5.0,30.0,0.0016155980984398728,1.8125,combined,64.4453297095881,0.0
5.0,30.0,0.0016155980984398728,1.875,arca,60.494628511904956,0.0
5.0,30.0,0.0016155980984398728,1.875,orca,61.342822227014594,0.0
5.0,30.0,0.0016155980984398728,1.875,combined,55.47992211958156,0.0
5.0,30.0,0.0016155980984398728,1.9375,arca,59.440032703440465,0.0
5.0,30.0,0.0016155980984398728,1.9375,orca,60.963854681693945,0.0
5.0,30.0,0.0016155980984398728,1.9375,combined,62.2048352239806,0.0
5.0,30.0,0.0016155980984398728,2.0,arca,61.01632042096794,0.0
5.0,30.0,0.0016155980984398728,2.0,orca,56.53842559369837,0.0
5.0,30.0,0.0016155980984398728,2.0,combined,68.88219930796215,0.0
5.0,30.0,0.0016155980984398728,2.0625,arca,62.82043239610172,0.0
5.0,30.0,0.0016155980984398728,2.0625,orca,57.91946380126602,0.0
5.0,30.0,0.0016155980984398728,2.0625,combined,65.78275569684517,0.0
5.0,30.0,0.0016155980984398728,2.125,arca,64.61874488907648,0.0
5.0,30.0,0.0016155980984398728,2.125,orca,57.91946380126602,0.0
5.0,30.0,0.0016155980984398728,2.125,combined,80.69893627195732,0.0
5.0,30.0,0.0016155980984398728,2.1875,arca,70.28201042349139,0.0
5.0,30.0,0.0016155980984398728,2.1875,orca,57.91946380126602,0.0
5.0,30.0,0.0016155980984398728,2.1875,combined,81.62701729125767,0.0
5.0,30.0,0.0016155980984398728,2.25,arca,70.28201042349139,0.0
5.0,30.0,0.0016155980984398728,2.25,orca,57.91946380126602,0.0
5.0,30.0,0.0016155980984398728,2.25,combined,81.62701729125767,0.0
5.0,30.0,0.0016155980984398728,2.3125,arca,70.28201042349139,0.0
5.0,30.0,0.0016155980984398728,2.3125,orca,57.91946380126602,0.0
5.0,30.0,0.0016155980984398728,2.3125,combined,81.62701729125767,0.0
5.0,30.0,0.0016155980984398728,2.375,arca,70.28201042349139,0.0
5.0,30.0,0.0016155980984398728,2.375,orca,57.91946380126602,0.0
5.0,30.0,0.0016155980984398728,2.375,combined,81.62701729125767,0.0
5.0,30.0,0.0016155980984398728,2.4375,arca,70.28201042349139,0.0
5.0,30.0,0.0016155980984398728,2.4375,orca,57.91946380126602,0.0
5.0,30.0,0.0016155980984398728,2.4375,combined,81.62701729125767,0.0
5.0,30.0,0.0016155980984398728,2.5,arca,70.28201042349139,0.0
5.0,30.0,0.0016155980984398728,2.5,orca,57.91946380126602,0.0
5.0,30.0,0.0016155980984398728,2.5,combined,81.62701729125767,0.0
5.0,30.0,0.0016155980984398728,2.5625,arca,70.26501962230358,0.0
5.0,30.0,0.0016155980984398728,2.5625,orca,57.91946380126602,0.0
5.0,30.0,0.0016155980984398728,2.5625,combined,81.62701729125767,0.0
5.0,30.0,0.0016155980984398728,2.625,arca,70.28201042349139,0.0
5.0,30.0,0.0016155980984398728,2.625,orca,57.91946380126602,0.0
5.0,30.0,0.0016155980984398728,2.625,combined,81.62701729125767,0.0
5.0,30.0,0.0016155980984398728,2.6875,arca,70.28201042349139,0.0
5.0,30.0,0.0016155980984398728,2.6875,orca,57.91946380126602,0.0
5.0,30.0,0.0016155980984398728,2.6875,combined,81.62701729125767,0.0
5.0,30.0,0.0016155980984398728,2.75,arca,70.28201042349139,0.0
5.0,30.0,0.0016155980984398728,2.75,orca,57.91946380126602,0.0
5.0,30.0,0.0016155980984398728,2.75,combined,81.62701729125767,0.0
5.0,30.0,0.0016155980984398728,2.8125,arca,70.28201042349139,0.0
5.0,30.0,0.0016155980984398728,2.8125,orca,57.91946380126602,0.0
5.0,30.0,0.0016155980984398728,2.8125,combined,81.62701729125767,0.0
5.0,30.0,0.0016155980984398728,2.875,arca,70.28201042349139,0.0
5.0,30.0,0.0016155980984398728,2.875,orca,57.91946380126602,0.0
5.0,30.0,0.0016155980984398728,2.875,combined,81.62701729125767,0.0
5.0,30.0,0.0016155980984398728,2.9375,arca,70.28201042349139,0.0
5.0,30.0,0.0016155980984398728,2.9375,orca,57.91946380126602,0.0
5.0,30.0,0.0016155980984398728,2.9375,combined,81.62701729125767,0.0
5.0,30.0,0.0016155980984398728,3.0,arca,70.28201042349139,0.0
5.0,30.0,0.0016155980984398728,3.0,orca,57.91946380126602,0.0
5.0,30.0,0.0016155980984398728,3.0,combined,81.62701729125767,0.0
5.0,30.0,0.004641588833612777,1.5,arca,936.7564727348317,0.0
5.0,30.0,0.004641588833612777,1.5,orca,61.426800598418474,0.0
5.0,30.0,0.004641588833612777,1.5,combined,860.1722485644236,0.0
5.0,30.0,0.004641588833612777,1.5625,arca,169.08859055975196,0.0
5.0,30.0,0.004641588833612777,1.5625,orca,65.34954407294832,0.0
5.0,30.0,0.004641588833612777,1.5625,combined,175.4300296572177,0.0
5.0,30.0,0.004641588833612777,1.625,arca,65.8747163438704,0.0
5.0,30.0,0.004641588833612777,1.625,orca,60.11283133943232,0.0
5.0,30.0,0.004641588833612777,1.625,combined,67.06877507670521,0.0
5.0,30.0,0.004641588833612777,1.6875,arca,61.9223047395428,0.0
5.0,30.0,0.004641588833612777,1.6875,orca,59.09741744078595,0.0
5.0,30.0,0.004641588833612777,1.6875,combined,58.64593173019979,0.0
5.0,30.0,0.004641588833612777,1.75,arca,56.16234969758132,0.0
5.0,30.0,0.004641588833612777,1.75,orca,62.06204252352737,0.0
5.0,30.0,0.004641588833612777,1.75,combined,54.6682182921926,0.0
5.0,30.0,0.004641588833612777,1.8125,arca,62.295268931363395,0.0
5.0,30.0,0.004641588833612777,1.8125,orca,54.402227616735686,0.0
5.0,30.0,0.004641588833612777,1.8125,combined,56.29050193993828,0.0
5.0,30.0,0.004641588833612777,1.875,arca,59.44302833500914,0.0
5.0,30.0,0.004641588833612777,1.875,orca,57.91946380126602,0.0
5.0,30.0,0.004641588833612777,1.875,combined,58.88389784099584,0.0
5.0,30.0,0.004641588833612777,1.9375,arca,62.0689030964683,0.0
5.0,30.0,0.004641588833612777,1.9375,orca,54.20330175179624,0.0
5.0,30.0,0.004641588833612777,1.9375,combined,58.08576637370412,0.0
5.0,30.0,0.004641588833612777,2.0,arca,63.67200511647226,0.0
5.0,30.0,0.004641588833612777,2.0,orca,57.91946380126602,0.0
5.0,30.0,0.004641588833612777,2.0,combined,63.994202898550725,0.0
5.0,30.0,0.004641588833612777,2.0625,arca,57.74648630118926,0.0
5.0,30.0,0.004641588833612777,2.0625,orca,57.91946380126602,0.0
5.0,30.0,0.004641588833612777,2.0625,combined,66.92638702316249,0.0
5.0,30.0,0.004641588833612777,2.125,arca,63.73017473450439,0.0
5.0,30.0,0.004641588833612777,2.125,orca,57.91946380126602,0.0
5.0,30.0,0.004641588833612777,2.125,combined,64.48816902720068,0.0
5.0,30.0,0.004641588833612777,2.1875,arca,66.45360230547551,0.0
5.0,30.0,0.004641588833612777,2.1875,orca,59.89803626450083,0.0
5.0,30.0,0.004641588833612777,2.1875,combined,81.60700471798359,0.0
5.0,30.0,0.004641588833612777,2.25,arca,69.2641270553015,0.0
5.0,30.0,0.004641588833612777,2.25,orca,57.91946380126602,0.0
5.0,30.0,0.004641588833612777,2.25,combined,81.62701729125767,0.0
5.0,30.0,0.004641588833612777,2.3125,arca,61.18131629224586,0.0
5.0,30.0,0.004641588833612777,2.3125,orca,57.91946380126602,0.0
5.0,30.0,0.004641588833612777,2.3125,combined,65.97131633363632,0.0
5.0,30.0,0.004641588833612777,2.375,arca,70.26501962230358,0.0
5.0,30.0,0.004641588833612777,2.375,orca,58.01556759902521,0.0
5.0,30.0,0.004641588833612777,2.375,combined,81.62701729125767,0.0
5.0,30.0,0.004641588833612777,2.4375,arca,70.28201042349139,0.0
5.0,30.0,0.004641588833612777,2.4375,orca,57.91946380126602,0.0
5.0,30.0,0.004641588833612777,2.4375,combined,81.75457984443405,0.0
5.0,30.0,0.004641588833612777,2.5,arca,70.28201042349139,0.0
5.0,30.0,0.004641588833612777,2.5,orca,57.91946380126602,0.0
5.0,30.0,0.004641588833612777,2.5,combined,81.62701729125767,0.0
5.0,30.0,0.004641588833612777,2.5625,arca,70.26501962230358,0.0
5.0,30.0,0.004641588833612777,2.5625,orca,57.91946380126602,0.0
5.0,30.0,0.004641588833612777,2.5625,combined,81.60700471798359,0.0
5.0,30.0,0.004641588833612777,2.625,arca,70.28201042349139,0.0
5.0,30.0,0.004641588833612777,2.625,orca,57.91946380126602,0.0
5.0,30.0,0.004641588833612777,2.625,combined,81.62701729125767,0.0
5.0,30.0,0.004641588833612777,2.6875,arca,70.28201042349139,0.0
5.0,30.0,0.004641588833612777,2.6875,orca,57.91946380126602,0.0
5.0,30.0,0.004641588833612777,2.6875,combined,81.62701729125767,0.0
5.0,30.0,0.004641588833612777,2.75,arca,70.28201042349139,0.0
5.0,30.0,0.004641588833612777,2.75,orca,57.91946380126602,0.0
5.0,30.0,0.004641588833612777,2.75,combined,81.62701729125767,0.0
5.0,30.0,0.004641588833612777,2.8125,arca,70.28201042349139,0.0
5.0,30.0,0.004641588833612777,2.8125,orca,57.91946380126602,0.0
5.0,30.0,0.004641588833612777,2.8125,combined,81.62701729125767,0.0
5.0,30.0,0.004641588833612777,2.875,arca,70.28201042349139,0.0
5.0,30.0,0.004641588833612777,2.875,orca,57.91946380126602,0.0
5.0,30.0,0.004641588833612777,2.875,combined,81.62701729125767,0.0
5.0,30.0,0.004641588833612777,2.9375,arca,70.28201042349139,0.0
5.0,30.0,0.004641588833612777,2.9375,orca,57.91946380126602,0.0
5.0,30.0,0.004641588833612777,2.9375,combined,81.62701729125767,0.0
5.0,30.0,0.004641588833612777,3.0,arca,70.28201042349139,0.0
5.0,30.0,0.004641588833612777,3.0,orca,57.91946380126602,0.0
5.0,30.0,0.004641588833612777,3.0,combined,81.62701729125767,0.0
5.0,30.0,0.013335214321633239,1.5,arca,7924.153577009868,0.0
5.0,30.0,0.013335214321633239,1.5,orca,56.10133990451256,0.0
5.0,30.0,0.013335214321633239,1.5,combined,7032.573845764915,0.0
5.0,30.0,0.013335214321633239,1.5625,arca,1387.8888030811577,0.0
5.0,30.0,0.013335214321633239,1.5625,orca,61.36122733612274,0.0
5.0,30.0,0.013335214321633239,1.5625,combined,1199.9400719503149,0.0
5.0,30.0,0.013335214321633239,1.625,arca,256.16399456342447,0.0
5.0,30.0,0.013335214321633239,1.625,orca,55.30626473142291,0.0
5.0,30.0,0.013335214321633239,1.625,combined,230.78847916110846,0.0
5.0,30.0,0.013335214321633239,1.6875,arca,67.32999910955448,0.0
5.0,30.0,0.013335214321633239,1.6875,orca,67.38563714656762,0.0
5.0,30.0,0.013335214321633239,1.6875,combined,60.773465267035874,0.0
5.0,30.0,0.013335214321633239,1.75,arca,66.82563300949101,0.0
5.0,30.0,0.013335214321633239,1.75,orca,57.70298900747919,0.0
5.0,30.0,0.013335214321633239,1.75,combined,59.303948936072246,0.0
5.0,30.0,0.013335214321633239,1.8125,arca,58.5068453401567,0.0
5.0,30.0,0.013335214321633239,1.8125,orca,60.53294824488535,0.0
5.0,30.0,0.013335214321633239,1.8125,combined,71.72763630080922,0.0
5.0,30.0,0.013335214321633239,1.875,arca,57.93712344803707,0.0
5.0,30.0,0.013335214321633239,1.875,orca,68.54320506575742,0.0
5.0,30.0,0.013335214321633239,1.875,combined,58.986563206520216,0.0
5.0,30.0,0.013335214321633239,1.9375,arca,64.13984365469513,0.0
5.0,30.0,0.013335214321633239,1.9375,orca,68.06830092983941,0.0
5.0,30.0,0.013335214321633239,1.9375,combined,65.27095049196373,0.0
5.0,30.0,0.013335214321633239,2.0,arca,61.72387973583824,0.0
5.0,30.0,0.013335214321633239,2.0,orca,58.94696916485215,0.0
5.0,30.0,0.013335214321633239,2.0,combined,58.70316917753303,0.0
5.0,30.0,0.013335214321633239,2.0625,arca,58.462292119417356,0.0
5.0,30.0,0.013335214321633239,2.0625,orca,59.955475295734715,0.0
5.0,30.0,0.013335214321633239,2.0625,combined,58.997441448533756,0.0
5.0,30.0,0.013335214321633239,2.125,arca,63.138614057240446,0.0
5.0,30.0,0.013335214321633239,2.125,orca,54.41980251772928,0.0
5.0,30.0,0.013335214321633239,2.125,combined,60.077060321383,0.0
5.0,30.0,0.013335214321633239,2.1875,arca,65.24720026893237,0.0
5.0,30.0,0.013335214321633239,2.1875,orca,63.17538815411156,0.0
5.0,30.0,0.013335214321633239,2.1875,combined,60.38079923509855,0.0
5.0,30.0,0.013335214321633239,2.25,arca,67.19962837771057,0.0
5.0,30.0,0.013335214321633239,2.25,orca,56.60476803941278,0.0
5.0,30.0,0.013335214321633239,2.25,combined,63.69850074723312,0.0
5.0,30.0,0.013335214321633239,2.3125,arca,62.947838746759686,0.0
5.0,30.0,0.013335214321633239,2.3125,orca,57.91946380126602,0.0
5.0,30.0,0.013335214321633239,2.3125,combined,59.07930823307623,0.0
5.0,30.0,0.013335214321633239,2.375,arca,63.39671457364545,0.0
5.0,30.0,0.013335214321633239,2.375,orca,57.91946380126602,0.0
5.0,30.0,0.013335214321633239,2.375,combined,66.03240677966102,0.0
5.0,30.0,0.013335214321633239,2.4375,arca,70.28201042349139,0.0
5.0,30.0,0.013335214321633239,2.4375,orca,57.91946380126602,0.0
5.0,30.0,0.013335214321633239,2.4375,combined,80.69911165894504,0.0
5.0,30.0,0.013335214321633239,2.5,arca,64.4929612729998,0.0
5.0,30.0,0.013335214321633239,2.5,orca,57.34658276993105,0.0
5.0,30.0,0.013335214321633239,2.5,combined,68.9216402242951,0.0
5.0,30.0,0.013335214321633239,2.5625,arca,70.28201042349139,0.0
5.0,30.0,0.013335214321633239,2.5625,orca,57.91946380126602,0.0
5.0,30.0,0.013335214321633239,2.5625,combined,82.8310175062043,0.0
5.0,30.0,0.013335214321633239,2.625,arca,70.28201042349139,0.0
5.0,30.0,0.013335214321633239,2.625,orca,57.91946380126602,0.0
5.0,30.0,0.013335214321633239,2.625,combined,81.62701729125767,0.0
5.0,30.0,0.013335214321633239,2.6875,arca,70.28201042349139,0.0
5.0,30.0,0.013335214321633239,2.6875,orca,57.91946380126602,0.0
5.0,30.0,0.013335214321633239,2.6875,combined,81.62701729125767,0.0
5.0,30.0,0.013335214321633239,2.75,arca,70.28201042349139,0.0
5.0,30.0,0.013335214321633239,2.75,orca,57.91946380126602,0.0
5.0,30.0,0.013335214321633239,2.75,combined,81.62701729125767,0.0
5.0,30.0,0.013335214321633239,2.8125,arca,70.28201042349139,0.0
5.0,30.0,0.013335214321633239,2.8125,orca,57.91946380126602,0.0
5.0,30.0,0.013335214321633239,2.8125,combined,81.62701729125767,0.0
5.0,30.0,0.013335214321633239,2.875,arca,70.28201042349139,0.0
5.0,30.0,0.013335214321633239,2.875,orca,57.91946380126602,0.0
5.0,30.0,0.013335214321633239,2.875,combined,81.62701729125767,0.0
5.0,30.0,0.013335214321633239,2.9375,arca,70.28201042349139,0.0
5.0,30.0,0.013335214321633239,2.9375,orca,57.91946380126602,0.0
5.0,30.0,0.013335214321633239,2.9375,combined,81.62701729125767,0.0
5.0,30.0,0.013335214321633239,3.0,arca,70.28201042349139,0.0
5.0,30.0,0.013335214321633239,3.0,orca,57.91946380126602,0.0
5.0,30.0,0.013335214321633239,3.0,combined,81.62701729125767,0.0
5.0,30.0,0.03831186849557285,1.5,arca,65007.555780623734,0.0
5.0,30.0,0.03831186849557285,1.5,orca,64.34723878734084,0.0
5.0,30.0,0.03831186849557285,1.5,combined,58516.30292938583,0.0
5.0,30.0,0.03831186849557285,1.5625,arca,11484.124529499044,0.0
5.0,30.0,0.03831186849557285,1.5625,orca,54.639744952178546,0.0
5.0,30.0,0.03831186849557285,1.5625,combined,10051.4911551574,0.0
5.0,30.0,0.03831186849557285,1.625,arca,2015.0117159009528,0.0
5.0,30.0,0.03831186849557285,1.625,orca,52.30047398412952,0.0
5.0,30.0,0.03831186849557285,1.625,combined,1857.9786560337752,0.0
5.0,30.0,0.03831186849557285,1.6875,arca,339.966808196175,0.0
5.0,30.0,0.03831186849557285,1.6875,orca,57.38107504271258,0.0
5.0,30.0,0.03831186849557285,1.6875,combined,320.2104157991264,0.0
5.0,30.0,0.03831186849557285,1.75,arca,96.96147072210238,0.0
5.0,30.0,0.03831186849557285,1.75,orca,52.86798771206377,0.0
5.0,30.0,0.03831186849557285,1.75,combined,108.97727602519083,0.0
5.0,30.0,0.03831186849557285,1.8125,arca,60.298969752133715,0.0
5.0,30.0,0.03831186849557285,1.8125,orca,72.73341544958646,0.0
5.0,30.0,0.03831186849557285,1.8125,combined,58.33687930812531,0.0
5.0,30.0,0.03831186849557285,1.875,arca,58.58708592345871,0.0
5.0,30.0,0.03831186849557285,1.875,orca,63.79373923614628,0.0
5.0,30.0,0.03831186849557285,1.875,combined,60.35977859243909,0.0
5.0,30.0,0.03831186849557285,1.9375,arca,65.1726504351382,0.0
5.0,30.0,0.03831186849557285,1.9375,orca,59.6851980022073,0.0
5.0,30.0,0.03831186849557285,1.9375,combined,53.936252795739165,0.0
5.0,30.0,0.03831186849557285,2.0,arca,58.555861113858924,0.0
5.0,30.0,0.03831186849557285,2.0,orca,65.88062196957029,0.0
5.0,30.0,0.03831186849557285,2.0,combined,65.1383580174118,0.0
5.0,30.0,0.03831186849557285,2.0625,arca,57.911502090449865,0.0
5.0,30.0,0.03831186849557285,2.0625,orca,58.74585538537031,0.0
5.0,30.0,0.03831186849557285,2.0625,combined,57.161358356681276,0.0
5.0,30.0,0.03831186849557285,2.125,arca,59.41883912233559,0.0
5.0,30.0,0.03831186849557285,2.125,orca,64.42145156266224,0.0
5.0,30.0,0.03831186849557285,2.125,combined,66.22724194529573,0.0
5.0,30.0,0.03831186849557285,2.1875,arca,57.67352354579769,0.0
5.0,30.0,0.03831186849557285,2.1875,orca,63.300298838451425,0.0
5.0,30.0,0.03831186849557285,2.1875,combined,59.43904657933042,0.0
5.0,30.0,0.03831186849557285,2.25,arca,57.14147089371383,0.0
5.0,30.0,0.03831186849557285,2.25,orca,57.91946380126602,0.0
5.0,30.0,0.03831186849557285,2.25,combined,56.547609890665974,0.0
5.0,30.0,0.03831186849557285,2.3125,arca,62.53537410930279,0.0
5.0,30.0,0.03831186849557285,2.3125,orca,57.671713464885606,0.0
5.0,30.0,0.03831186849557285,2.3125,combined,58.18273956444813,0.0
5.0,30.0,0.03831186849557285,2.375,arca,55.41623893586511,0.0
5.0,30.0,0.03831186849557285,2.375,orca,57.91946380126602,0.0
5.0,30.0,0.03831186849557285,2.375,combined,74.77059609829469,0.0
5.0,30.0,0.03831186849557285,2.4375,arca,64.45595636478615,0.0
5.0,30.0,0.03831186849557285,2.4375,orca,57.91946380126602,0.0
5.0,30.0,0.03831186849557285,2.4375,combined,81.62701729125767,0.0
5.0,30.0,0.03831186849557285,2.5,arca,62.04716111184297,0.0
5.0,30.0,0.03831186849557285,2.5,orca,57.91946380126602,0.0
5.0,30.0,0.03831186849557285,2.5,combined,81.62701729125767,0.0
5.0,30.0,0.03831186849557285,2.5625,arca,70.28201042349139,0.0
5.0,30.0,0.03831186849557285,2.5625,orca,57.91946380126602,0.0
5.0,30.0,0.03831186849557285,2.5625,combined,81.62701729125767,0.0
5.0,30.0,0.03831186849557285,2.625,arca,62.75342465753425,0.0
5.0,30.0,0.03831186849557285,2.625,orca,57.91946380126602,0.0
5.0,30.0,0.03831186849557285,2.625,combined,74.19702139873075,0.0
5.0,30.0,0.03831186849557285,2.6875,arca,70.10334313476919,0.0
5.0,30.0,0.03831186849557285,2.6875,orca,57.91946380126602,0.0
5.0,30.0,0.03831186849557285,2.6875,combined,60.02501960680057,0.0
5.0,30.0,0.03831186849557285,2.75,arca,60.84537332314259,0.0
5.0,30.0,0.03831186849557285,2.75,orca,57.91946380126602,0.0
5.0,30.0,0.03831186849557285,2.75,combined,81.62701729125767,0.0
5.0,30.0,0.03831186849557285,2.8125,arca,70.28201042349139,0.0
5.0,30.0,0.03831186849557285,2.8125,orca,57.91946380126602,0.0
5.0,30.0,0.03831186849557285,2.8125,combined,81.62701729125767,0.0
5.0,30.0,0.03831186849557285,2.875,arca,70.28201042349139,0.0
5.0,30.0,0.03831186849557285,2.875,orca,57.91946380126602,0.0
5.0,30.0,0.03831186849557285,2.875,combined,81.62701729125767,0.0
5.0,30.0,0.03831186849557285,2.9375,arca,70.28201042349139,0.0
5.0,30.0,0.03831186849557285,2.9375,orca,57.91946380126602,0.0
5.0,30.0,0.03831186849557285,2.9375,combined,81.62701729125767,0.0
5.0,30.0,0.03831186849557285,3.0,arca,70.28201042349139,0.0
5.0,30.0,0.03831186849557285,3.0,orca,57.91946380126602,0.0
5.0,30.0,0.03831186849557285,3.0,combined,81.62701729125767,0.0
5.0,30.0,0.11006941712522081,1.5,arca,,
5.0,30.0,0.11006941712522081,1.5,orca,56.17359687789538,0.0
5.0,30.0,0.11006941712522081,1.5,combined,,
5.0,30.0,0.11006941712522081,1.5625,arca,94016.79690050024,0.0
5.0,30.0,0.11006941712522081,1.5625,orca,64.69140238209751,0.0
5.0,30.0,0.11006941712522081,1.5625,combined,83451.00484909487,0.0
5.0,30.0,0.11006941712522081,1.625,arca,16830.437614305698,0.0
5.0,30.0,0.11006941712522081,1.625,orca,58.46193030943478,0.0
5.0,30.0,0.11006941712522081,1.625,combined,15144.935829034985,0.0
5.0,30.0,0.11006941712522081,1.6875,arca,3207.9826473588137,0.0
5.0,30.0,0.11006941712522081,1.6875,orca,56.24863635117727,0.0
5.0,30.0,0.11006941712522081,1.6875,combined,2835.599467453343,0.0
5.0,30.0,0.11006941712522081,1.75,arca,593.5367073573077,0.0
5.0,30.0,0.11006941712522081,1.75,orca,60.6569265223419,0.0
5.0,30.0,0.11006941712522081,1.75,combined,602.8457566957084,0.0
5.0,30.0,0.11006941712522081,1.8125,arca,155.79399328482754,0.0
5.0,30.0,0.11006941712522081,1.8125,orca,56.578446729131684,0.0
5.0,30.0,0.11006941712522081,1.8125,combined,129.4873455144954,0.0
5.0,30.0,0.11006941712522081,1.875,arca,64.03356111975938,0.0
5.0,30.0,0.11006941712522081,1.875,orca,61.096931969764334,0.0
5.0,30.0,0.11006941712522081,1.875,combined,66.82781468582634,0.0
5.0,30.0,0.11006941712522081,1.9375,arca,77.39537130778034,0.0
5.0,30.0,0.11006941712522081,1.9375,orca,56.41688595263423,0.0
5.0,30.0,0.11006941712522081,1.9375,combined,62.23986453854417,0.0
5.0,30.0,0.11006941712522081,2.0,arca,57.349407959165504,0.0
5.0,30.0,0.11006941712522081,2.0,orca,67.86832179517785,0.0
5.0,30.0,0.11006941712522081,2.0,combined,53.63274032930896,0.0
5.0,30.0,0.11006941712522081,2.0625,arca,64.17603104936704,0.0
5.0,30.0,0.11006941712522081,2.0625,orca,56.067386471895844,0.0
5.0,30.0,0.11006941712522081,2.0625,combined,61.52594535354791,0.0
5.0,30.0,0.11006941712522081,2.125,arca,66.58517282542027,0.0
5.0,30.0,0.11006941712522081,2.125,orca,59.719008264462815,0.0
5.0,30.0,0.11006941712522081,2.125,combined,62.40785932172977,0.0
5.0,30.0,0.11006941712522081,2.1875,arca,54.09571455416395,0.0
5.0,30.0,0.11006941712522081,2.1875,orca,62.42007532054771,0.0
5.0,30.0,0.11006941712522081,2.1875,combined,57.096658604058334,0.0
5.0,30.0,0.11006941712522081,2.25,arca,57.913507472281836,0.0
5.0,30.0,0.11006941712522081,2.25,orca,56.54909524361374,0.0
5.0,30.0,0.11006941712522081,2.25,combined,56.93455694511933,0.0
5.0,30.0,0.11006941712522081,2.3125,arca,57.42739901279671,0.0
5.0,30.0,0.11006941712522081,2.3125,orca,62.97758074952347,0.0
5.0,30.0,0.11006941712522081,2.3125,combined,62.06989011759345,0.0
5.0,30.0,0.11006941712522081,2.375,arca,65.9640053003184,0.0
5.0,30.0,0.11006941712522081,2.375,orca,58.198496502819054,0.0
5.0,30.0,0.11006941712522081,2.375,combined,64.47047796317224,0.0
5.0,30.0,0.11006941712522081,2.4375,arca,74.08393348604953,0.0
5.0,30.0,0.11006941712522081,2.4375,orca,57.91946380126602,0.0
5.0,30.0,0.11006941712522081,2.4375,combined,59.787512965002506,0.0
5.0,30.0,0.11006941712522081,2.5,arca,63.63047764757088,0.0
5.0,30.0,0.11006941712522081,2.5,orca,60.76526121788845,0.0
5.0,30.0,0.11006941712522081,2.5,combined,78.65972597582456,0.0
5.0,30.0,0.11006941712522081,2.5625,arca,63.288976414255515,0.0
5.0,30.0,0.11006941712522081,2.5625,orca,57.91946380126602,0.0
5.0,30.0,0.11006941712522081,2.5625,combined,61.20291450604973,0.0
5.0,30.0,0.11006941712522081,2.625,arca,59.86682666631502,0.0
5.0,30.0,0.11006941712522081,2.625,orca,57.91946380126602,0.0
5.0,30.0,0.11006941712522081,2.625,combined,61.40764795176431,0.0
5.0,30.0,0.11006941712522081,2.6875,arca,62.221448876269406,0.0
5.0,30.0,0.11006941712522081,2.6875,orca,57.91946380126602,0.0
5.0,30.0,0.11006941712522081,2.6875,combined,84.61237041813399,0.0
5.0,30.0,0.11006941712522081,2.75,arca,70.28201042349139,0.0
5.0,30.0,0.11006941712522081,2.75,orca,57.91946380126602,0.0
5.0,30.0,0.11006941712522081,2.75,combined,78.02584910373123,0.0
5.0,30.0,0.11006941712522081,2.8125,arca,70.28201042349139,0.0
5.0,30.0,0.11006941712522081,2.8125,orca,57.91946380126602,0.0
5.0,30.0,0.11006941712522081,2.8125,combined,81.62701729125767,0.0
5.0,30.0,0.11006941712522081,2.875,arca,70.28201042349139,0.0
5.0,30.0,0.11006941712522081,2.875,orca,57.91946380126602,0.0
5.0,30.0,0.11006941712522081,2.875,combined,81.62701729125767,0.0
5.0,30.0,0.11006941712522081,2.9375,arca,70.28201042349139,0.0
5.0,30.0,0.11006941712522081,2.9375,orca,61.830395362162534,0.0
5.0,30.0,0.11006941712522081,2.9375,combined,73.44771280805801,0.0
5.0,30.0,0.11006941712522081,3.0,arca,70.28201042349139,0.0
5.0,30.0,0.11006941712522081,3.0,orca,57.91946380126602,0.0
5.0,30.0,0.11006941712522081,3.0,combined,81.62701729125767,0.0
5.0,30.0,0.31622776601683794,1.5,arca,,
5.0,30.0,0.31622776601683794,1.5,orca,52.20710657049033,0.0
5.0,30.0,0.31622776601683794,1.5,combined,,
5.0,30.0,0.31622776601683794,1.5625,arca,,
5.0,30.0,0.31622776601683794,1.5625,orca,53.46263202968885,0.0
5.0,30.0,0.31622776601683794,1.5625,combined,,
5.0,30.0,0.31622776601683794,1.625,arca,141373.8029706425,0.0
5.0,30.0,0.31622776601683794,1.625,orca,61.26987608602762,0.0
5.0,30.0,0.31622776601683794,1.625,combined,126441.6005988631,0.0
5.0,30.0,0.31622776601683794,1.6875,arca,26216.503963265364,0.0
5.0,30.0,0.31622776601683794,1.6875,orca,70.4478144513827,0.0
5.0,30.0,0.31622776601683794,1.6875,combined,23887.624294414403,0.0
5.0,30.0,0.31622776601683794,1.75,arca,5151.418387631507,0.0
5.0,30.0,0.31622776601683794,1.75,orca,63.695427953530924,0.0
5.0,30.0,0.31622776601683794,1.75,combined,4727.16751351559,0.0
5.0,30.0,0.31622776601683794,1.8125,arca,1050.1856769527228,0.0
5.0,30.0,0.31622776601683794,1.8125,orca,52.35161493575869,0.0
5.0,30.0,0.31622776601683794,1.8125,combined,1040.266217913773,0.0
5.0,30.0,0.31622776601683794,1.875,arca,259.3984731968184,0.0
5.0,30.0,0.31622776601683794,1.875,orca,60.02410412984091,0.0
5.0,30.0,0.31622776601683794,1.875,combined,238.56587336379445,0.0
5.0,30.0,0.31622776601683794,1.9375,arca,85.47920033242531,0.0
5.0,30.0,0.31622776601683794,1.9375,orca,54.074899767614085,0.0
5.0,30.0,0.31622776601683794,1.9375,combined,83.53544348465573,0.0
5.0,30.0,0.31622776601683794,2.0,arca,60.94093514408395,0.0
5.0,30.0,0.31622776601683794,2.0,orca,65.27069985816992,0.0
5.0,30.0,0.31622776601683794,2.0,combined,60.10710242194339,0.0
5.0,30.0,0.31622776601683794,2.0625,arca,68.04137785486753,0.0
5.0,30.0,0.31622776601683794,2.0625,orca,60.14377916178496,0.0
5.0,30.0,0.31622776601683794,2.0625,combined,60.90398893833587,0.0
5.0,30.0,0.31622776601683794,2.125,arca,57.361401287327226,0.0
5.0,30.0,0.31622776601683794,2.125,orca,62.63163456067627,0.0
5.0,30.0,0.31622776601683794,2.125,combined,55.62891911860577,0.0
5.0,30.0,0.31622776601683794,2.1875,arca,63.933414670337825,0.0
5.0,30.0,0.31622776601683794,2.1875,orca,58.70643089037783,0.0
5.0,30.0,0.31622776601683794,2.1875,combined,61.610882841908506,0.0
5.0,30.0,0.31622776601683794,2.25,arca,62.918261162016975,0.0
5.0,30.0,0.31622776601683794,2.25,orca,54.77324243715381,0.0
5.0,30.0,0.31622776601683794,2.25,combined,57.5661256886303,0.0
5.0,30.0,0.31622776601683794,2.3125,arca,55.4412142871272,0.0
5.0,30.0,0.31622776601683794,2.3125,orca,57.26165782805194,0.0
5.0,30.0,0.31622776601683794,2.3125,combined,60.84436526426386,0.0
5.0,30.0,0.31622776601683794,2.375,arca,62.883420107690334,0.0
5.0,30.0,0.31622776601683794,2.375,orca,65.181682442341,0.0
5.0,30.0,0.31622776601683794,2.375,combined,61.221907417735636,0.0
5.0,30.0,0.31622776601683794,2.4375,arca,61.70375060179781,0.0
5.0,30.0,0.31622776601683794,2.4375,orca,53.71612209446604,0.0
5.0,30.0,0.31622776601683794,2.4375,combined,58.246658698562015,0.0
5.0,30.0,0.31622776601683794,2.5,arca,61.27392311774263,0.0
5.0,30.0,0.31622776601683794,2.5,orca,61.45027504790161,0.0
5.0,30.0,0.31622776601683794,2.5,combined,56.99243133647681,0.0
5.0,30.0,0.31622776601683794,2.5625,arca,63.27412191103789,0.0
5.0,30.0,0.31622776601683794,2.5625,orca,53.22820637231118,0.0
5.0,30.0,0.31622776601683794,2.5625,combined,68.86583963621445,0.0
5.0,30.0,0.31622776601683794,2.625,arca,63.71646481049015,0.0
5.0,30.0,0.31622776601683794,2.625,orca,56.82160457323083,0.0
5.0,30.0,0.31622776601683794,2.625,combined,61.23737550386174,0.0
5.0,30.0,0.31622776601683794,2.6875,arca,58.48605741819175,0.0
5.0,30.0,0.31622776601683794,2.6875,orca,58.11865127754304,0.0
5.0,30.0,0.31622776601683794,2.6875,combined,72.04876026468948,0.0
5.0,30.0,0.31622776601683794,2.75,arca,70.26501962230358,0.0
5.0,30.0,0.31622776601683794,2.75,orca,61.17543645464535,0.0
5.0,30.0,0.31622776601683794,2.75,combined,78.18330238131296,0.0
5.0,30.0,0.31622776601683794,2.8125,arca,70.28201042349139,0.0
5.0,30.0,0.31622776601683794,2.8125,orca,55.13739708437194,0.0
5.0,30.0,0.31622776601683794,2.8125,combined,81.62701729125767,0.0
5.0,30.0,0.31622776601683794,2.875,arca,70.28201042349139,0.0
5.0,30.0,0.31622776601683794,2.875,orca,57.86827632461434,0.0
5.0,30.0,0.31622776601683794,2.875,combined,66.48669956236498,0.0
5.0,30.0,0.31622776601683794,2.9375,arca,70.28201042349139,0.0
5.0,30.0,0.31622776601683794,2.9375,orca,59.37886006705486,0.0
5.0,30.0,0.31622776601683794,2.9375,combined,81.62701729125767,0.0
5.0,30.0,0.31622776601683794,3.0,arca,70.28201042349139,0.0
5.0,30.0,0.31622776601683794,3.0,orca,57.91946380126602,0.0
5.0,30.0,0.31622776601683794,3.0,combined,85.39639512281323,0.0
5.0,30.0,0.9085175756516861,1.5,arca,,
5.0,30.0,0.9085175756516861,1.5,orca,59.79162142081499,0.0
5.0,30.0,0.9085175756516861,1.5,combined,,
5.0,30.0,0.9085175756516861,1.5625,arca,,
5.0,30.0,0.9085175756516861,1.5625,orca,65.38068910484768,0.0
5.0,30.0,0.9085175756516861,1.5625,combined,,
5.0,30.0,0.9085175756516861,1.625,arca,,
5.0,30.0,0.9085175756516861,1.625,orca,55.249511123706945,0.0
5.0,30.0,0.9085175756516861,1.625,combined,,
5.0,30.0,0.9085175756516861,1.6875,arca,221372.86524671584,0.0
5.0,30.0,0.9085175756516861,1.6875,orca,57.759367099394936,0.0
5.0,30.0,0.9085175756516861,1.6875,combined,197665.5490163268,0.0
5.0,30.0,0.9085175756516861,1.75,arca,43884.108787941004,0.0
5.0,30.0,0.9085175756516861,1.75,orca,55.41044319635209,0.0
5.0,30.0,0.9085175756516861,1.75,combined,39714.78491700524,0.0
5.0,30.0,0.9085175756516861,1.8125,arca,9002.964981380457,0.0
5.0,30.0,0.9085175756516861,1.8125,orca,61.43763213530656,0.0
5.0,30.0,0.9085175756516861,1.8125,combined,8121.906037063076,0.0
5.0,30.0,0.9085175756516861,1.875,arca,1944.8740754187638,0.0
5.0,30.0,0.9085175756516861,1.875,orca,51.79121972796639,0.0
5.0,30.0,0.9085175756516861,1.875,combined,1729.0064063209034,0.0
5.0,30.0,0.9085175756516861,1.9375,arca,430.2297749361627,0.0
5.0,30.0,0.9085175756516861,1.9375,orca,62.107082859155696,0.0
5.0,30.0,0.9085175756516861,1.9375,combined,396.95253486281126,0.0
5.0,30.0,0.9085175756516861,2.0,arca,120.61645227257733,0.0
5.0,30.0,0.9085175756516861,2.0,orca,54.39415401911185,0.0
5.0,30.0,0.9085175756516861,2.0,combined,115.33874261402536,0.0
5.0,30.0,0.9085175756516861,2.0625,arca,61.85384120702449,0.0
5.0,30.0,0.9085175756516861,2.0625,orca,55.23740160569052,0.0
5.0,30.0,0.9085175756516861,2.0625,combined,61.59379622931215,0.0
5.0,30.0,0.9085175756516861,2.125,arca,57.25124309210093,0.0
5.0,30.0,0.9085175756516861,2.125,orca,58.33001298116405,0.0
5.0,30.0,0.9085175756516861,2.125,combined,61.32168308927645,0.0
5.0,30.0,0.9085175756516861,2.1875,arca,60.294216969185314,0.0
5.0,30.0,0.9085175756516861,2.1875,orca,62.62019801980199,0.0
5.0,30.0,0.9085175756516861,2.1875,combined,58.98343943059828,0.0
5.0,30.0,0.9085175756516861,2.25,arca,65.38148055339408,0.0
5.0,30.0,0.9085175756516861,2.25,orca,58.69068968190392,0.0
5.0,30.0,0.9085175756516861,2.25,combined,64.40607293163993,0.0
5.0,30.0,0.9085175756516861,2.3125,arca,54.757758404663605,0.0
5.0,30.0,0.9085175756516861,2.3125,orca,66.89148496903167,0.0
5.0,30.0,0.9085175756516861,2.3125,combined,63.358273544491915,0.0
5.0,30.0,0.9085175756516861,2.375,arca,58.4969601055061,0.0
5.0,30.0,0.9085175756516861,2.375,orca,66.44934777908568,0.0
5.0,30.0,0.9085175756516861,2.375,combined,64.32063804166351,0.0
5.0,30.0,0.9085175756516861,2.4375,arca,56.963565142557556,0.0
5.0,30.0,0.9085175756516861,2.4375,orca,56.47066814869704,0.0
5.0,30.0,0.9085175756516861,2.4375,combined,55.58600482986735,0.0
5.0,30.0,0.9085175756516861,2.5,arca,70.53310805241902,0.0
5.0,30.0,0.9085175756516861,2.5,orca,54.0889607195559,0.0
5.0,30.0,0.9085175756516861,2.5,combined,60.34794733126812,0.0
5.0,30.0,0.9085175756516861,2.5625,arca,58.837326379158576,0.0
5.0,30.0,0.9085175756516861,2.5625,orca,63.58328731824038,0.0
5.0,30.0,0.9085175756516861,2.5625,combined,65.83167040894996,0.0
5.0,30.0,0.9085175756516861,2.625,arca,57.60831157872532,0.0
5.0,30.0,0.9085175756516861,2.625,orca,65.13963889349014,0.0
5.0,30.0,0.9085175756516861,2.625,combined,62.0111089536519,0.0
5.0,30.0,0.9085175756516861,2.6875,arca,59.249484937088155,0.0
5.0,30.0,0.9085175756516861,2.6875,orca,57.91946380126602,0.0
5.0,30.0,0.9085175756516861,2.6875,combined,75.203337438184,0.0
5.0,30.0,0.9085175756516861,2.75,arca,59.435525175256174,0.0
5.0,30.0,0.9085175756516861,2.75,orca,68.74598372182214,0.0
5.0,30.0,0.9085175756516861,2.75,combined,60.8181271770272,0.0
5.0,30.0,0.9085175756516861,2.8125,arca,70.26501962230358,0.0
5.0,30.0,0.9085175756516861,2.8125,orca,58.952669116057926,0.0
5.0,30.0,0.9085175756516861,2.8125,combined,61.79070936714393,0.0
5.0,30.0,0.9085175756516861,2.875,arca,63.1232587478466,0.0
5.0,30.0,0.9085175756516861,2.875,orca,59.50458256435921,0.0
5.0,30.0,0.9085175756516861,2.875,combined,61.44566214507101,0.0
5.0,30.0,0.9085175756516861,2.9375,arca,72.15470062670633,0.0
5.0,30.0,0.9085175756516861,2.9375,orca,64.8484881863744,0.0
5.0,30.0,0.9085175756516861,2.9375,combined,72.0355335921873,0.0
5.0,30.0,0.9085175756516861,3.0,arca,70.28201042349139,0.0
5.0,30.0,0.9085175756516861,3.0,orca,57.91946380126602,0.0
5.0,30.0,0.9085175756516861,3.0,combined,70.46402902817621,0.0
5.0,30.0,2.6101572156825332,1.5,arca,,
5.0,30.0,2.6101572156825332,1.5,orca,190.75460191981932,0.0
5.0,30.0,2.6101572156825332,1.5,combined,,
5.0,30.0,2.6101572156825332,1.5625,arca,,
5.0,30.0,2.6101572156825332,1.5625,orca,93.05689401651398,0.0
5.0,30.0,2.6101572156825332,1.5625,combined,,
5.0,30.0,2.6101572156825332,1.625,arca,,
5.0,30.0,2.6101572156825332,1.625,orca,58.82863655791424,0.0
5.0,30.0,2.6101572156825332,1.625,combined,,
5.0,30.0,2.6101572156825332,1.6875,arca,,
5.0,30.0,2.6101572156825332,1.6875,orca,69.67296647333428,0.0
5.0,30.0,2.6101572156825332,1.6875,combined,,
5.0,30.0,2.6101572156825332,1.75,arca,,
5.0,30.0,2.6101572156825332,1.75,orca,64.34576424650558,0.0
5.0,30.0,2.6101572156825332,1.75,combined,,
5.0,30.0,2.6101572156825332,1.8125,arca,74467.74942236101,0.0
5.0,30.0,2.6101572156825332,1.8125,orca,57.27268612808328,0.0
5.0,30.0,2.6101572156825332,1.8125,combined,66724.53737399561,0.0
5.0,30.0,2.6101572156825332,1.875,arca,15658.075576975207,0.0
5.0,30.0,2.6101572156825332,1.875,orca,56.14202480370668,0.0
5.0,30.0,2.6101572156825332,1.875,combined,14094.908702514746,0.0
5.0,30.0,2.6101572156825332,1.9375,arca,3412.588716306554,0.0
5.0,30.0,2.6101572156825332,1.9375,orca,56.82831224101244,0.0
5.0,30.0,2.6101572156825332,1.9375,combined,3298.144105837202,0.0
5.0,30.0,2.6101572156825332,2.0,arca,862.7440951896997,0.0
5.0,30.0,2.6101572156825332,2.0,orca,56.419142946512366,0.0
5.0,30.0,2.6101572156825332,2.0,combined,782.3267366624794,0.0
5.0,30.0,2.6101572156825332,2.0625,arca,231.40760729719923,0.0
5.0,30.0,2.6101572156825332,2.0625,orca,59.3875740467781,0.0
5.0,30.0,2.6101572156825332,2.0625,combined,197.58121887597818,0.0
5.0,30.0,2.6101572156825332,2.125,arca,80.15216989843029,0.0
5.0,30.0,2.6101572156825332,2.125,orca,53.30337287370965,0.0
5.0,30.0,2.6101572156825332,2.125,combined,78.53162041956477,0.0
5.0,30.0,2.6101572156825332,2.1875,arca,59.83093319966892,0.0
5.0,30.0,2.6101572156825332,2.1875,orca,54.454271004609275,0.0
5.0,30.0,2.6101572156825332,2.1875,combined,62.47498988097682,0.0
5.0,30.0,2.6101572156825332,2.25,arca,59.96367995620356,0.0
5.0,30.0,2.6101572156825332,2.25,orca,56.14201046203003,0.0
5.0,30.0,2.6101572156825332,2.25,combined,66.97381608213408,0.0
5.0,30.0,2.6101572156825332,2.3125,arca,58.279528052391726,0.0
5.0,30.0,2.6101572156825332,2.3125,orca,59.055044355060865,0.0
5.0,30.0,2.6101572156825332,2.3125,combined,56.73181236383844,0.0
5.0,30.0,2.6101572156825332,2.375,arca,58.485376067530574,0.0
5.0,30.0,2.6101572156825332,2.375,orca,55.26875798996952,0.0
5.0,30.0,2.6101572156825332,2.375,combined,60.80407775035159,0.0
5.0,30.0,2.6101572156825332,2.4375,arca,69.655553394153,0.0
5.0,30.0,2.6101572156825332,2.4375,orca,54.40605788280468,0.0
5.0,30.0,2.6101572156825332,2.4375,combined,58.30625127910965,0.0
5.0,30.0,2.6101572156825332,2.5,arca,63.4310433509621,0.0
5.0,30.0,2.6101572156825332,2.5,orca,60.01304467113958,0.0
5.0,30.0,2.6101572156825332,2.5,combined,63.89281248261179,0.0
5.0,30.0,2.6101572156825332,2.5625,arca,61.81333935631076,0.0
5.0,30.0,2.6101572156825332,2.5625,orca,63.98192090395481,0.0
5.0,30.0,2.6101572156825332,2.5625,combined,62.23558619010489,0.0
5.0,30.0,2.6101572156825332,2.625,arca,59.80924245621439,0.0
5.0,30.0,2.6101572156825332,2.625,orca,56.47748456854055,0.0
5.0,30.0,2.6101572156825332,2.625,combined,63.11382753386303,0.0
5.0,30.0,2.6101572156825332,2.6875,arca,53.36243694985659,0.0
5.0,30.0,2.6101572156825332,2.6875,orca,61.76365821043044,0.0
5.0,30.0,2.6101572156825332,2.6875,combined,66.83248028081645,0.0
5.0,30.0,2.6101572156825332,2.75,arca,68.48246420509778,0.0
5.0,30.0,2.6101572156825332,2.75,orca,69.97632582571777,0.0
5.0,30.0,2.6101572156825332,2.75,combined,62.52484534315078,0.0
5.0,30.0,2.6101572156825332,2.8125,arca,58.45693186274348,0.0
5.0,30.0,2.6101572156825332,2.8125,orca,62.2494582829968,0.0
5.0,30.0,2.6101572156825332,2.8125,combined,55.26136253141731,0.0
5.0,30.0,2.6101572156825332,2.875,arca,56.062646663326916,0.0
5.0,30.0,2.6101572156825332,2.875,orca,59.9375657275696,0.0
5.0,30.0,2.6101572156825332,2.875,combined,75.3029688364374,0.0
5.0,30.0,2.6101572156825332,2.9375,arca,64.67910128058948,0.0
5.0,30.0,2.6101572156825332,2.9375,orca,57.27131782945736,0.0
5.0,30.0,2.6101572156825332,2.9375,combined,59.10364917529425,0.0
5.0,30.0,2.6101572156825332,3.0,arca,68.53907703452478,0.0
5.0,30.0,2.6101572156825332,3.0,orca,63.24209488239367,0.0
5.0,30.0,2.6101572156825332,3.0,combined,81.62701729125767,0.0
5.0,30.0,7.498942093324558,1.5,arca,,
5.0,30.0,7.498942093324558,1.5,orca,943.3426636568846,0.0
5.0,30.0,7.498942093324558,1.5,combined,,
5.0,30.0,7.498942093324558,1.5625,arca,,
5.0,30.0,7.498942093324558,1.5625,orca,412.07046008963516,0.0
5.0,30.0,7.498942093324558,1.5625,combined,,
5.0,30.0,7.498942093324558,1.625,arca,,
5.0,30.0,7.498942093324558,1.625,orca,181.74436240271405,0.0
5.0,30.0,7.498942093324558,1.625,combined,,
5.0,30.0,7.498942093324558,1.6875,arca,,
5.0,30.0,7.498942093324558,1.6875,orca,92.24934025708691,0.0
5.0,30.0,7.498942093324558,1.6875,combined,,
5.0,30.0,7.498942093324558,1.75,arca,,
5.0,30.0,7.498942093324558,1.75,orca,62.94001587481574,0.0
5.0,30.0,7.498942093324558,1.75,combined,,
5.0,30.0,7.498942093324558,1.8125,arca,,
5.0,30.0,7.498942093324558,1.8125,orca,62.06157663245743,0.0
5.0,30.0,7.498942093324558,1.8125,combined,,
5.0,30.0,7.498942093324558,1.875,arca,133265.72678285482,0.0
5.0,30.0,7.498942093324558,1.875,orca,67.38538927632331,0.0
5.0,30.0,7.498942093324558,1.875,combined,118985.34012497088,0.0
5.0,30.0,7.498942093324558,1.9375,arca,29693.765946748794,0.0
5.0,30.0,7.498942093324558,1.9375,orca,66.23522329553408,0.0
5.0,30.0,7.498942093324558,1.9375,combined,26865.977761242895,0.0
5.0,30.0,7.498942093324558,2.0,arca,7174.29897452162,0.0
5.0,30.0,7.498942093324558,2.0,orca,52.066214599122446,0.0
5.0,30.0,7.498942093324558,2.0,combined,6328.791248947051,0.0
5.0,30.0,7.498942093324558,2.0625,arca,1696.8485680710878,0.0
5.0,30.0,7.498942093324558,2.0625,orca,55.19407428015023,0.0
5.0,30.0,7.498942093324558,2.0625,combined,1550.8990387038066,0.0
5.0,30.0,7.498942093324558,2.125,arca,468.3027776586374,0.0
5.0,30.0,7.498942093324558,2.125,orca,65.48790311456867,0.0
5.0,30.0,7.498942093324558,2.125,combined,420.29230222748464,0.0
5.0,30.0,7.498942093324558,2.1875,arca,136.42242186778537,0.0
5.0,30.0,7.498942093324558,2.1875,orca,59.52646615347987,0.0
5.0,30.0,7.498942093324558,2.1875,combined,119.18917165949456,0.0
5.0,30.0,7.498942093324558,2.25,arca,65.44829553888019,0.0
5.0,30.0,7.498942093324558,2.25,orca,57.53440461475071,0.0
5.0,30.0,7.498942093324558,2.25,combined,73.29440512799326,0.0
5.0,30.0,7.498942093324558,2.3125,arca,60.478646571909124,0.0
5.0,30.0,7.498942093324558,2.3125,orca,68.54430714682614,0.0
5.0,30.0,7.498942093324558,2.3125,combined,62.3851197878053,0.0
5.0,30.0,7.498942093324558,2.375,arca,58.1163186429052,0.0
5.0,30.0,7.498942093324558,2.375,orca,61.28397781257464,0.0
5.0,30.0,7.498942093324558,2.375,combined,60.86034177961108,0.0
5.0,30.0,7.498942093324558,2.4375,arca,54.3009226588932,0.0
5.0,30.0,7.498942093324558,2.4375,orca,57.435942967566724,0.0
5.0,30.0,7.498942093324558,2.4375,combined,69.51227856011393,0.0
5.0,30.0,7.498942093324558,2.5,arca,55.93631346068884,0.0
5.0,30.0,7.498942093324558,2.5,orca,66.32989254142183,0.0
5.0,30.0,7.498942093324558,2.5,combined,51.54713124274099,0.0
5.0,30.0,7.498942093324558,2.5625,arca,63.2667145843362,0.0
5.0,30.0,7.498942093324558,2.5625,orca,65.58436508748595,0.0
5.0,30.0,7.498942093324558,2.5625,combined,64.75141295418457,0.0
5.0,30.0,7.498942093324558,2.625,arca,59.72160611854683,0.0
5.0,30.0,7.498942093324558,2.625,orca,55.367557070923745,0.0
5.0,30.0,7.498942093324558,2.625,combined,58.51351993991783,0.0
5.0,30.0,7.498942093324558,2.6875,arca,68.89772210318114,0.0
5.0,30.0,7.498942093324558,2.6875,orca,60.96468253062902,0.0
5.0,30.0,7.498942093324558,2.6875,combined,57.36578657393494,0.0
5.0,30.0,7.498942093324558,2.75,arca,57.2198734707199,0.0
5.0,30.0,7.498942093324558,2.75,orca,70.73136707851734,0.0
5.0,30.0,7.498942093324558,2.75,combined,60.093762415574105,0.0
5.0,30.0,7.498942093324558,2.8125,arca,61.577886663545165,0.0
5.0,30.0,7.498942093324558,2.8125,orca,68.77552906177458,0.0
5.0,30.0,7.498942093324558,2.8125,combined,62.96832273069095,0.0
5.0,30.0,7.498942093324558,2.875,arca,63.47286791034442,0.0
5.0,30.0,7.498942093324558,2.875,orca,60.42633228840125,0.0
5.0,30.0,7.498942093324558,2.875,combined,59.837697096219884,0.0
5.0,30.0,7.498942093324558,2.9375,arca,57.909157412594325,0.0
5.0,30.0,7.498942093324558,2.9375,orca,59.13924050632911,0.0
5.0,30.0,7.498942093324558,2.9375,combined,56.9940318573725,0.0
5.0,30.0,7.498942093324558,3.0,arca,59.65582964813193,0.0
5.0,30.0,7.498942093324558,3.0,orca,68.13143104193686,0.0
5.0,30.0,7.498942093324558,3.0,combined,69.99014535528889,0.0
5.0,30.0,21.54434690031882,1.5,arca,,
5.0,30.0,21.54434690031882,1.5,orca,,
5.0,30.0,21.54434690031882,1.5,combined,,
5.0,30.0,21.54434690031882,1.5625,arca,,
5.0,30.0,21.54434690031882,1.5625,orca,,
5.0,30.0,21.54434690031882,1.5625,combined,,
5.0,30.0,21.54434690031882,1.625,arca,,
5.0,30.0,21.54434690031882,1.625,orca,1162.2625176803394,0.0
5.0,30.0,21.54434690031882,1.625,combined,,
5.0,30.0,21.54434690031882,1.6875,arca,,
5.0,30.0,21.54434690031882,1.6875,orca,479.52900481996016,0.0
5.0,30.0,21.54434690031882,1.6875,combined,,
5.0,30.0,21.54434690031882,1.75,arca,,
5.0,30.0,21.54434690031882,1.75,orca,197.40787181171632,0.0
5.0,30.0,21.54434690031882,1.75,combined,,
5.0,30.0,21.54434690031882,1.8125,arca,,
5.0,30.0,21.54434690031882,1.8125,orca,87.98486314232059,0.0
5.0,30.0,21.54434690031882,1.8125,combined,,
5.0,30.0,21.54434690031882,1.875,arca,,
5.0,30.0,21.54434690031882,1.875,orca,60.607955512682274,0.0
5.0,30.0,21.54434690031882,1.875,combined,,
5.0,30.0,21.54434690031882,1.9375,arca,249501.17816568856,0.0
5.0,30.0,21.54434690031882,1.9375,orca,66.74092498365503,0.0
5.0,30.0,21.54434690031882,1.9375,combined,226221.84075552545,0.0
5.0,30.0,21.54434690031882,2.0,arca,58784.54034176367,0.0
5.0,30.0,21.54434690031882,2.0,orca,55.46316565530539,0.0
5.0,30.0,21.54434690031882,2.0,combined,52565.909901134604,0.0
5.0,30.0,21.54434690031882,2.0625,arca,14536.581353993826,0.0
5.0,30.0,21.54434690031882,2.0625,orca,59.517542876359144,0.0
5.0,30.0,21.54434690031882,2.0625,combined,12568.134067930445,0.0
5.0,30.0,21.54434690031882,2.125,arca,3604.5392558164103,0.0
5.0,30.0,21.54434690031882,2.125,orca,54.3722631861457,0.0
5.0,30.0,21.54434690031882,2.125,combined,3399.7099491854606,0.0
5.0,30.0,21.54434690031882,2.1875,arca,971.5477490916171,0.0
5.0,30.0,21.54434690031882,2.1875,orca,54.194909315168324,0.0
5.0,30.0,21.54434690031882,2.1875,combined,909.6040990914933,0.0
5.0,30.0,21.54434690031882,2.25,arca,291.51000286974335,0.0
5.0,30.0,21.54434690031882,2.25,orca,76.93660606401215,0.0
5.0,30.0,21.54434690031882,2.25,combined,232.62118058742203,0.0
5.0,30.0,21.54434690031882,2.3125,arca,109.2767676034737,0.0
5.0,30.0,21.54434690031882,2.3125,orca,59.16328693760285,0.0
5.0,30.0,21.54434690031882,2.3125,combined,90.72993057592645,0.0
5.0,30.0,21.54434690031882,2.375,arca,60.21591103958633,0.0
5.0,30.0,21.54434690031882,2.375,orca,54.41410668736829,0.0
5.0,30.0,21.54434690031882,2.375,combined,73.48421943756118,0.0
5.0,30.0,21.54434690031882,2.4375,arca,61.59012511789574,0.0
5.0,30.0,21.54434690031882,2.4375,orca,54.93432953204877,0.0
5.0,30.0,21.54434690031882,2.4375,combined,62.54588951973658,0.0
5.0,30.0,21.54434690031882,2.5,arca,52.307627364588555,0.0
5.0,30.0,21.54434690031882,2.5,orca,54.38939278347601,0.0
5.0,30.0,21.54434690031882,2.5,combined,60.53881725421554,0.0
5.0,30.0,21.54434690031882,2.5625,arca,62.350406552317644,0.0
5.0,30.0,21.54434690031882,2.5625,orca,65.1439954467843,0.0
5.0,30.0,21.54434690031882,2.5625,combined,69.02530775498113,0.0
5.0,30.0,21.54434690031882,2.625,arca,56.309726517934266,0.0
5.0,30.0,21.54434690031882,2.625,orca,51.04013844276785,0.0
5.0,30.0,21.54434690031882,2.625,combined,68.07079739544497,0.0
5.0,30.0,21.54434690031882,2.6875,arca,62.88443655980636,0.0
5.0,30.0,21.54434690031882,2.6875,orca,54.124270180513136,0.0
5.0,30.0,21.54434690031882,2.6875,combined,65.5035527409367,0.0
5.0,30.0,21.54434690031882,2.75,arca,70.50412629121757,0.0
5.0,30.0,21.54434690031882,2.75,orca,60.173570068498236,0.0
5.0,30.0,21.54434690031882,2.75,combined,64.7124587764342,0.0
5.0,30.0,21.54434690031882,2.8125,arca,66.76429737349756,0.0
5.0,30.0,21.54434690031882,2.8125,orca,59.40750739169559,0.0
5.0,30.0,21.54434690031882,2.8125,combined,60.123479162765236,0.0
5.0,30.0,21.54434690031882,2.875,arca,62.492280907694024,0.0
5.0,30.0,21.54434690031882,2.875,orca,60.83647292438147,0.0
5.0,30.0,21.54434690031882,2.875,combined,54.71219604414301,0.0
5.0,30.0,21.54434690031882,2.9375,arca,60.211973741909745,0.0
5.0,30.0,21.54434690031882,2.9375,orca,65.20867936617462,0.0
5.0,30.0,21.54434690031882,2.9375,combined,70.85912966765889,0.0
5.0,30.0,21.54434690031882,3.0,arca,60.27383682614999,0.0
5.0,30.0,21.54434690031882,3.0,orca,56.061539564562764,0.0
5.0,30.0,21.54434690031882,3.0,combined,65.59563491834247,0.0
5.0,30.0,61.896581889125976,1.5,arca,,
5.0,30.0,61.896581889125976,1.5,orca,,
5.0,30.0,61.896581889125976,1.5,combined,,
5.0,30.0,61.896581889125976,1.5625,arca,,
5.0,30.0,61.896581889125976,1.5625,orca,,
5.0,30.0,61.896581889125976,1.5625,combined,,
5.0,30.0,61.896581889125976,1.625,arca,,
5.0,30.0,61.896581889125976,1.625,orca,,
5.0,30.0,61.896581889125976,1.625,combined,,
5.0,30.0,61.896581889125976,1.6875,arca,,
5.0,30.0,61.896581889125976,1.6875,orca,,
5.0,30.0,61.896581889125976,1.6875,combined,,
5.0,30.0,61.896581889125976,1.75,arca,,
5.0,30.0,61.896581889125976,1.75,orca,1277.7600715441615,0.0
5.0,30.0,61.896581889125976,1.75,combined,,
5.0,30.0,61.896581889125976,1.8125,arca,,
5.0,30.0,61.896581889125976,1.8125,orca,482.18396346105055,0.0
5.0,30.0,61.896581889125976,1.8125,combined,,
5.0,30.0,61.896581889125976,1.875,arca,,
5.0,30.0,61.896581889125976,1.875,orca,241.94957603165636,0.0
5.0,30.0,61.896581889125976,1.875,combined,,
5.0,30.0,61.896581889125976,1.9375,arca,,
5.0,30.0,61.896581889125976,1.9375,orca,119.86341907580238,0.0
5.0,30.0,61.896581889125976,1.9375,combined,,
5.0,30.0,61.896581889125976,2.0,arca,,
5.0,30.0,61.896581889125976,2.0,orca,73.485074838016,0.0
5.0,30.0,61.896581889125976,2.0,combined,,
5.0,30.0,61.896581889125976,2.0625,arca,119186.79502593979,0.0
5.0,30.0,61.896581889125976,2.0625,orca,69.39303412147812,0.0
5.0,30.0,61.896581889125976,2.0625,combined,108724.12116647227,0.0
5.0,30.0,61.896581889125976,2.125,arca,30997.239247080615,0.0
5.0,30.0,61.896581889125976,2.125,orca,61.03466312307388,0.0
5.0,30.0,61.896581889125976,2.125,combined,27624.055684903196,0.0
5.0,30.0,61.896581889125976,2.1875,arca,7671.117153512523,0.0
5.0,30.0,61.896581889125976,2.1875,orca,55.56693620844564,0.0
5.0,30.0,61.896581889125976,2.1875,combined,7362.076771104639,0.0
5.0,30.0,61.896581889125976,2.25,arca,2118.638468646865,0.0
5.0,30.0,61.896581889125976,2.25,orca,69.90722289649722,0.0
5.0,30.0,61.896581889125976,2.25,combined,1895.4957655495305,0.0
5.0,30.0,61.896581889125976,2.3125,arca,596.0579534208616,0.0
5.0,30.0,61.896581889125976,2.3125,orca,53.50262672156751,0.0
5.0,30.0,61.896581889125976,2.3125,combined,498.00405544817454,0.0
5.0,30.0,61.896581889125976,2.375,arca,186.92672364033368,0.0
5.0,30.0,61.896581889125976,2.375,orca,49.65534398888118,0.0
5.0,30.0,61.896581889125976,2.375,combined,201.22135969470082,0.0
5.0,30.0,61.896581889125976,2.4375,arca,83.8449645128097,0.0
5.0,30.0,61.896581889125976,2.4375,orca,55.13944090783282,0.0
5.0,30.0,61.896581889125976,2.4375,combined,96.2871183369943,0.0
5.0,30.0,61.896581889125976,2.5,arca,64.42004109674889,0.0
5.0,30.0,61.896581889125976,2.5,orca,59.971360645767675,0.0
5.0,30.0,61.896581889125976,2.5,combined,61.72124873940137,0.0
5.0,30.0,61.896581889125976,2.5625,arca,62.56953050543958,0.0
5.0,30.0,61.896581889125976,2.5625,orca,59.205624661979456,0.0
5.0,30.0,61.896581889125976,2.5625,combined,61.70169125371767,0.0
5.0,30.0,61.896581889125976,2.625,arca,56.00232134849246,0.0
5.0,30.0,61.896581889125976,2.625,orca,59.304271246147074,0.0
5.0,30.0,61.896581889125976,2.625,combined,70.13480992439571,0.0
5.0,30.0,61.896581889125976,2.6875,arca,58.605112259332415,0.0
5.0,30.0,61.896581889125976,2.6875,orca,61.799320100888245,0.0
5.0,30.0,61.896581889125976,2.6875,combined,56.87349796574888,0.0
5.0,30.0,61.896581889125976,2.75,arca,58.49924320616779,0.0
5.0,30.0,61.896581889125976,2.75,orca,73.18664129613566,0.0
5.0,30.0,61.896581889125976,2.75,combined,73.68179296864682,0.0
5.0,30.0,61.896581889125976,2.8125,arca,64.23229618687101,0.0
5.0,30.0,61.896581889125976,2.8125,orca,69.68044307435079,0.0
5.0,30.0,61.896581889125976,2.8125,combined,58.401489003286656,0.0
5.0,30.0,61.896581889125976,2.875,arca,58.3244326912297,0.0
5.0,30.0,61.896581889125976,2.875,orca,66.3296706256228,0.0
5.0,30.0,61.896581889125976,2.875,combined,57.79895430833201,0.0
5.0,30.0,61.896581889125976,2.9375,arca,72.66169269072861,0.0
5.0,30.0,61.896581889125976,2.9375,orca,57.46091644204851,0.0
5.0,30.0,61.896581889125976,2.9375,combined,59.23425090372753,0.0
5.0,30.0,61.896581889125976,3.0,arca,65.25785352827731,0.0
5.0,30.0,61.896581889125976,3.0,orca,62.9222792330543,0.0
5.0,30.0,61.896581889125976,3.0,combined,67.41198673158081,0.0
5.0,30.0,177.82794100389228,1.5,arca,,
5.0,30.0,177.82794100389228,1.5,orca,,
5.0,30.0,177.82794100389228,1.5,combined,,
5.0,30.0,177.82794100389228,1.5625,arca,,
5.0,30.0,177.82794100389228,1.5625,orca,,
5.0,30.0,177.82794100389228,1.5625,combined,,
5.0,30.0,177.82794100389228,1.625,arca,,
5.0,30.0,177.82794100389228,1.625,orca,,
5.0,30.0,177.82794100389228,1.625,combined,,
5.0,30.0,177.82794100389228,1.6875,arca,,
5.0,30.0,177.82794100389228,1.6875,orca,,
5.0,30.0,177.82794100389228,1.6875,combined,,
5.0,30.0,177.82794100389228,1.75,arca,,
5.0,30.0,177.82794100389228,1.75,orca,,
5.0,30.0,177.82794100389228,1.75,combined,,
5.0,30.0,177.82794100389228,1.8125,arca,,
5.0,30.0,177.82794100389228,1.8125,orca,,
5.0,30.0,177.82794100389228,1.8125,combined,,
5.0,30.0,177.82794100389228,1.875,arca,,
5.0,30.0,177.82794100389228,1.875,orca,1645.3676831504415,0.0
5.0,30.0,177.82794100389228,1.875,combined,,
5.0,30.0,177.82794100389228,1.9375,arca,,
5.0,30.0,177.82794100389228,1.9375,orca,600.4675915396862,0.0
5.0,30.0,177.82794100389228,1.9375,combined,,
5.0,30.0,177.82794100389228,2.0,arca,,
5.0,30.0,177.82794100389228,2.0,orca,338.0646774603712,0.0
5.0,30.0,177.82794100389228,2.0,combined,,
5.0,30.0,177.82794100389228,2.0625,arca,,
5.0,30.0,177.82794100389228,2.0625,orca,140.76921320086785,0.0
5.0,30.0,177.82794100389228,2.0625,combined,,
5.0,30.0,177.82794100389228,2.125,arca,252560.5788018403,0.0
5.0,30.0,177.82794100389228,2.125,orca,72.21038313307642,0.0
5.0,30.0,177.82794100389228,2.125,combined,228803.53150396474,0.0
5.0,30.0,177.82794100389228,2.1875,arca,66911.59778901134,0.0
5.0,30.0,177.82794100389228,2.1875,orca,66.01725848046021,0.0
5.0,30.0,177.82794100389228,2.1875,combined,60778.55785918917,0.0
5.0,30.0,177.82794100389228,2.25,arca,17991.348278347585,0.0
5.0,30.0,177.82794100389228,2.25,orca,61.509605547345686,0.0
5.0,30.0,177.82794100389228,2.25,combined,16533.137448363996,0.0
5.0,30.0,177.82794100389228,2.3125,arca,5093.886393659181,0.0
5.0,30.0,177.82794100389228,2.3125,orca,59.53338232800046,0.0
5.0,30.0,177.82794100389228,2.3125,combined,4567.775394762251,0.0
5.0,30.0,177.82794100389228,2.375,arca,1503.4234539944941,0.0
5.0,30.0,177.82794100389228,2.375,orca,54.070103794452955,0.0
5.0,30.0,177.82794100389228,2.375,combined,1352.8049123473236,0.0
5.0,30.0,177.82794100389228,2.4375,arca,472.87748516981304,0.0
5.0,30.0,177.82794100389228,2.4375,orca,62.33234285714284,0.0
5.0,30.0,177.82794100389228,2.4375,combined,394.7177814851142,0.0
5.0,30.0,177.82794100389228,2.5,arca,173.4869433265158,0.0
5.0,30.0,177.82794100389228,2.5,orca,60.32127653654601,0.0
5.0,30.0,177.82794100389228,2.5,combined,127.41468128115903,0.0
5.0,30.0,177.82794100389228,2.5625,arca,80.06785363247158,0.0
5.0,30.0,177.82794100389228,2.5625,orca,59.2863855080668,0.0
5.0,30.0,177.82794100389228,2.5625,combined,76.61328605242966,0.0
5.0,30.0,177.82794100389228,2.625,arca,62.010608303957426,0.0
5.0,30.0,177.82794100389228,2.625,orca,61.40316097454267,0.0
5.0,30.0,177.82794100389228,2.625,combined,56.150928215625264,0.0
5.0,30.0,177.82794100389228,2.6875,arca,60.038092725713916,0.0
5.0,30.0,177.82794100389228,2.6875,orca,58.7930282630618,0.0
5.0,30.0,177.82794100389228,2.6875,combined,59.71913167896531,0.0
5.0,30.0,177.82794100389228,2.75,arca,79.09000583682608,0.0
5.0,30.0,177.82794100389228,2.75,orca,62.05037560760052,0.0
5.0,30.0,177.82794100389228,2.75,combined,57.03714355032456,0.0
5.0,30.0,177.82794100389228,2.8125,arca,60.133366529594696,0.0
5.0,30.0,177.82794100389228,2.8125,orca,59.73022518954396,0.0
5.0,30.0,177.82794100389228,2.8125,combined,62.707914396450036,0.0
5.0,30.0,177.82794100389228,2.875,arca,57.70060379822388,0.0
5.0,30.0,177.82794100389228,2.875,orca,56.36343752595588,0.0
5.0,30.0,177.82794100389228,2.875,combined,63.722578619705125,0.0
5.0,30.0,177.82794100389228,2.9375,arca,62.621643011660424,0.0
5.0,30.0,177.82794100389228,2.9375,orca,54.67352668520727,0.0
5.0,30.0,177.82794100389228,2.9375,combined,60.04602208965803,0.0
5.0,30.0,177.82794100389228,3.0,arca,62.63225083248162,0.0
5.0,30.0,177.82794100389228,3.0,orca,57.07737594617326,0.0
5.0,30.0,177.82794100389228,3.0,combined,66.66648180160833,0.0
5.0,30.0,510.8969774506914,1.5,arca,,
5.0,30.0,510.8969774506914,1.5,orca,,
5.0,30.0,510.8969774506914,1.5,combined,,
5.0,30.0,510.8969774506914,1.5625,arca,,
5.0,30.0,510.8969774506914,1.5625,orca,,
5.0,30.0,510.8969774506914,1.5625,combined,,
5.0,30.0,510.8969774506914,1.625,arca,,
5.0,30.0,510.8969774506914,1.625,orca,,
5.0,30.0,510.8969774506914,1.625,combined,,
5.0,30.0,510.8969774506914,1.6875,arca,,
5.0,30.0,510.8969774506914,1.6875,orca,,
5.0,30.0,510.8969774506914,1.6875,combined,,
5.0,30.0,510.8969774506914,1.75,arca,,
5.0,30.0,510.8969774506914,1.75,orca,,
5.0,30.0,510.8969774506914,1.75,combined,,
5.0,30.0,510.8969774506914,1.8125,arca,,
5.0,30.0,510.8969774506914,1.8125,orca,,
5.0,30.0,510.8969774506914,1.8125,combined,,
5.0,30.0,510.8969774506914,1.875,arca,,
5.0,30.0,510.8969774506914,1.875,orca,,
5.0,30.0,510.8969774506914,1.875,combined,,
5.0,30.0,510.8969774506914,1.9375,arca,,
5.0,30.0,510.8969774506914,1.9375,orca,,
5.0,30.0,510.8969774506914,1.9375,combined,,
5.0,30.0,510.8969774506914,2.0,arca,,
5.0,30.0,510.8969774506914,2.0,orca,1845.9996907593263,0.0
5.0,30.0,510.8969774506914,2.0,combined,,
5.0,30.0,510.8969774506914,2.0625,arca,,
5.0,30.0,510.8969774506914,2.0625,orca,772.3215320793316,0.0
5.0,30.0,510.8969774506914,2.0625,combined,,
5.0,30.0,510.8969774506914,2.125,arca,,
5.0,30.0,510.8969774506914,2.125,orca,399.86055979643766,0.0
5.0,30.0,510.8969774506914,2.125,combined,,
5.0,30.0,510.8969774506914,2.1875,arca,,
5.0,30.0,510.8969774506914,2.1875,orca,201.53141383512337,0.0
5.0,30.0,510.8969774506914,2.1875,combined,,
5.0,30.0,510.8969774506914,2.25,arca,152558.9783793846,0.0
5.0,30.0,510.8969774506914,2.25,orca,130.3082141443835,0.0
5.0,30.0,510.8969774506914,2.25,combined,136496.17641612559,0.0
5.0,30.0,510.8969774506914,2.3125,arca,42695.80892343959,0.0
5.0,30.0,510.8969774506914,2.3125,orca,61.68985902683037,0.0
5.0,30.0,510.8969774506914,2.3125,combined,38926.12158862075,0.0
5.0,30.0,510.8969774506914,2.375,arca,12836.509384202021,0.0
5.0,30.0,510.8969774506914,2.375,orca,66.60941269976439,0.0
5.0,30.0,510.8969774506914,2.375,combined,11800.042214331694,0.0
5.0,30.0,510.8969774506914,2.4375,arca,3815.4487498225353,0.0
5.0,30.0,510.8969774506914,2.4375,orca,57.92791537520971,0.0
5.0,30.0,510.8969774506914,2.4375,combined,3509.0643899601746,0.0
5.0,30.0,510.8969774506914,2.5,arca,1199.051505941597,0.0
5.0,30.0,510.8969774506914,2.5,orca,52.30901815063599,0.0
5.0,30.0,510.8969774506914,2.5,combined,1099.6325131507938,0.0
5.0,30.0,510.8969774506914,2.5625,arca,400.47710874377685,0.0
5.0,30.0,510.8969774506914,2.5625,orca,60.73645839266388,0.0
5.0,30.0,510.8969774506914,2.5625,combined,429.3538213464228,0.0
5.0,30.0,510.8969774506914,2.625,arca,127.81050714837072,0.0
5.0,30.0,510.8969774506914,2.625,orca,60.10687608281973,0.0
5.0,30.0,510.8969774506914,2.625,combined,150.05189324174827,0.0
5.0,30.0,510.8969774506914,2.6875,arca,90.17518606821454,0.0
5.0,30.0,510.8969774506914,2.6875,orca,55.321094032298404,0.0
5.0,30.0,510.8969774506914,2.6875,combined,69.26751490583067,0.0
5.0,30.0,510.8969774506914,2.75,arca,60.49846673305327,0.0
5.0,30.0,510.8969774506914,2.75,orca,59.8755355192787,0.0
5.0,30.0,510.8969774506914,2.75,combined,64.81068084778786,0.0
5.0,30.0,510.8969774506914,2.8125,arca,63.22887994010692,0.0
5.0,30.0,510.8969774506914,2.8125,orca,55.55990030462475,0.0
5.0,30.0,510.8969774506914,2.8125,combined,66.40024627625564,0.0
5.0,30.0,510.8969774506914,2.875,arca,56.18191890679823,0.0
5.0,30.0,510.8969774506914,2.875,orca,54.27862380146645,0.0
5.0,30.0,510.8969774506914,2.875,combined,60.243622712896446,0.0
5.0,30.0,510.8969774506914,2.9375,arca,61.25447782848401,0.0
5.0,30.0,510.8969774506914,2.9375,orca,58.93504042367392,0.0
5.0,30.0,510.8969774506914,2.9375,combined,56.788916209570644,0.0
5.0,30.0,510.8969774506914,3.0,arca,65.11304614511985,0.0
5.0,30.0,510.8969774506914,3.0,orca,64.55974878035104,0.0
5.0,30.0,510.8969774506914,3.0,combined,56.237585018443426,0.0
5.0,30.0,1467.7992676220676,1.5,arca,,
5.0,30.0,1467.7992676220676,1.5,orca,,
5.0,30.0,1467.7992676220676,1.5,combined,,
5.0,30.0,1467.7992676220676,1.5625,arca,,
5.0,30.0,1467.7992676220676,1.5625,orca,,
5.0,30.0,1467.7992676220676,1.5625,combined,,
5.0,30.0,1467.7992676220676,1.625,arca,,
5.0,30.0,1467.7992676220676,1.625,orca,,
5.0,30.0,1467.7992676220676,1.625,combined,,
5.0,30.0,1467.7992676220676,1.6875,arca,,
5.0,30.0,1467.7992676220676,1.6875,orca,,
5.0,30.0,1467.7992676220676,1.6875,combined,,
5.0,30.0,1467.7992676220676,1.75,arca,,
5.0,30.0,1467.7992676220676,1.75,orca,,
5.0,30.0,1467.7992676220676,1.75,combined,,
5.0,30.0,1467.7992676220676,1.8125,arca,,
5.0,30.0,1467.7992676220676,1.8125,orca,,
5.0,30.0,1467.7992676220676,1.8125,combined,,
5.0,30.0,1467.7992676220676,1.875,arca,,
5.0,30.0,1467.7992676220676,1.875,orca,,
5.0,30.0,1467.7992676220676,1.875,combined,,
5.0,30.0,1467.7992676220676,1.9375,arca,,
5.0,30.0,1467.7992676220676,1.9375,orca,,
5.0,30.0,1467.7992676220676,1.9375,combined,,
5.0,30.0,1467.7992676220676,2.0,arca,,
5.0,30.0,1467.7992676220676,2.0,orca,,
5.0,30.0,1467.7992676220676,2.0,combined,,
5.0,30.0,1467.7992676220676,2.0625,arca,,
5.0,30.0,1467.7992676220676,2.0625,orca,,
5.0,30.0,1467.7992676220676,2.0625,combined,,
5.0,30.0,1467.7992676220676,2.125,arca,,
5.0,30.0,1467.7992676220676,2.125,orca,2703.843367432501,0.0
5.0,30.0,1467.7992676220676,2.125,combined,,
5.0,30.0,1467.7992676220676,2.1875,arca,,
5.0,30.0,1467.7992676220676,2.1875,orca,1102.4177193916134,0.0
5.0,30.0,1467.7992676220676,2.1875,combined,,
5.0,30.0,1467.7992676220676,2.25,arca,,
5.0,30.0,1467.7992676220676,2.25,orca,616.8022504864773,0.0
5.0,30.0,1467.7992676220676,2.25,combined,,
5.0,30.0,1467.7992676220676,2.3125,arca,,
5.0,30.0,1467.7992676220676,2.3125,orca,265.63198546115404,0.0
5.0,30.0,1467.7992676220676,2.3125,combined,,
5.0,30.0,1467.7992676220676,2.375,arca,104814.60779861434,0.0
5.0,30.0,1467.7992676220676,2.375,orca,173.1861313868613,0.0
5.0,30.0,1467.7992676220676,2.375,combined,95340.37680294915,0.0
5.0,30.0,1467.7992676220676,2.4375,arca,30761.91445251996,0.0
5.0,30.0,1467.7992676220676,2.4375,orca,121.76277372262774,0.0
5.0,30.0,1467.7992676220676,2.4375,combined,28695.210297925536,0.0
5.0,30.0,1467.7992676220676,2.5,arca,9646.838320820556,0.0
5.0,30.0,1467.7992676220676,2.5,orca,73.04146521813323,0.0
5.0,30.0,1467.7992676220676,2.5,combined,9032.41968871896,0.0
5.0,30.0,1467.7992676220676,2.5625,arca,2987.201771676291,0.0
5.0,30.0,1467.7992676220676,2.5625,orca,78.64901355826657,0.0
5.0,30.0,1467.7992676220676,2.5625,combined,3110.1179227096127,0.0
5.0,30.0,1467.7992676220676,2.625,arca,970.5277489087507,0.0
5.0,30.0,1467.7992676220676,2.625,orca,54.300758742655034,0.0
5.0,30.0,1467.7992676220676,2.625,combined,998.9204547813426,0.0
5.0,30.0,1467.7992676220676,2.6875,arca,364.8261512024091,0.0
5.0,30.0,1467.7992676220676,2.6875,orca,58.789808917197455,0.0
5.0,30.0,1467.7992676220676,2.6875,combined,364.49339222719584,0.0
5.0,30.0,1467.7992676220676,2.75,arca,151.6965456050716,0.0
5.0,30.0,1467.7992676220676,2.75,orca,56.91683224524553,0.0
5.0,30.0,1467.7992676220676,2.75,combined,138.92710572427308,0.0
5.0,30.0,1467.7992676220676,2.8125,arca,66.26408099996702,0.0
5.0,30.0,1467.7992676220676,2.8125,orca,62.77078740602566,0.0
5.0,30.0,1467.7992676220676,2.8125,combined,99.12533122064265,0.0
5.0,30.0,1467.7992676220676,2.875,arca,61.52532820646421,0.0
5.0,30.0,1467.7992676220676,2.875,orca,57.13249730465867,0.0
5.0,30.0,1467.7992676220676,2.875,combined,64.00431673446153,0.0
5.0,30.0,1467.7992676220676,2.9375,arca,58.78675505425282,0.0
5.0,30.0,1467.7992676220676,2.9375,orca,50.7434715390021,0.0
5.0,30.0,1467.7992676220676,2.9375,combined,52.86538774664357,0.0
5.0,30.0,1467.7992676220676,3.0,arca,59.821647040201555,0.0
5.0,30.0,1467.7992676220676,3.0,orca,63.08895792149111,0.0
5.0,30.0,1467.7992676220676,3.0,combined,58.92722658832388,0.0
5.0,30.0,4216.965034285822,1.5,arca,,
5.0,30.0,4216.965034285822,1.5,orca,,
5.0,30.0,4216.965034285822,1.5,combined,,
5.0,30.0,4216.965034285822,1.5625,arca,,
5.0,30.0,4216.965034285822,1.5625,orca,,
5.0,30.0,4216.965034285822,1.5625,combined,,
5.0,30.0,4216.965034285822,1.625,arca,,
5.0,30.0,4216.965034285822,1.625,orca,,
5.0,30.0,4216.965034285822,1.625,combined,,
5.0,30.0,4216.965034285822,1.6875,arca,,
5.0,30.0,4216.965034285822,1.6875,orca,,
5.0,30.0,4216.965034285822,1.6875,combined,,
5.0,30.0,4216.965034285822,1.75,arca,,
5.0,30.0,4216.965034285822,1.75,orca,,
5.0,30.0,4216.965034285822,1.75,combined,,
5.0,30.0,4216.965034285822,1.8125,arca,,
5.0,30.0,4216.965034285822,1.8125,orca,,
5.0,30.0,4216.965034285822,1.8125,combined,,
5.0,30.0,4216.965034285822,1.875,arca,,
5.0,30.0,4216.965034285822,1.875,orca,,
5.0,30.0,4216.965034285822,1.875,combined,,
5.0,30.0,4216.965034285822,1.9375,arca,,
5.0,30.0,4216.965034285822,1.9375,orca,,
5.0,30.0,4216.965034285822,1.9375,combined,,
5.0,30.0,4216.965034285822,2.0,arca,,
5.0,30.0,4216.965034285822,2.0,orca,,
5.0,30.0,4216.965034285822,2.0,combined,,
5.0,30.0,4216.965034285822,2.0625,arca,,
5.0,30.0,4216.965034285822,2.0625,orca,,
5.0,30.0,4216.965034285822,2.0625,combined,,
5.0,30.0,4216.965034285822,2.125,arca,,
5.0,30.0,4216.965034285822,2.125,orca,,
5.0,30.0,4216.965034285822,2.125,combined,,
5.0,30.0,4216.965034285822,2.1875,arca,,
5.0,30.0,4216.965034285822,2.1875,orca,,
5.0,30.0,4216.965034285822,2.1875,combined,,
5.0,30.0,4216.965034285822,2.25,arca,,
5.0,30.0,4216.965034285822,2.25,orca,,
5.0,30.0,4216.965034285822,2.25,combined,,
5.0,30.0,4216.965034285822,2.3125,arca,,
5.0,30.0,4216.965034285822,2.3125,orca,1924.007178911946,0.0
5.0,30.0,4216.965034285822,2.3125,combined,,
5.0,30.0,4216.965034285822,2.375,arca,,
5.0,30.0,4216.965034285822,2.375,orca,968.2500993358685,0.0
5.0,30.0,4216.965034285822,2.375,combined,,
5.0,30.0,4216.965034285822,2.4375,arca,264872.0203070728,0.0
5.0,30.0,4216.965034285822,2.4375,orca,489.7581818181817,0.0
5.0,30.0,4216.965034285822,2.4375,combined,244917.72315589827,0.0
5.0,30.0,4216.965034285822,2.5,arca,81386.91306020133,0.0
5.0,30.0,4216.965034285822,2.5,orca,307.22526369369115,0.0
5.0,30.0,4216.965034285822,2.5,combined,75382.33118771756,0.0
5.0,30.0,4216.965034285822,2.5625,arca,25525.373963894235,0.0
5.0,30.0,4216.965034285822,2.5625,orca,160.21080743224047,0.0
5.0,30.0,4216.965034285822,2.5625,combined,24772.407045545096,0.0
5.0,30.0,4216.965034285822,2.625,arca,8165.483179761552,0.0
5.0,30.0,4216.965034285822,2.625,orca,108.20505036175342,0.0
5.0,30.0,4216.965034285822,2.625,combined,8156.631196954309,0.0
5.0,30.0,4216.965034285822,2.6875,arca,2872.061855159549,0.0
5.0,30.0,4216.965034285822,2.6875,orca,86.98077745771899,0.0
5.0,30.0,4216.965034285822,2.6875,combined,2790.6636907588563,0.0
5.0,30.0,4216.965034285822,2.75,arca,893.6862610531871,0.0
5.0,30.0,4216.965034285822,2.75,orca,79.82195128882827,0.0
5.0,30.0,4216.965034285822,2.75,combined,912.1203591411688,0.0
5.0,30.0,4216.965034285822,2.8125,arca,355.6474836283259,0.0
5.0,30.0,4216.965034285822,2.8125,orca,63.47975184268192,0.0
5.0,30.0,4216.965034285822,2.8125,combined,411.49751226068304,0.0
5.0,30.0,4216.965034285822,2.875,arca,167.42477432462294,0.0
5.0,30.0,4216.965034285822,2.875,orca,66.07283936522434,0.0
5.0,30.0,4216.965034285822,2.875,combined,182.58378545225742,0.0
5.0,30.0,4216.965034285822,2.9375,arca,58.93005526465041,0.0
5.0,30.0,4216.965034285822,2.9375,orca,55.00895497169893,0.0
5.0,30.0,4216.965034285822,2.9375,combined,71.38542859346356,0.0
5.0,30.0,4216.965034285822,3.0,arca,58.266650836993946,0.0
5.0,30.0,4216.965034285822,3.0,orca,57.65318835655227,0.0
5.0,30.0,4216.965034285822,3.0,combined,63.52441573923332,0.0
5.0,30.0,12115.276586285852,1.5,arca,,
5.0,30.0,12115.276586285852,1.5,orca,,
5.0,30.0,12115.276586285852,1.5,combined,,
5.0,30.0,12115.276586285852,1.5625,arca,,
5.0,30.0,12115.276586285852,1.5625,orca,,
5.0,30.0,12115.276586285852,1.5625,combined,,
5.0,30.0,12115.276586285852,1.625,arca,,
5.0,30.0,12115.276586285852,1.625,orca,,
5.0,30.0,12115.276586285852,1.625,combined,,
5.0,30.0,12115.276586285852,1.6875,arca,,
5.0,30.0,12115.276586285852,1.6875,orca,,
5.0,30.0,12115.276586285852,1.6875,combined,,
5.0,30.0,12115.276586285852,1.75,arca,,
5.0,30.0,12115.276586285852,1.75,orca,,
5.0,30.0,12115.276586285852,1.75,combined,,
5.0,30.0,12115.276586285852,1.8125,arca,,
5.0,30.0,12115.276586285852,1.8125,orca,,
5.0,30.0,12115.276586285852,1.8125,combined,,
5.0,30.0,12115.276586285852,1.875,arca,,
5.0,30.0,12115.276586285852,1.875,orca,,
5.0,30.0,12115.276586285852,1.875,combined,,
5.0,30.0,12115.276586285852,1.9375,arca,,
5.0,30.0,12115.276586285852,1.9375,orca,,
5.0,30.0,12115.276586285852,1.9375,combined,,
5.0,30.0,12115.276586285852,2.0,arca,,
5.0,30.0,12115.276586285852,2.0,orca,,
5.0,30.0,12115.276586285852,2.0,combined,,
5.0,30.0,12115.276586285852,2.0625,arca,,
5.0,30.0,12115.276586285852,2.0625,orca,,
5.0,30.0,12115.276586285852,2.0625,combined,,
5.0,30.0,12115.276586285852,2.125,arca,,
5.0,30.0,12115.276586285852,2.125,orca,,
5.0,30.0,12115.276586285852,2.125,combined,,
5.0,30.0,12115.276586285852,2.1875,arca,,
5.0,30.0,12115.276586285852,2.1875,orca,,
5.0,30.0,12115.276586285852,2.1875,combined,,
5.0,30.0,12115.276586285852,2.25,arca,,
5.0,30.0,12115.276586285852,2.25,orca,,
5.0,30.0,12115.276586285852,2.25,combined,,
5.0,30.0,12115.276586285852,2.3125,arca,,
5.0,30.0,12115.276586285852,2.3125,orca,,
5.0,30.0,12115.276586285852,2.3125,combined,,
5.0,30.0,12115.276586285852,2.375,arca,,
5.0,30.0,12115.276586285852,2.375,orca,,
5.0,30.0,12115.276586285852,2.375,combined,,
5.0,30.0,12115.276586285852,2.4375,arca,,
5.0,30.0,12115.276586285852,2.4375,orca,3686.7958649859474,0.0
5.0,30.0,12115.276586285852,2.4375,combined,,
5.0,30.0,12115.276586285852,2.5,arca,,
5.0,30.0,12115.276586285852,2.5,orca,2008.278419742033,0.0
5.0,30.0,12115.276586285852,2.5,combined,,
5.0,30.0,12115.276586285852,2.5625,arca,217522.12787029275,0.0
5.0,30.0,12115.276586285852,2.5625,orca,979.786394634504,0.0
5.0,30.0,12115.276586285852,2.5625,combined,205280.70281580678,0.0
5.0,30.0,12115.276586285852,2.625,arca,69454.72265521447,0.0
5.0,30.0,12115.276586285852,2.625,orca,648.5637839208724,0.0
5.0,30.0,12115.276586285852,2.625,combined,66646.19237034499,0.0
5.0,30.0,12115.276586285852,2.6875,arca,23046.562937167015,0.0
5.0,30.0,12115.276586285852,2.6875,orca,369.75546641053165,0.0
5.0,30.0,12115.276586285852,2.6875,combined,23114.130552153078,0.0
5.0,30.0,12115.276586285852,2.75,arca,8179.964394004453,0.0
5.0,30.0,12115.276586285852,2.75,orca,280.79717557468814,0.0
5.0,30.0,12115.276586285852,2.75,combined,8116.484487412076,0.0
5.0,30.0,12115.276586285852,2.8125,arca,2940.6820983476673,0.0
5.0,30.0,12115.276586285852,2.8125,orca,138.64560845358486,0.0
5.0,30.0,12115.276586285852,2.8125,combined,2867.2550355089816,0.0
5.0,30.0,12115.276586285852,2.875,arca,1044.658535619661,0.0
5.0,30.0,12115.276586285852,2.875,orca,152.5306684849001,0.0
5.0,30.0,12115.276586285852,2.875,combined,1047.161521486368,0.0
5.0,30.0,12115.276586285852,2.9375,arca,381.44845206089497,0.0
5.0,30.0,12115.276586285852,2.9375,orca,122.90848448721223,0.0
5.0,30.0,12115.276586285852,2.9375,combined,488.96687922281006,0.0
5.0,30.0,12115.276586285852,3.0,arca,142.28247089475943,0.0
5.0,30.0,12115.276586285852,3.0,orca,123.12427861265067,0.0
5.0,30.0,12115.276586285852,3.0,combined,211.64446178171062,0.0
5.0,30.0,34807.00588428406,1.5,arca,,
5.0,30.0,34807.00588428406,1.5,orca,,
5.0,30.0,34807.00588428406,1.5,combined,,
5.0,30.0,34807.00588428406,1.5625,arca,,
5.0,30.0,34807.00588428406,1.5625,orca,,
5.0,30.0,34807.00588428406,1.5625,combined,,
5.0,30.0,34807.00588428406,1.625,arca,,
5.0,30.0,34807.00588428406,1.625,orca,,
5.0,30.0,34807.00588428406,1.625,combined,,
5.0,30.0,34807.00588428406,1.6875,arca,,
5.0,30.0,34807.00588428406,1.6875,orca,,
5.0,30.0,34807.00588428406,1.6875,combined,,
5.0,30.0,34807.00588428406,1.75,arca,,
5.0,30.0,34807.00588428406,1.75,orca,,
5.0,30.0,34807.00588428406,1.75,combined,,
5.0,30.0,34807.00588428406,1.8125,arca,,
5.0,30.0,34807.00588428406,1.8125,orca,,
5.0,30.0,34807.00588428406,1.8125,combined,,
5.0,30.0,34807.00588428406,1.875,arca,,
5.0,30.0,34807.00588428406,1.875,orca,,
5.0,30.0,34807.00588428406,1.875,combined,,
5.0,30.0,34807.00588428406,1.9375,arca,,
5.0,30.0,34807.00588428406,1.9375,orca,,
5.0,30.0,34807.00588428406,1.9375,combined,,
5.0,30.0,34807.00588428406,2.0,arca,,
5.0,30.0,34807.00588428406,2.0,orca,,
5.0,30.0,34807.00588428406,2.0,combined,,
5.0,30.0,34807.00588428406,2.0625,arca,,
5.0,30.0,34807.00588428406,2.0625,orca,,
5.0,30.0,34807.00588428406,2.0625,combined,,
5.0,30.0,34807.00588428406,2.125,arca,,
5.0,30.0,34807.00588428406,2.125,orca,,
5.0,30.0,34807.00588428406,2.125,combined,,
5.0,30.0,34807.00588428406,2.1875,arca,,
5.0,30.0,34807.00588428406,2.1875,orca,,
5.0,30.0,34807.00588428406,2.1875,combined,,
5.0,30.0,34807.00588428406,2.25,arca,,
5.0,30.0,34807.00588428406,2.25,orca,,
5.0,30.0,34807.00588428406,2.25,combined,,
5.0,30.0,34807.00588428406,2.3125,arca,,
5.0,30.0,34807.00588428406,2.3125,orca,,
5.0,30.0,34807.00588428406,2.3125,combined,,
5.0,30.0,34807.00588428406,2.375,arca,,
5.0,30.0,34807.00588428406,2.375,orca,,
5.0,30.0,34807.00588428406,2.375,combined,,
5.0,30.0,34807.00588428406,2.4375,arca,,
5.0,30.0,34807.00588428406,2.4375,orca,,
5.0,30.0,34807.00588428406,2.4375,combined,,
5.0,30.0,34807.00588428406,2.5,arca,,
5.0,30.0,34807.00588428406,2.5,orca,,
5.0,30.0,34807.00588428406,2.5,combined,,
5.0,30.0,34807.00588428406,2.5625,arca,,
5.0,30.0,34807.00588428406,2.5625,orca,,
5.0,30.0,34807.00588428406,2.5625,combined,,
5.0,30.0,34807.00588428406,2.625,arca,,
5.0,30.0,34807.00588428406,2.625,orca,4618.798550883742,0.0
5.0,30.0,34807.00588428406,2.625,combined,,
5.0,30.0,34807.00588428406,2.6875,arca,199464.10885621133,0.0
5.0,30.0,34807.00588428406,2.6875,orca,2762.922817850126,0.0
5.0,30.0,34807.00588428406,2.6875,combined,191598.8305142377,0.0
5.0,30.0,34807.00588428406,2.75,arca,67460.52535393387,0.0
5.0,30.0,34807.00588428406,2.75,orca,1690.6467598475224,0.0
5.0,30.0,34807.00588428406,2.75,combined,66643.08811130599,0.0
5.0,30.0,34807.00588428406,2.8125,arca,23177.38478461523,0.0
5.0,30.0,34807.00588428406,2.8125,orca,1204.7627702206923,0.0
5.0,30.0,34807.00588428406,2.8125,combined,24202.0042996704,0.0
5.0,30.0,34807.00588428406,2.875,arca,8521.128457218369,0.0
5.0,30.0,34807.00588428406,2.875,orca,744.1050060705313,0.0
5.0,30.0,34807.00588428406,2.875,combined,9366.715409695995,0.0
5.0,30.0,34807.00588428406,2.9375,arca,3265.959849207581,0.0
5.0,30.0,34807.00588428406,2.9375,orca,588.8631793017738,0.0
5.0,30.0,34807.00588428406,2.9375,combined,3546.481439275911,0.0
5.0,30.0,34807.00588428406,3.0,arca,1074.5422086707451,0.0
5.0,30.0,34807.00588428406,3.0,orca,284.14674435707417,0.0
5.0,30.0,34807.00588428406,3.0,combined,1514.4775047124515,0.0
5.0,30.0,100000.0,1.5,arca,,
5.0,30.0,100000.0,1.5,orca,,
5.0,30.0,100000.0,1.5,combined,,
5.0,30.0,100000.0,1.5625,arca,,
5.0,30.0,100000.0,1.5625,orca,,
5.0,30.0,100000.0,1.5625,combined,,
5.0,30.0,100000.0,1.625,arca,,
5.0,30.0,100000.0,1.625,orca,,
5.0,30.0,100000.0,1.625,combined,,
5.0,30.0,100000.0,1.6875,arca,,
5.0,30.0,100000.0,1.6875,orca,,
5.0,30.0,100000.0,1.6875,combined,,
5.0,30.0,100000.0,1.75,arca,,
5.0,30.0,100000.0,1.75,orca,,
5.0,30.0,100000.0,1.75,combined,,
5.0,30.0,100000.0,1.8125,arca,,
5.0,30.0,100000.0,1.8125,orca,,
5.0,30.0,100000.0,1.8125,combined,,
5.0,30.0,100000.0,1.875,arca,,
5.0,30.0,100000.0,1.875,orca,,
5.0,30.0,100000.0,1.875,combined,,
5.0,30.0,100000.0,1.9375,arca,,
5.0,30.0,100000.0,1.9375,orca,,
5.0,30.0,100000.0,1.9375,combined,,
5.0,30.0,100000.0,2.0,arca,,
5.0,30.0,100000.0,2.0,orca,,
5.0,30.0,100000.0,2.0,combined,,
5.0,30.0,100000.0,2.0625,arca,,
5.0,30.0,100000.0,2.0625,orca,,
5.0,30.0,100000.0,2.0625,combined,,
5.0,30.0,100000.0,2.125,arca,,
5.0,30.0,100000.0,2.125,orca,,
5.0,30.0,100000.0,2.125,combined,,
5.0,30.0,100000.0,2.1875,arca,,
5.0,30.0,100000.0,2.1875,orca,,
5.0,30.0,100000.0,2.1875,combined,,
5.0,30.0,100000.0,2.25,arca,,
5.0,30.0,100000.0,2.25,orca,,
5.0,30.0,100000.0,2.25,combined,,
5.0,30.0,100000.0,2.3125,arca,,
5.0,30.0,100000.0,2.3125,orca,,
5.0,30.0,100000.0,2.3125,combined,,
5.0,30.0,100000.0,2.375,arca,,
5.0,30.0,100000.0,2.375,orca,,
5.0,30.0,100000.0,2.375,combined,,
5.0,30.0,100000.0,2.4375,arca,,
5.0,30.0,100000.0,2.4375,orca,,
5.0,30.0,100000.0,2.4375,combined,,
5.0,30.0,100000.0,2.5,arca,,
5.0,30.0,100000.0,2.5,orca,,
5.0,30.0,100000.0,2.5,combined,,
5.0,30.0,100000.0,2.5625,arca,,
5.0,30.0,100000.0,2.5625,orca,,
5.0,30.0,100000.0,2.5625,combined,,
5.0,30.0,100000.0,2.625,arca,,
5.0,30.0,100000.0,2.625,orca,,
5.0,30.0,100000.0,2.625,combined,,
5.0,30.0,100000.0,2.6875,arca,,
5.0,30.0,100000.0,2.6875,orca,,
5.0,30.0,100000.0,2.6875,combined,,
5.0,30.0,100000.0,2.75,arca,,
5.0,30.0,100000.0,2.75,orca,,
5.0,30.0,100000.0,2.75,combined,,
5.0,30.0,100000.0,2.8125,arca,198138.11823655295,0.0
5.0,30.0,100000.0,2.8125,orca,,
5.0,30.0,100000.0,2.8125,combined,,
5.0,30.0,100000.0,2.875,arca,71896.3305079125,0.0
5.0,30.0,100000.0,2.875,orca,4847.033810214187,0.0
5.0,30.0,100000.0,2.875,combined,74979.95064299488,0.0
5.0,30.0,100000.0,2.9375,arca,25908.78850866662,0.0
5.0,30.0,100000.0,2.9375,orca,3347.5114675710993,0.0
5.0,30.0,100000.0,2.9375,combined,29778.649287807537,0.0
5.0,30.0,100000.0,3.0,arca,9501.410714167685,0.0
5.0,30.0,100000.0,3.0,orca,2199.910271181678,0.0
5.0,30.0,100000.0,3.0,combined,12071.597918424755,0.0
