zenith_cut,angle,phi0,gamma,detector,mean_max_efstat,mean_max_efstat_error
90.0,30.0,1e-06,1.5,arca,57.965027267724025,0.0
90.0,30.0,1e-06,1.5,orca,60.55748225371296,0.0
90.0,30.0,1e-06,1.5,combined,59.78776071341925,0.0
90.0,30.0,1e-06,1.5625,arca,53.51692855985745,0.0
90.0,30.0,1e-06,1.5625,orca,60.55748225371296,0.0
90.0,30.0,1e-06,1.5625,combined,57.004179451520585,0.0
90.0,30.0,1e-06,1.625,arca,57.63558616817558,0.0
90.0,30.0,1e-06,1.625,orca,60.55748225371296,0.0
90.0,30.0,1e-06,1.625,combined,61.922995407983045,0.0
90.0,30.0,1e-06,1.6875,arca,53.51692855985745,0.0
90.0,30.0,1e-06,1.6875,orca,60.55748225371296,0.0
90.0,30.0,1e-06,1.6875,combined,60.78880332189712,0.0
90.0,30.0,1e-06,1.75,arca,53.51692855985745,0.0
90.0,30.0,1e-06,1.75,orca,60.55748225371296,0.0
90.0,30.0,1e-06,1.75,combined,60.78880332189712,0.0
90.0,30.0,1e-06,1.8125,arca,53.51692855985745,0.0
90.0,30.0,1e-06,1.8125,orca,60.55748225371296,0.0
90.0,30.0,1e-06,1.8125,combined,60.78880332189712,0.0
90.0,30.0,1e-06,1.875,arca,53.51692855985745,0.0
90.0,30.0,1e-06,1.875,orca,60.55748225371296,0.0
90.0,30.0,1e-06,1.875,combined,60.78880332189712,0.0
90.0,30.0,1e-06,1.9375,arca,53.51692855985745,0.0
90.0,30.0,1e-06,1.9375,orca,60.55748225371296,0.0
90.0,30.0,1e-06,1.9375,combined,60.78880332189712,0.0
90.0,30.0,1e-06,2.0,arca,53.51692855985745,0.0
90.0,30.0,1e-06,2.0,orca,60.55748225371296,0.0
90.0,30.0,1e-06,2.0,combined,60.78880332189712,0.0
90.0,30.0,1e-06,2.0625,arca,53.51692855985745,0.0
90.0,30.0,1e-06,2.0625,orca,60.55748225371296,0.0
90.0,30.0,1e-06,2.0625,combined,60.78880332189712,0.0
90.0,30.0,1e-06,2.125,arca,53.51692855985745,0.0
90.0,30.0,1e-06,2.125,orca,60.55748225371296,0.0
90.0,30.0,1e-06,2.125,combined,60.78880332189712,0.0
90.0,30.0,1e-06,2.1875,arca,53.51692855985745,0.0
90.0,30.0,1e-06,2.1875,orca,60.55748225371296,0.0
90.0,30.0,1e-06,2.1875,combined,60.78880332189712,0.0
90.0,30.0,1e-06,2.25,arca,53.51692855985745,0.0
90.0,30.0,1e-06,2.25,orca,60.55748225371296,0.0
90.0,30.0,1e-06,2.25,combined,60.78880332189712,0.0
90.0,30.0,1e-06,2.3125,arca,53.51692855985745,0.0
90.0,30.0,1e-06,2.3125,orca,60.55748225371296,0.0
90.0,30.0,1e-06,2.3125,combined,60.78880332189712,0.0
90.0,30.0,1e-06,2.375,arca,53.51692855985745,0.0
90.0,30.0,1e-06,2.375,orca,60.55748225371296,0.0
90.0,30.0,1e-06,2.375,combined,60.78880332189712,0.0
90.0,30.0,1e-06,2.4375,arca,53.51692855985745,0.0
90.0,30.0,1e-06,2.4375,orca,60.55748225371296,0.0
90.0,30.0,1e-06,2.4375,combined,60.78880332189712,0.0
90.0,30.0,1e-06,2.5,arca,53.51692855985745,0.0
90.0,30.0,1e-06,2.5,orca,60.55748225371296,0.0
90.0,30.0,1e-06,2.5,combined,60.78880332189712,0.0
90.0,30.0,1e-06,2.5625,arca,53.51692855985745,0.0
90.0,30.0,1e-06,2.5625,orca,60.55748225371296,0.0
90.0,30.0,1e-06,2.5625,combined,60.78880332189712,0.0
90.0,30.0,1e-06,2.625,arca,53.51692855985745,0.0
90.0,30.0,1e-06,2.625,orca,60.55748225371296,0.0
90.0,30.0,1e-06,2.625,combined,60.78880332189712,0.0
90.0,30.0,1e-06,2.6875,arca,53.51692855985745,0.0
90.0,30.0,1e-06,2.6875,orca,60.55748225371296,0.0
90.0,30.0,1e-06,2.6875,combined,60.78880332189712,0.0
90.0,30.0,1e-06,2.75,arca,53.51692855985745,0.0
90.0,30.0,1e-06,2.75,orca,60.55748225371296,0.0
90.0,30.0,1e-06,2.75,combined,60.78880332189712,0.0
90.0,30.0,1e-06,2.8125,arca,53.51692855985745,0.0
90.0,30.0,1e-06,2.8125,orca,60.55748225371296,0.0
90.0,30.0,1e-06,2.8125,combined,60.78880332189712,0.0
90.0,30.0,1e-06,2.875,arca,53.51692855985745,0.0
90.0,30.0,1e-06,2.875,orca,60.55748225371296,0.0
90.0,30.0,1e-06,2.875,combined,60.78880332189712,0.0
90.0,30.0,1e-06,2.9375,arca,53.51692855985745,0.0
90.0,30.0,1e-06,2.9375,orca,60.55748225371296,0.0
90.0,30.0,1e-06,2.9375,combined,60.78880332189712,0.0
90.0,30.0,1e-06,3.0,arca,53.51692855985745,0.0
90.0,30.0,1e-06,3.0,orca,60.55748225371296,0.0
90.0,30.0,1e-06,3.0,combined,60.78880332189712,0.0
90.0,30.0,2.8729848333536627e-06,1.5,arca,54.78799053994468,0.0
90.0,30.0,2.8729848333536627e-06,1.5,orca,60.55748225371296,0.0
90.0,30.0,2.8729848333536627e-06,1.5,combined,56.90713358893343,0.0
90.0,30.0,2.8729848333536627e-06,1.5625,arca,54.088119237185694,0.0
90.0,30.0,2.8729848333536627e-06,1.5625,orca,60.55748225371296,0.0
90.0,30.0,2.8729848333536627e-06,1.5625,combined,54.690540550439906,0.0
90.0,30.0,2.8729848333536627e-06,1.625,arca,54.16218066152639,0.0
90.0,30.0,2.8729848333536627e-06,1.625,orca,60.55748225371296,0.0
90.0,30.0,2.8729848333536627e-06,1.625,combined,58.01568876526717,0.0
90.0,30.0,2.8729848333536627e-06,1.6875,arca,55.760064672594986,0.0
90.0,30.0,2.8729848333536627e-06,1.6875,orca,60.55748225371296,0.0
90.0,30.0,2.8729848333536627e-06,1.6875,combined,60.78880332189712,0.0
90.0,30.0,2.8729848333536627e-06,1.75,arca,53.51692855985745,0.0
90.0,30.0,2.8729848333536627e-06,1.75,orca,60.55748225371296,0.0
90.0,30.0,2.8729848333536627e-06,1.75,combined,60.78880332189712,0.0
90.0,30.0,2.8729848333536627e-06,1.8125,arca,53.51692855985745,0.0
90.0,30.0,2.8729848333536627e-06,1.8125,orca,60.55748225371296,0.0
90.0,30.0,2.8729848333536627e-06,1.8125,combined,60.78880332189712,0.0
90.0,30.0,2.8729848333536627e-06,1.875,arca,53.51692855985745,0.0
90.0,30.0,2.8729848333536627e-06,1.875,orca,60.55748225371296,0.0
90.0,30.0,2.8729848333536627e-06,1.875,combined,60.78880332189712,0.0
90.0,30.0,2.8729848333536627e-06,1.9375,arca,53.51692855985745,0.0
90.0,30.0,2.8729848333536627e-06,1.9375,orca,60.55748225371296,0.0
90.0,30.0,2.8729848333536627e-06,1.9375,combined,60.78880332189712,0.0
90.0,30.0,2.8729848333536627e-06,2.0,arca,53.51692855985745,0.0
90.0,30.0,2.8729848333536627e-06,2.0,orca,60.55748225371296,0.0
90.0,30.0,2.8729848333536627e-06,2.0,combined,60.78880332189712,0.0
90.0,30.0,2.8729848333536627e-06,2.0625,arca,53.51692855985745,0.0
90.0,30.0,2.8729848333536627e-06,2.0625,orca,60.55748225371296,0.0
90.0,30.0,2.8729848333536627e-06,2.0625,combined,60.78880332189712,0.0
90.0,30.0,2.8729848333536627e-06,2.125,arca,53.51692855985745,0.0
90.0,30.0,2.8729848333536627e-06,2.125,orca,60.55748225371296,0.0
90.0,30.0,2.8729848333536627e-06,2.125,combined,60.78880332189712,0.0
90.0,30.0,2.8729848333536627e-06,2.1875,arca,53.51692855985745,0.0
90.0,30.0,2.8729848333536627e-06,2.1875,orca,60.55748225371296,0.0
90.0,30.0,2.8729848333536627e-06,2.1875,combined,60.78880332189712,0.0
90.0,30.0,2.8729848333536627e-06,2.25,arca,53.51692855985745,0.0
90.0,30.0,2.8729848333536627e-06,2.25,orca,60.55748225371296,0.0
90.0,30.0,2.8729848333536627e-06,2.25,combined,60.78880332189712,0.0
90.0,30.0,2.8729848333536627e-06,2.3125,arca,53.51692855985745,0.0
90.0,30.0,2.8729848333536627e-06,2.3125,orca,60.55748225371296,0.0
90.0,30.0,2.8729848333536627e-06,2.3125,combined,60.78880332189712,0.0
90.0,30.0,2.8729848333536627e-06,2.375,arca,53.51692855985745,0.0
90.0,30.0,2.8729848333536627e-06,2.375,orca,60.55748225371296,0.0
90.0,30.0,2.8729848333536627e-06,2.375,combined,60.78880332189712,0.0
90.0,30.0,2.8729848333536627e-06,2.4375,arca,53.51692855985745,0.0
90.0,30.0,2.8729848333536627e-06,2.4375,orca,60.55748225371296,0.0
90.0,30.0,2.8729848333536627e-06,2.4375,combined,60.78880332189712,0.0
90.0,30.0,2.8729848333536627e-06,2.5,arca,53.51692855985745,0.0
90.0,30.0,2.8729848333536627e-06,2.5,orca,60.55748225371296,0.0
90.0,30.0,2.8729848333536627e-06,2.5,combined,60.78880332189712,0.0
90.0,30.0,2.8729848333536627e-06,2.5625,arca,53.51692855985745,0.0
90.0,30.0,2.8729848333536627e-06,2.5625,orca,60.55748225371296,0.0
90.0,30.0,2.8729848333536627e-06,2.5625,combined,60.78880332189712,0.0
90.0,30.0,2.8729848333536627e-06,2.625,arca,53.51692855985745,0.0
90.0,30.0,2.8729848333536627e-06,2.625,orca,60.55748225371296,0.0
90.0,30.0,2.8729848333536627e-06,2.625,combined,60.78880332189712,0.0
90.0,30.0,2.8729848333536627e-06,2.6875,arca,53.51692855985745,0.0
90.0,30.0,2.8729848333536627e-06,2.6875,orca,60.55748225371296,0.0
90.0,30.0,2.8729848333536627e-06,2.6875,combined,60.78880332189712,0.0
90.0,30.0,2.8729848333536627e-06,2.75,arca,53.51692855985745,0.0
90.0,30.0,2.8729848333536627e-06,2.75,orca,60.55748225371296,0.0
90.0,30.0,2.8729848333536627e-06,2.75,combined,60.78880332189712,0.0
90.0,30.0,2.8729848333536627e-06,2.8125,arca,53.51692855985745,0.0
90.0,30.0,2.8729848333536627e-06,2.8125,orca,60.55748225371296,0.0
90.0,30.0,2.8729848333536627e-06,2.8125,combined,60.78880332189712,0.0
90.0,30.0,2.8729848333536627e-06,2.875,arca,53.51692855985745,0.0
90.0,30.0,2.8729848333536627e-06,2.875,orca,60.55748225371296,0.0
90.0,30.0,2.8729848333536627e-06,2.875,combined,60.78880332189712,0.0
90.0,30.0,2.8729848333536627e-06,2.9375,arca,53.51692855985745,0.0
90.0,30.0,2.8729848333536627e-06,2.9375,orca,60.55748225371296,0.0
90.0,30.0,2.8729848333536627e-06,2.9375,combined,60.78880332189712,0.0
90.0,30.0,2.8729848333536627e-06,3.0,arca,53.51692855985745,0.0
90.0,30.0,2.8729848333536627e-06,3.0,orca,60.55748225371296,0.0
90.0,30.0,2.8729848333536627e-06,3.0,combined,60.78880332189712,0.0
90.0,30.0,8.254041852680188e-06,1.5,arca,55.77326834942888,0.0
90.0,30.0,8.254041852680188e-06,1.5,orca,60.55748225371296,0.0
90.0,30.0,8.254041852680188e-06,1.5,combined,57.684424880998506,0.0
90.0,30.0,8.254041852680188e-06,1.5625,arca,58.04149593235924,0.0
90.0,30.0,8.254041852680188e-06,1.5625,orca,60.55748225371296,0.0
90.0,30.0,8.254041852680188e-06,1.5625,combined,56.593371909521295,0.0
90.0,30.0,8.254041852680188e-06,1.625,arca,53.79477848898745,0.0
90.0,30.0,8.254041852680188e-06,1.625,orca,60.55748225371296,0.0
90.0,30.0,8.254041852680188e-06,1.625,combined,57.33915652535754,0.0
90.0,30.0,8.254041852680188e-06,1.6875,arca,61.70360860931137,0.0
90.0,30.0,8.254041852680188e-06,1.6875,orca,60.55748225371296,0.0
90.0,30.0,8.254041852680188e-06,1.6875,combined,55.18884541551267,0.0
90.0,30.0,8.254041852680188e-06,1.75,arca,52.98820136605109,0.0
90.0,30.0,8.254041852680188e-06,1.75,orca,60.55748225371296,0.0
90.0,30.0,8.254041852680188e-06,1.75,combined,60.78880332189712,0.0
90.0,30.0,8.254041852680188e-06,1.8125,arca,60.13314020158126,0.0
90.0,30.0,8.254041852680188e-06,1.8125,orca,60.55748225371296,0.0
90.0,30.0,8.254041852680188e-06,1.8125,combined,60.78880332189712,0.0
90.0,30.0,8.254041852680188e-06,1.875,arca,53.51692855985745,0.0
90.0,30.0,8.254041852680188e-06,1.875,orca,60.55748225371296,0.0
90.0,30.0,8.254041852680188e-06,1.875,combined,60.78880332189712,0.0
90.0,30.0,8.254041852680188e-06,1.9375,arca,53.51692855985745,0.0
90.0,30.0,8.254041852680188e-06,1.9375,orca,60.55748225371296,0.0
90.0,30.0,8.254041852680188e-06,1.9375,combined,60.78880332189712,0.0
90.0,30.0,8.254041852680188e-06,2.0,arca,53.51692855985745,0.0
90.0,30.0,8.254041852680188e-06,2.0,orca,60.55748225371296,0.0
90.0,30.0,8.254041852680188e-06,2.0,combined,60.78880332189712,0.0
90.0,30.0,8.254041852680188e-06,2.0625,arca,53.51692855985745,0.0
90.0,30.0,8.254041852680188e-06,2.0625,orca,60.55748225371296,0.0
90.0,30.0,8.254041852680188e-06,2.0625,combined,60.78880332189712,0.0
90.0,30.0,8.254041852680188e-06,2.125,arca,53.51692855985745,0.0
90.0,30.0,8.254041852680188e-06,2.125,orca,60.55748225371296,0.0
90.0,30.0,8.254041852680188e-06,2.125,combined,60.78880332189712,0.0
90.0,30.0,8.254041852680188e-06,2.1875,arca,53.51692855985745,0.0
90.0,30.0,8.254041852680188e-06,2.1875,orca,60.55748225371296,0.0
90.0,30.0,8.254041852680188e-06,2.1875,combined,60.78880332189712,0.0
90.0,30.0,8.254041852680188e-06,2.25,arca,53.51692855985745,0.0
90.0,30.0,8.254041852680188e-06,2.25,orca,60.55748225371296,0.0
90.0,30.0,8.254041852680188e-06,2.25,combined,60.78880332189712,0.0
90.0,30.0,8.254041852680188e-06,2.3125,arca,53.51692855985745,0.0
90.0,30.0,8.254041852680188e-06,2.3125,orca,60.55748225371296,0.0
90.0,30.0,8.254041852680188e-06,2.3125,combined,60.78880332189712,0.0
90.0,30.0,8.254041852680188e-06,2.375,arca,53.51692855985745,0.0
90.0,30.0,8.254041852680188e-06,2.375,orca,60.55748225371296,0.0
90.0,30.0,8.254041852680188e-06,2.375,combined,60.78880332189712,0.0
90.0,30.0,8.254041852680188e-06,2.4375,arca,53.51692855985745,0.0
90.0,30.0,8.254041852680188e-06,2.4375,orca,60.55748225371296,0.0
90.0,30.0,8.254041852680188e-06,2.4375,combined,60.78880332189712,0.0
90.0,30.0,8.254041852680188e-06,2.5,arca,53.51692855985745,0.0
90.0,30.0,8.254041852680188e-06,2.5,orca,60.55748225371296,0.0
90.0,30.0,8.254041852680188e-06,2.5,combined,60.78880332189712,0.0
90.0,30.0,8.254041852680188e-06,2.5625,arca,53.51692855985745,0.0
90.0,30.0,8.254041852680188e-06,2.5625,orca,60.55748225371296,0.0
90.0,30.0,8.254041852680188e-06,2.5625,combined,60.78880332189712,0.0
90.0,30.0,8.254041852680188e-06,2.625,arca,53.51692855985745,0.0
90.0,30.0,8.254041852680188e-06,2.625,orca,60.55748225371296,0.0
90.0,30.0,8.254041852680188e-06,2.625,combined,60.78880332189712,0.0
90.0,30.0,8.254041852680188e-06,2.6875,arca,53.51692855985745,0.0
90.0,30.0,8.254041852680188e-06,2.6875,orca,60.55748225371296,0.0
90.0,30.0,8.254041852680188e-06,2.6875,combined,60.78880332189712,0.0
90.0,30.0,8.254041852680188e-06,2.75,arca,53.51692855985745,0.0
90.0,30.0,8.254041852680188e-06,2.75,orca,60.55748225371296,0.0
90.0,30.0,8.254041852680188e-06,2.75,combined,60.78880332189712,0.0
90.0,30.0,8.254041852680188e-06,2.8125,arca,53.51692855985745,0.0
90.0,30.0,8.254041852680188e-06,2.8125,orca,60.55748225371296,0.0
90.0,30.0,8.254041852680188e-06,2.8125,combined,60.78880332189712,0.0
90.0,30.0,8.254041852680188e-06,2.875,arca,53.51692855985745,0.0
90.0,30.0,8.254041852680188e-06,2.875,orca,60.55748225371296,0.0
90.0,30.0,8.254041852680188e-06,2.875,combined,60.78880332189712,0.0
90.0,30.0,8.254041852680188e-06,2.9375,arca,53.51692855985745,0.0
90.0,30.0,8.254041852680188e-06,2.9375,orca,60.55748225371296,0.0
90.0,30.0,8.254041852680188e-06,2.9375,combined,60.78880332189712,0.0
90.0,30.0,8.254041852680188e-06,3.0,arca,53.51692855985745,0.0
90.0,30.0,8.254041852680188e-06,3.0,orca,60.55748225371296,0.0
90.0,30.0,8.254041852680188e-06,3.0,combined,60.78880332189712,0.0
90.0,30.0,2.371373705661655e-05,1.5,arca,61.224861409379216,0.0
90.0,30.0,2.371373705661655e-05,1.5,orca,60.55748225371296,0.0
90.0,30.0,2.371373705661655e-05,1.5,combined,52.9716772901111,0.0
90.0,30.0,2.371373705661655e-05,1.5625,arca,57.992738350896474,0.0
90.0,30.0,2.371373705661655e-05,1.5625,orca,60.55748225371296,0.0
90.0,30.0,2.371373705661655e-05,1.5625,combined,59.46922611717901,0.0
90.0,30.0,2.371373705661655e-05,1.625,arca,60.35453618348696,0.0
90.0,30.0,2.371373705661655e-05,1.625,orca,60.55748225371296,0.0
90.0,30.0,2.371373705661655e-05,1.625,combined,56.353909465020564,0.0
90.0,30.0,2.371373705661655e-05,1.6875,arca,51.39691152340015,0.0
90.0,30.0,2.371373705661655e-05,1.6875,orca,60.55748225371296,0.0
90.0,30.0,2.371373705661655e-05,1.6875,combined,56.13592710251575,0.0
90.0,30.0,2.371373705661655e-05,1.75,arca,52.38435104148873,0.0
90.0,30.0,2.371373705661655e-05,1.75,orca,60.55748225371296,0.0
90.0,30.0,2.371373705661655e-05,1.75,combined,56.35181550897723,0.0
90.0,30.0,2.371373705661655e-05,1.8125,arca,52.00161903990933,0.0
90.0,30.0,2.371373705661655e-05,1.8125,orca,60.55748225371296,0.0
90.0,30.0,2.371373705661655e-05,1.8125,combined,60.78880332189712,0.0
90.0,30.0,2.371373705661655e-05,1.875,arca,51.39225762247345,0.0
90.0,30.0,2.371373705661655e-05,1.875,orca,60.55748225371296,0.0
90.0,30.0,2.371373705661655e-05,1.875,combined,60.78880332189712,0.0
90.0,30.0,2.371373705661655e-05,1.9375,arca,53.51692855985745,0.0
90.0,30.0,2.371373705661655e-05,1.9375,orca,60.55748225371296,0.0
90.0,30.0,2.371373705661655e-05,1.9375,combined,60.78880332189712,0.0
90.0,30.0,2.371373705661655e-05,2.0,arca,53.51692855985745,0.0
90.0,30.0,2.371373705661655e-05,2.0,orca,60.55748225371296,0.0
90.0,30.0,2.371373705661655e-05,2.0,combined,60.78880332189712,0.0
90.0,30.0,2.371373705661655e-05,2.0625,arca,53.51692855985745,0.0
90.0,30.0,2.371373705661655e-05,2.0625,orca,60.55748225371296,0.0
90.0,30.0,2.371373705661655e-05,2.0625,combined,60.78880332189712,0.0
90.0,30.0,2.371373705661655e-05,2.125,arca,53.51692855985745,0.0
90.0,30.0,2.371373705661655e-05,2.125,orca,60.55748225371296,0.0
90.0,30.0,2.371373705661655e-05,2.125,combined,60.78880332189712,0.0
90.0,30.0,2.371373705661655e-05,2.1875,arca,53.51692855985745,0.0
90.0,30.0,2.371373705661655e-05,2.1875,orca,60.55748225371296,0.0
90.0,30.0,2.371373705661655e-05,2.1875,combined,60.78880332189712,0.0
90.0,30.0,2.371373705661655e-05,2.25,arca,53.51692855985745,0.0
90.0,30.0,2.371373705661655e-05,2.25,orca,60.55748225371296,0.0
90.0,30.0,2.371373705661655e-05,2.25,combined,60.78880332189712,0.0
90.0,30.0,2.371373705661655e-05,2.3125,arca,53.51692855985745,0.0
90.0,30.0,2.371373705661655e-05,2.3125,orca,60.55748225371296,0.0
90.0,30.0,2.371373705661655e-05,2.3125,combined,60.78880332189712,0.0
90.0,30.0,2.371373705661655e-05,2.375,arca,53.51692855985745,0.0
90.0,30.0,2.371373705661655e-05,2.375,orca,60.55748225371296,0.0
90.0,30.0,2.371373705661655e-05,2.375,combined,60.78880332189712,0.0
90.0,30.0,2.371373705661655e-05,2.4375,arca,53.51692855985745,0.0
90.0,30.0,2.371373705661655e-05,2.4375,orca,60.55748225371296,0.0
90.0,30.0,2.371373705661655e-05,2.4375,combined,60.78880332189712,0.0
90.0,30.0,2.371373705661655e-05,2.5,arca,53.51692855985745,0.0
90.0,30.0,2.371373705661655e-05,2.5,orca,60.55748225371296,0.0
90.0,30.0,2.371373705661655e-05,2.5,combined,60.78880332189712,0.0
90.0,30.0,2.371373705661655e-05,2.5625,arca,53.51692855985745,0.0
90.0,30.0,2.371373705661655e-05,2.5625,orca,60.55748225371296,0.0
90.0,30.0,2.371373705661655e-05,2.5625,combined,60.78880332189712,0.0
90.0,30.0,2.371373705661655e-05,2.625,arca,53.51692855985745,0.0
90.0,30.0,2.371373705661655e-05,2.625,orca,60.55748225371296,0.0
90.0,30.0,2.371373705661655e-05,2.625,combined,60.78880332189712,0.0
90.0,30.0,2.371373705661655e-05,2.6875,arca,53.51692855985745,0.0
90.0,30.0,2.371373705661655e-05,2.6875,orca,60.55748225371296,0.0
90.0,30.0,2.371373705661655e-05,2.6875,combined,60.78880332189712,0.0
90.0,30.0,2.371373705661655e-05,2.75,arca,53.51692855985745,0.0
90.0,30.0,2.371373705661655e-05,2.75,orca,60.55748225371296,0.0
90.0,30.0,2.371373705661655e-05,2.75,combined,60.78880332189712,0.0
90.0,30.0,2.371373705661655e-05,2.8125,arca,53.51692855985745,0.0
90.0,30.0,2.371373705661655e-05,2.8125,orca,60.55748225371296,0.0
90.0,30.0,2.371373705661655e-05,2.8125,combined,60.78880332189712,0.0
90.0,30.0,2.371373705661655e-05,2.875,arca,53.51692855985745,0.0
90.0,30.0,2.371373705661655e-05,2.875,orca,60.55748225371296,0.0
90.0,30.0,2.371373705661655e-05,2.875,combined,60.78880332189712,0.0
90.0,30.0,2.371373705661655e-05,2.9375,arca,53.51692855985745,0.0
90.0,30.0,2.371373705661655e-05,2.9375,orca,60.55748225371296,0.0
90.0,30.0,2.371373705661655e-05,2.9375,combined,60.78880332189712,0.0
90.0,30.0,2.371373705661655e-05,3.0,arca,53.51692855985745,0.0
90.0,30.0,2.371373705661655e-05,3.0,orca,60.55748225371296,0.0
90.0,30.0,2.371373705661655e-05,3.0,combined,60.78880332189712,0.0
90.0,30.0,6.812920690579608e-05,1.5,arca,55.496512720078336,0.0
90.0,30.0,6.812920690579608e-05,1.5,orca,60.55748225371296,0.0
90.0,30.0,6.812920690579608e-05,1.5,combined,59.93596584845251,0.0
90.0,30.0,6.812920690579608e-05,1.5625,arca,57.66213772640539,0.0
90.0,30.0,6.812920690579608e-05,1.5625,orca,57.03673653369394,0.0
90.0,30.0,6.812920690579608e-05,1.5625,combined,57.12616469403173,0.0
90.0,30.0,6.812920690579608e-05,1.625,arca,61.394875085214736,0.0
90.0,30.0,6.812920690579608e-05,1.625,orca,61.79047619047619,0.0
90.0,30.0,6.812920690579608e-05,1.625,combined,63.37619634783629,0.0
90.0,30.0,6.812920690579608e-05,1.6875,arca,53.432699535927995,0.0
90.0,30.0,6.812920690579608e-05,1.6875,orca,60.55748225371296,0.0
90.0,30.0,6.812920690579608e-05,1.6875,combined,54.5363409253605,0.0
90.0,30.0,6.812920690579608e-05,1.75,arca,58.78561404915601,0.0
90.0,30.0,6.812920690579608e-05,1.75,orca,60.55748225371296,0.0
90.0,30.0,6.812920690579608e-05,1.75,combined,56.991898867449976,0.0
90.0,30.0,6.812920690579608e-05,1.8125,arca,53.21719894786702,0.0
90.0,30.0,6.812920690579608e-05,1.8125,orca,60.55748225371296,0.0
90.0,30.0,6.812920690579608e-05,1.8125,combined,61.80002649825553,0.0
90.0,30.0,6.812920690579608e-05,1.875,arca,53.51692855985745,0.0
90.0,30.0,6.812920690579608e-05,1.875,orca,60.55748225371296,0.0
90.0,30.0,6.812920690579608e-05,1.875,combined,60.78880332189712,0.0
90.0,30.0,6.812920690579608e-05,1.9375,arca,53.51692855985745,0.0
90.0,30.0,6.812920690579608e-05,1.9375,orca,60.55748225371296,0.0
90.0,30.0,6.812920690579608e-05,1.9375,combined,52.93738244571463,0.0
90.0,30.0,6.812920690579608e-05,2.0,arca,53.51692855985745,0.0
90.0,30.0,6.812920690579608e-05,2.0,orca,60.55748225371296,0.0
90.0,30.0,6.812920690579608e-05,2.0,combined,60.78880332189712,0.0
90.0,30.0,6.812920690579608e-05,2.0625,arca,53.51692855985745,0.0
90.0,30.0,6.812920690579608e-05,2.0625,orca,60.55748225371296,0.0
90.0,30.0,6.812920690579608e-05,2.0625,combined,60.78880332189712,0.0
90.0,30.0,6.812920690579608e-05,2.125,arca,53.51692855985745,0.0
90.0,30.0,6.812920690579608e-05,2.125,orca,60.55748225371296,0.0
90.0,30.0,6.812920690579608e-05,2.125,combined,60.78880332189712,0.0
90.0,30.0,6.812920690579608e-05,2.1875,arca,53.51692855985745,0.0
90.0,30.0,6.812920690579608e-05,2.1875,orca,60.55748225371296,0.0
90.0,30.0,6.812920690579608e-05,2.1875,combined,60.78880332189712,0.0
90.0,30.0,6.812920690579608e-05,2.25,arca,53.51692855985745,0.0
90.0,30.0,6.812920690579608e-05,2.25,orca,60.55748225371296,0.0
90.0,30.0,6.812920690579608e-05,2.25,combined,60.78880332189712,0.0
90.0,30.0,6.812920690579608e-05,2.3125,arca,53.51692855985745,0.0
90.0,30.0,6.812920690579608e-05,2.3125,orca,60.55748225371296,0.0
90.0,30.0,6.812920690579608e-05,2.3125,combined,60.78880332189712,0.0
90.0,30.0,6.812920690579608e-05,2.375,arca,53.51692855985745,0.0
90.0,30.0,6.812920690579608e-05,2.375,orca,60.55748225371296,0.0
90.0,30.0,6.812920690579608e-05,2.375,combined,60.78880332189712,0.0
90.0,30.0,6.812920690579608e-05,2.4375,arca,53.51692855985745,0.0
90.0,30.0,6.812920690579608e-05,2.4375,orca,60.55748225371296,0.0
90.0,30.0,6.812920690579608e-05,2.4375,combined,60.78880332189712,0.0
90.0,30.0,6.812920690579608e-05,2.5,arca,53.51692855985745,0.0
90.0,30.0,6.812920690579608e-05,2.5,orca,60.55748225371296,0.0
90.0,30.0,6.812920690579608e-05,2.5,combined,60.78880332189712,0.0
90.0,30.0,6.812920690579608e-05,2.5625,arca,53.51692855985745,0.0
90.0,30.0,6.812920690579608e-05,2.5625,orca,60.55748225371296,0.0
90.0,30.0,6.812920690579608e-05,2.5625,combined,60.78880332189712,0.0
90.0,30.0,6.812920690579608e-05,2.625,arca,53.51692855985745,0.0
90.0,30.0,6.812920690579608e-05,2.625,orca,60.55748225371296,0.0
90.0,30.0,6.812920690579608e-05,2.625,combined,60.78880332189712,0.0
90.0,30.0,6.812920690579608e-05,2.6875,arca,53.51692855985745,0.0
90.0,30.0,6.812920690579608e-05,2.6875,orca,60.55748225371296,0.0
90.0,30.0,6.812920690579608e-05,2.6875,combined,60.78880332189712,0.0
90.0,30.0,6.812920690579608e-05,2.75,arca,53.51692855985745,0.0
90.0,30.0,6.812920690579608e-05,2.75,orca,60.55748225371296,0.0
90.0,30.0,6.812920690579608e-05,2.75,combined,60.78880332189712,0.0
90.0,30.0,6.812920690579608e-05,2.8125,arca,53.51692855985745,0.0
90.0,30.0,6.812920690579608e-05,2.8125,orca,60.55748225371296,0.0
90.0,30.0,6.812920690579608e-05,2.8125,combined,60.78880332189712,0.0
90.0,30.0,6.812920690579608e-05,2.875,arca,53.51692855985745,0.0
90.0,30.0,6.812920690579608e-05,2.875,orca,60.55748225371296,0.0
90.0,30.0,6.812920690579608e-05,2.875,combined,60.78880332189712,0.0
90.0,30.0,6.812920690579608e-05,2.9375,arca,53.51692855985745,0.0
90.0,30.0,6.812920690579608e-05,2.9375,orca,60.55748225371296,0.0
90.0,30.0,6.812920690579608e-05,2.9375,combined,60.78880332189712,0.0
90.0,30.0,6.812920690579608e-05,3.0,arca,53.51692855985745,0.0
90.0,30.0,6.812920690579608e-05,3.0,orca,60.55748225371296,0.0
90.0,30.0,6.812920690579608e-05,3.0,combined,60.78880332189712,0.0
90.0,30.0,0.00019573417814876596,1.5,arca,58.82450410260495,0.0
90.0,30.0,0.00019573417814876596,1.5,orca,55.58257156932508,0.0
90.0,30.0,0.00019573417814876596,1.5,combined,61.78369891444399,0.0
90.0,30.0,0.00019573417814876596,1.5625,arca,56.912303848075965,0.0
90.0,30.0,0.00019573417814876596,1.5625,orca,60.55748225371296,0.0
90.0,30.0,0.00019573417814876596,1.5625,combined,60.63548104999482,0.0
90.0,30.0,0.00019573417814876596,1.625,arca,55.43383345161581,0.0
90.0,30.0,0.00019573417814876596,1.625,orca,53.455770731361284,0.0
90.0,30.0,0.00019573417814876596,1.625,combined,55.55741963754734,0.0
90.0,30.0,0.00019573417814876596,1.6875,arca,61.06681385428425,0.0
90.0,30.0,0.00019573417814876596,1.6875,orca,60.55748225371296,0.0
90.0,30.0,0.00019573417814876596,1.6875,combined,58.55748417398408,0.0
90.0,30.0,0.00019573417814876596,1.75,arca,60.66346404051322,0.0
90.0,30.0,0.00019573417814876596,1.75,orca,60.55748225371296,0.0
90.0,30.0,0.00019573417814876596,1.75,combined,64.08689296260562,0.0
90.0,30.0,0.00019573417814876596,1.8125,arca,55.76306731769791,0.0
90.0,30.0,0.00019573417814876596,1.8125,orca,60.55748225371296,0.0
90.0,30.0,0.00019573417814876596,1.8125,combined,60.14181658622202,0.0
90.0,30.0,0.00019573417814876596,1.875,arca,55.07902125952668,0.0
90.0,30.0,0.00019573417814876596,1.875,orca,60.55748225371296,0.0
90.0,30.0,0.00019573417814876596,1.875,combined,52.69472575074637,0.0
90.0,30.0,0.00019573417814876596,1.9375,arca,57.276693870185085,0.0
90.0,30.0,0.00019573417814876596,1.9375,orca,60.55748225371296,0.0
90.0,30.0,0.00019573417814876596,1.9375,combined,54.425659148491874,0.0
90.0,30.0,0.00019573417814876596,2.0,arca,53.51692855985745,0.0
90.0,30.0,0.00019573417814876596,2.0,orca,60.55748225371296,0.0
90.0,30.0,0.00019573417814876596,2.0,combined,59.76825331762052,0.0
90.0,30.0,0.00019573417814876596,2.0625,arca,53.51692855985745,0.0
90.0,30.0,0.00019573417814876596,2.0625,orca,60.55748225371296,0.0
90.0,30.0,0.00019573417814876596,2.0625,combined,60.78880332189712,0.0
90.0,30.0,0.00019573417814876596,2.125,arca,53.51692855985745,0.0
90.0,30.0,0.00019573417814876596,2.125,orca,60.55748225371296,0.0
90.0,30.0,0.00019573417814876596,2.125,combined,59.77183750943562,0.0
90.0,30.0,0.00019573417814876596,2.1875,arca,54.10788310387731,0.0
90.0,30.0,0.00019573417814876596,2.1875,orca,60.55748225371296,0.0
90.0,30.0,0.00019573417814876596,2.1875,combined,60.78880332189712,0.0
90.0,30.0,0.00019573417814876596,2.25,arca,53.51692855985745,0.0
90.0,30.0,0.00019573417814876596,2.25,orca,60.55748225371296,0.0
90.0,30.0,0.00019573417814876596,2.25,combined,60.78880332189712,0.0
90.0,30.0,0.00019573417814876596,2.3125,arca,53.47363542946948,0.0
90.0,30.0,0.00019573417814876596,2.3125,orca,60.55748225371296,0.0
90.0,30.0,0.00019573417814876596,2.3125,combined,60.78880332189712,0.0
90.0,30.0,0.00019573417814876596,2.375,arca,53.51692855985745,0.0
90.0,30.0,0.00019573417814876596,2.375,orca,60.55748225371296,0.0
90.0,30.0,0.00019573417814876596,2.375,combined,60.78880332189712,0.0
90.0,30.0,0.00019573417814876596,2.4375,arca,53.51692855985745,0.0
90.0,30.0,0.00019573417814876596,2.4375,orca,60.55748225371296,0.0
90.0,30.0,0.00019573417814876596,2.4375,combined,60.78880332189712,0.0
90.0,30.0,0.00019573417814876596,2.5,arca,53.51692855985745,0.0
90.0,30.0,0.00019573417814876596,2.5,orca,60.55748225371296,0.0
90.0,30.0,0.00019573417814876596,2.5,combined,60.78880332189712,0.0
90.0,30.0,0.00019573417814876596,2.5625,arca,53.51692855985745,0.0
90.0,30.0,0.00019573417814876596,2.5625,orca,60.55748225371296,0.0
90.0,30.0,0.00019573417814876596,2.5625,combined,60.78880332189712,0.0
90.0,30.0,0.00019573417814876596,2.625,arca,53.51692855985745,0.0
90.0,30.0,0.00019573417814876596,2.625,orca,60.55748225371296,0.0
90.0,30.0,0.00019573417814876596,2.625,combined,60.78880332189712,0.0
90.0,30.0,0.00019573417814876596,2.6875,arca,53.51692855985745,0.0
90.0,30.0,0.00019573417814876596,2.6875,orca,60.55748225371296,0.0
90.0,30.0,0.00019573417814876596,2.6875,combined,60.78880332189712,0.0
90.0,30.0,0.00019573417814876596,2.75,arca,53.51692855985745,0.0
90.0,30.0,0.00019573417814876596,2.75,orca,60.55748225371296,0.0
90.0,30.0,0.00019573417814876596,2.75,combined,60.78880332189712,0.0
90.0,30.0,0.00019573417814876596,2.8125,arca,53.51692855985745,0.0
90.0,30.0,0.00019573417814876596,2.8125,orca,60.55748225371296,0.0
90.0,30.0,0.00019573417814876596,2.8125,combined,60.78880332189712,0.0
90.0,30.0,0.00019573417814876596,2.875,arca,53.51692855985745,0.0
90.0,30.0,0.00019573417814876596,2.875,orca,60.55748225371296,0.0
90.0,30.0,0.00019573417814876596,2.875,combined,60.78880332189712,0.0
90.0,30.0,0.00019573417814876596,2.9375,arca,53.51692855985745,0.0
90.0,30.0,0.00019573417814876596,2.9375,orca,60.55748225371296,0.0
90.0,30.0,0.00019573417814876596,2.9375,combined,60.78880332189712,0.0
90.0,30.0,0.00019573417814876596,3.0,arca,53.51692855985745,0.0
90.0,30.0,0.00019573417814876596,3.0,orca,60.55748225371296,0.0
90.0,30.0,0.00019573417814876596,3.0,combined,60.78880332189712,0.0
90.0,30.0,0.000562341325190349,1.5,arca,81.25096253773447,0.0
90.0,30.0,0.000562341325190349,1.5,orca,54.76839295707951,0.0
90.0,30.0,0.000562341325190349,1.5,combined,70.867370328069,0.0
90.0,30.0,0.000562341325190349,1.5625,arca,56.455595380326564,0.0
90.0,30.0,0.000562341325190349,1.5625,orca,65.20003670398238,0.0
90.0,30.0,0.000562341325190349,1.5625,combined,54.53858532314173,0.0
90.0,30.0,0.000562341325190349,1.625,arca,69.95612203091743,0.0
90.0,30.0,0.000562341325190349,1.625,orca,57.29415481832543,0.0
90.0,30.0,0.000562341325190349,1.625,combined,57.058323319377585,0.0
90.0,30.0,0.000562341325190349,1.6875,arca,60.44508381285964,0.0
90.0,30.0,0.000562341325190349,1.6875,orca,56.65278619724878,0.0
90.0,30.0,0.000562341325190349,1.6875,combined,53.93723836517117,0.0
90.0,30.0,0.000562341325190349,1.75,arca,57.733065895699326,0.0
90.0,30.0,0.000562341325190349,1.75,orca,48.680255178940726,0.0
90.0,30.0,0.000562341325190349,1.75,combined,57.03963503052568,0.0
90.0,30.0,0.000562341325190349,1.8125,arca,56.092455665764945,0.0
90.0,30.0,0.000562341325190349,1.8125,orca,60.55748225371296,0.0
90.0,30.0,0.000562341325190349,1.8125,combined,62.229259669164904,0.0
90.0,30.0,0.000562341325190349,1.875,arca,57.15057463216539,0.0
90.0,30.0,0.000562341325190349,1.875,orca,60.55748225371296,0.0
90.0,30.0,0.000562341325190349,1.875,combined,60.237241409569215,0.0
90.0,30.0,0.000562341325190349,1.9375,arca,57.05681841021004,0.0
90.0,30.0,0.000562341325190349,1.9375,orca,60.55748225371296,0.0
90.0,30.0,0.000562341325190349,1.9375,combined,57.79653293999093,0.0
90.0,30.0,0.000562341325190349,2.0,arca,57.65302926888023,0.0
90.0,30.0,0.000562341325190349,2.0,orca,53.372910441137314,0.0
90.0,30.0,0.000562341325190349,2.0,combined,54.02701912392538,0.0
90.0,30.0,0.000562341325190349,2.0625,arca,59.82319728504068,0.0
90.0,30.0,0.000562341325190349,2.0625,orca,60.55748225371296,0.0
90.0,30.0,0.000562341325190349,2.0625,combined,58.531699504855936,0.0
90.0,30.0,0.000562341325190349,2.125,arca,53.51692855985745,0.0
90.0,30.0,0.000562341325190349,2.125,orca,60.55748225371296,0.0
90.0,30.0,0.000562341325190349,2.125,combined,60.78880332189712,0.0
90.0,30.0,0.000562341325190349,2.1875,arca,52.35423159428502,0.0
90.0,30.0,0.000562341325190349,2.1875,orca,55.9627593942793,0.0
90.0,30.0,0.000562341325190349,2.1875,combined,61.275656894360665,0.0
90.0,30.0,0.000562341325190349,2.25,arca,53.51692855985745,0.0
90.0,30.0,0.000562341325190349,2.25,orca,60.55748225371296,0.0
90.0,30.0,0.000562341325190349,2.25,combined,60.78880332189712,0.0
90.0,30.0,0.000562341325190349,2.3125,arca,53.51692855985745,0.0
90.0,30.0,0.000562341325190349,2.3125,orca,60.55748225371296,0.0
90.0,30.0,0.000562341325190349,2.3125,combined,60.78880332189712,0.0
90.0,30.0,0.000562341325190349,2.375,arca,56.06961406198002,0.0
90.0,30.0,0.000562341325190349,2.375,orca,60.55748225371296,0.0
90.0,30.0,0.000562341325190349,2.375,combined,60.78880332189712,0.0
90.0,30.0,0.000562341325190349,2.4375,arca,53.51692855985745,0.0
90.0,30.0,0.000562341325190349,2.4375,orca,60.55748225371296,0.0
90.0,30.0,0.000562341325190349,2.4375,combined,60.78880332189712,0.0
90.0,30.0,0.000562341325190349,2.5,arca,53.51692855985745,0.0
90.0,30.0,0.000562341325190349,2.5,orca,60.55748225371296,0.0
90.0,30.0,0.000562341325190349,2.5,combined,60.78880332189712,0.0
90.0,30.0,0.000562341325190349,2.5625,arca,53.51692855985745,0.0
90.0,30.0,0.000562341325190349,2.5625,orca,60.55748225371296,0.0
90.0,30.0,0.000562341325190349,2.5625,combined,60.78880332189712,0.0
90.0,30.0,0.000562341325190349,2.625,arca,53.51692855985745,0.0
90.0,30.0,0.000562341325190349,2.625,orca,60.55748225371296,0.0
90.0,30.0,0.000562341325190349,2.625,combined,60.78880332189712,0.0
90.0,30.0,0.000562341325190349,2.6875,arca,53.51692855985745,0.0
90.0,30.0,0.000562341325190349,2.6875,orca,60.55748225371296,0.0
90.0,30.0,0.000562341325190349,2.6875,combined,60.78880332189712,0.0
90.0,30.0,0.000562341325190349,2.75,arca,53.51692855985745,0.0
90.0,30.0,0.000562341325190349,2.75,orca,60.55748225371296,0.0
90.0,30.0,0.000562341325190349,2.75,combined,60.78880332189712,0.0
90.0,30.0,0.000562341325190349,2.8125,arca,53.51692855985745,0.0
90.0,30.0,0.000562341325190349,2.8125,orca,60.55748225371296,0.0
90.0,30.0,0.000562341325190349,2.8125,combined,60.78880332189712,0.0
90.0,30.0,0.000562341325190349,2.875,arca,53.51692855985745,0.0
90.0,30.0,0.000562341325190349,2.875,orca,60.55748225371296,0.0
90.0,30.0,0.000562341325190349,2.875,combined,60.78880332189712,0.0
90.0,30.0,0.000562341325190349,2.9375,arca,53.51692855985745,0.0
90.0,30.0,0.000562341325190349,2.9375,orca,60.55748225371296,0.0
90.0,30.0,0.000562341325190349,2.9375,combined,60.78880332189712,0.0
90.0,30.0,0.000562341325190349,3.0,arca,53.51692855985745,0.0
90.0,30.0,0.000562341325190349,3.0,orca,60.55748225371296,0.0
90.0,30.0,0.000562341325190349,3.0,combined,60.78880332189712,0.0
90.0,30.0,0.0016155980984398728,1.5,arca,277.1620365397572,0.0
90.0,30.0,0.0016155980984398728,1.5,orca,57.52000947193939,0.0
90.0,30.0,0.0016155980984398728,1.5,combined,310.5562729459425,0.0
90.0,30.0,0.0016155980984398728,1.5625,arca,90.12738910301503,0.0
90.0,30.0,0.0016155980984398728,1.5625,orca,57.51600860284868,0.0
90.0,30.0,0.0016155980984398728,1.5625,combined,83.76048761803253,0.0
90.0,30.0,0.0016155980984398728,1.625,arca,57.30677691213198,0.0
90.0,30.0,0.0016155980984398728,1.625,orca,55.389227911912975,0.0
90.0,30.0,0.0016155980984398728,1.625,combined,64.84482037757695,0.0
90.0,30.0,0.0016155980984398728,1.6875,arca,56.18295674371298,0.0
90.0,30.0,0.0016155980984398728,1.6875,orca,68.34247350712243,0.0
90.0,30.0,0.0016155980984398728,1.6875,combined,62.952565977074634,0.0
90.0,30.0,0.0016155980984398728,1.75,arca,57.41170589293926,0.0
90.0,30.0,0.0016155980984398728,1.75,orca,65.7116753827736,0.0
90.0,30.0,0.0016155980984398728,1.75,combined,63.370363892107775,0.0
90.0,30.0,0.0016155980984398728,1.8125,arca,60.84149454862189,0.0
90.0,30.0,0.0016155980984398728,1.8125,orca,56.100757489246696,0.0
90.0,30.0,0.0016155980984398728,1.8125,combined,58.30908717617814,0.0
90.0,30.0,0.0016155980984398728,1.875,arca,75.17836280707371,0.0
90.0,30.0,0.0016155980984398728,1.875,orca,60.55748225371296,0.0
90.0,30.0,0.0016155980984398728,1.875,combined,63.69487546340577,0.0
90.0,30.0,0.0016155980984398728,1.9375,arca,61.14580041205769,0.0
90.0,30.0,0.0016155980984398728,1.9375,orca,60.55748225371296,0.0
90.0,30.0,0.0016155980984398728,1.9375,combined,65.20824285494943,0.0
90.0,30.0,0.0016155980984398728,2.0,arca,56.47090810222946,0.0
90.0,30.0,0.0016155980984398728,2.0,orca,60.55748225371296,0.0
90.0,30.0,0.0016155980984398728,2.0,combined,57.928704986911285,0.0
90.0,30.0,0.0016155980984398728,2.0625,arca,54.61983123208596,0.0
90.0,30.0,0.0016155980984398728,2.0625,orca,60.55748225371296,0.0
90.0,30.0,0.0016155980984398728,2.0625,combined,59.413233311844344,0.0
90.0,30.0,0.0016155980984398728,2.125,arca,53.51692855985745,0.0
90.0,30.0,0.0016155980984398728,2.125,orca,56.22248842907706,0.0
90.0,30.0,0.0016155980984398728,2.125,combined,59.97643732327994,0.0
90.0,30.0,0.0016155980984398728,2.1875,arca,53.51692855985745,0.0
90.0,30.0,0.0016155980984398728,2.1875,orca,60.55748225371296,0.0
90.0,30.0,0.0016155980984398728,2.1875,combined,59.04752930090111,0.0
90.0,30.0,0.0016155980984398728,2.25,arca,53.51692855985745,0.0
90.0,30.0,0.0016155980984398728,2.25,orca,60.55748225371296,0.0
90.0,30.0,0.0016155980984398728,2.25,combined,60.78880332189712,0.0
90.0,30.0,0.0016155980984398728,2.3125,arca,53.51692855985745,0.0
90.0,30.0,0.0016155980984398728,2.3125,orca,60.55748225371296,0.0
90.0,30.0,0.0016155980984398728,2.3125,combined,60.78880332189712,0.0
90.0,30.0,0.0016155980984398728,2.375,arca,53.51692855985745,0.0
90.0,30.0,0.0016155980984398728,2.375,orca,60.55748225371296,0.0
90.0,30.0,0.0016155980984398728,2.375,combined,60.78880332189712,0.0
90.0,30.0,0.0016155980984398728,2.4375,arca,53.51692855985745,0.0
90.0,30.0,0.0016155980984398728,2.4375,orca,60.55748225371296,0.0
90.0,30.0,0.0016155980984398728,2.4375,combined,60.78880332189712,0.0
90.0,30.0,0.0016155980984398728,2.5,arca,53.51692855985745,0.0
90.0,30.0,0.0016155980984398728,2.5,orca,60.55748225371296,0.0
90.0,30.0,0.0016155980984398728,2.5,combined,60.78880332189712,0.0
90.0,30.0,0.0016155980984398728,2.5625,arca,53.51692855985745,0.0
90.0,30.0,0.0016155980984398728,2.5625,orca,60.55748225371296,0.0
90.0,30.0,0.0016155980984398728,2.5625,combined,60.78880332189712,0.0
90.0,30.0,0.0016155980984398728,2.625,arca,53.51692855985745,0.0
90.0,30.0,0.0016155980984398728,2.625,orca,60.55748225371296,0.0
90.0,30.0,0.0016155980984398728,2.625,combined,60.78880332189712,0.0
90.0,30.0,0.0016155980984398728,2.6875,arca,53.51692855985745,0.0
90.0,30.0,0.0016155980984398728,2.6875,orca,60.55748225371296,0.0
90.0,30.0,0.0016155980984398728,2.6875,combined,60.78880332189712,0.0
90.0,30.0,0.0016155980984398728,2.75,arca,53.51692855985745,0.0
90.0,30.0,0.0016155980984398728,2.75,orca,60.55748225371296,0.0
90.0,30.0,0.0016155980984398728,2.75,combined,60.78880332189712,0.0
90.0,30.0,0.0016155980984398728,2.8125,arca,53.51692855985745,0.0
90.0,30.0,0.0016155980984398728,2.8125,orca,60.55748225371296,0.0
90.0,30.0,0.0016155980984398728,2.8125,combined,60.78880332189712,0.0
90.0,30.0,0.0016155980984398728,2.875,arca,53.51692855985745,0.0
90.0,30.0,0.0016155980984398728,2.875,orca,60.55748225371296,0.0
90.0,30.0,0.0016155980984398728,2.875,combined,60.78880332189712,0.0
90.0,30.0,0.0016155980984398728,2.9375,arca,53.51692855985745,0.0
90.0,30.0,0.0016155980984398728,2.9375,orca,60.55748225371296,0.0
90.0,30.0,0.0016155980984398728,2.9375,combined,60.78880332189712,0.0
90.0,30.0,0.0016155980984398728,3.0,arca,53.51692855985745,0.0
90.0,30.0,0.0016155980984398728,3.0,orca,60.55748225371296,0.0
90.0,30.0,0.0016155980984398728,3.0,combined,60.78880332189712,0.0
90.0,30.0,0.004641588833612777,1.5,arca,2499.1145480908654,0.0
90.0,30.0,0.004641588833612777,1.5,orca,66.59177230799587,0.0
90.0,30.0,0.004641588833612777,1.5,combined,2337.0961000701054,0.0
90.0,30.0,0.004641588833612777,1.5625,arca,476.6456060401259,0.0
90.0,30.0,0.004641588833612777,1.5625,orca,56.79352916134525,0.0
90.0,30.0,0.004641588833612777,1.5625,combined,454.16026938207244,0.0
90.0,30.0,0.004641588833612777,1.625,arca,118.88861383697422,0.0
90.0,30.0,0.004641588833612777,1.625,orca,56.97678074736969,0.0
90.0,30.0,0.004641588833612777,1.625,combined,123.52190044812798,0.0
90.0,30.0,0.004641588833612777,1.6875,arca,62.84604989914846,0.0
90.0,30.0,0.004641588833612777,1.6875,orca,55.39931139715951,0.0
90.0,30.0,0.004641588833612777,1.6875,combined,63.66367220478184,0.0
90.0,30.0,0.004641588833612777,1.75,arca,58.031774130636975,0.0
90.0,30.0,0.004641588833612777,1.75,orca,57.94642857142857,0.0
90.0,30.0,0.004641588833612777,1.75,combined,68.3158320750899,0.0
90.0,30.0,0.004641588833612777,1.8125,arca,65.0535803505406,0.0
90.0,30.0,0.004641588833612777,1.8125,orca,55.43917647691232,0.0
90.0,30.0,0.004641588833612777,1.8125,combined,60.36502401473781,0.0
90.0,30.0,0.004641588833612777,1.875,arca,57.92010716356439,0.0
90.0,30.0,0.004641588833612777,1.875,orca,72.04521793178463,0.0
90.0,30.0,0.004641588833612777,1.875,combined,63.65212670993269,0.0
90.0,30.0,0.004641588833612777,1.9375,arca,55.876053212861436,0.0
90.0,30.0,0.004641588833612777,1.9375,orca,60.55748225371296,0.0
90.0,30.0,0.004641588833612777,1.9375,combined,57.45242090678161,0.0
90.0,30.0,0.004641588833612777,2.0,arca,64.25335330836455,0.0
90.0,30.0,0.004641588833612777,2.0,orca,60.55748225371296,0.0
90.0,30.0,0.004641588833612777,2.0,combined,58.34579483684886,0.0
90.0,30.0,0.004641588833612777,2.0625,arca,58.24812691934498,0.0
90.0,30.0,0.004641588833612777,2.0625,orca,51.978298347023625,0.0
90.0,30.0,0.004641588833612777,2.0625,combined,54.42032270092044,0.0
90.0,30.0,0.004641588833612777,2.125,arca,52.55898432024351,0.0
90.0,30.0,0.004641588833612777,2.125,orca,60.55748225371296,0.0
90.0,30.0,0.004641588833612777,2.125,combined,54.41793319752018,0.0
90.0,30.0,0.004641588833612777,2.1875,arca,59.40700670791011,0.0
90.0,30.0,0.004641588833612777,2.1875,orca,60.55748225371296,0.0
90.0,30.0,0.004641588833612777,2.1875,combined,56.718030443376335,0.0
90.0,30.0,0.004641588833612777,2.25,arca,53.51692855985745,0.0
90.0,30.0,0.004641588833612777,2.25,orca,60.55748225371296,0.0
90.0,30.0,0.004641588833612777,2.25,combined,64.87148245974144,0.0
90.0,30.0,0.004641588833612777,2.3125,arca,54.23585675841841,0.0
90.0,30.0,0.004641588833612777,2.3125,orca,60.55748225371296,0.0
90.0,30.0,0.004641588833612777,2.3125,combined,61.55807134951293,0.0
90.0,30.0,0.004641588833612777,2.375,arca,58.377890642964964,0.0
90.0,30.0,0.004641588833612777,2.375,orca,60.55748225371296,0.0
90.0,30.0,0.004641588833612777,2.375,combined,60.78880332189712,0.0
90.0,30.0,0.004641588833612777,2.4375,arca,53.51692855985745,0.0
90.0,30.0,0.004641588833612777,2.4375,orca,60.55748225371296,0.0
90.0,30.0,0.004641588833612777,2.4375,combined,56.67188944148584,0.0
90.0,30.0,0.004641588833612777,2.5,arca,53.51692855985745,0.0
90.0,30.0,0.004641588833612777,2.5,orca,60.55748225371296,0.0
90.0,30.0,0.004641588833612777,2.5,combined,60.78880332189712,0.0
90.0,30.0,0.004641588833612777,2.5625,arca,53.51692855985745,0.0
90.0,30.0,0.004641588833612777,2.5625,orca,60.55748225371296,0.0
90.0,30.0,0.004641588833612777,2.5625,combined,56.47598734703223,0.0
90.0,30.0,0.004641588833612777,2.625,arca,53.51692855985745,0.0
90.0,30.0,0.004641588833612777,2.625,orca,60.55748225371296,0.0
90.0,30.0,0.004641588833612777,2.625,combined,60.78880332189712,0.0
90.0,30.0,0.004641588833612777,2.6875,arca,53.51692855985745,0.0
90.0,30.0,0.004641588833612777,2.6875,orca,60.55748225371296,0.0
90.0,30.0,0.004641588833612777,2.6875,combined,66.98704596641325,0.0
90.0,30.0,0.004641588833612777,2.75,arca,53.51692855985745,0.0
90.0,30.0,0.004641588833612777,2.75,orca,60.55748225371296,0.0
90.0,30.0,0.004641588833612777,2.75,combined,60.78880332189712,0.0
90.0,30.0,0.004641588833612777,2.8125,arca,53.51692855985745,0.0
90.0,30.0,0.004641588833612777,2.8125,orca,60.55748225371296,0.0
90.0,30.0,0.004641588833612777,2.8125,combined,60.78880332189712,0.0
90.0,30.0,0.004641588833612777,2.875,arca,53.51692855985745,0.0
90.0,30.0,0.004641588833612777,2.875,orca,60.55748225371296,0.0
90.0,30.0,0.004641588833612777,2.875,combined,60.78880332189712,0.0
90.0,30.0,0.004641588833612777,2.9375,arca,53.51692855985745,0.0
90.0,30.0,0.004641588833612777,2.9375,orca,60.55748225371296,0.0
90.0,30.0,0.004641588833612777,2.9375,combined,60.78880332189712,0.0
90.0,30.0,0.004641588833612777,3.0,arca,53.51692855985745,0.0
90.0,30.0,0.004641588833612777,3.0,orca,60.55748225371296,0.0
90.0,30.0,0.004641588833612777,3.0,combined,60.78880332189712,0.0
90.0,30.0,0.013335214321633239,1.5,arca,19892.90847993674,0.0
90.0,30.0,0.013335214321633239,1.5,orca,71.47046685581637,0.0
90.0,30.0,0.013335214321633239,1.5,combined,16826.883350263975,0.0
90.0,30.0,0.013335214321633239,1.5625,arca,3660.852114218944,0.0
90.0,30.0,0.013335214321633239,1.5625,orca,72.73354217945848,0.0
90.0,30.0,0.013335214321633239,1.5625,combined,3217.4584691434306,0.0
90.0,30.0,0.013335214321633239,1.625,arca,758.3602082872983,0.0
90.0,30.0,0.013335214321633239,1.625,orca,54.786482807079196,0.0
90.0,30.0,0.013335214321633239,1.625,combined,560.6015191166146,0.0
90.0,30.0,0.013335214321633239,1.6875,arca,150.7638733045926,0.0
90.0,30.0,0.013335214321633239,1.6875,orca,61.430651190241974,0.0
90.0,30.0,0.013335214321633239,1.6875,combined,126.47082940162039,0.0
90.0,30.0,0.013335214321633239,1.75,arca,65.2661055228885,0.0
90.0,30.0,0.013335214321633239,1.75,orca,58.10471204188482,0.0
90.0,30.0,0.013335214321633239,1.75,combined,61.814903323919175,0.0
90.0,30.0,0.013335214321633239,1.8125,arca,57.203442254926415,0.0
90.0,30.0,0.013335214321633239,1.8125,orca,66.58067865597873,0.0
90.0,30.0,0.013335214321633239,1.8125,combined,75.6084904516765,0.0
90.0,30.0,0.013335214321633239,1.875,arca,57.31416017575394,0.0
90.0,30.0,0.013335214321633239,1.875,orca,56.17751823510986,0.0
90.0,30.0,0.013335214321633239,1.875,combined,60.759878817653316,0.0
90.0,30.0,0.013335214321633239,1.9375,arca,57.84434477027663,0.0
90.0,30.0,0.013335214321633239,1.9375,orca,62.86291340570564,0.0
90.0,30.0,0.013335214321633239,1.9375,combined,58.209703437151006,0.0
90.0,30.0,0.013335214321633239,2.0,arca,55.58241934192618,0.0
90.0,30.0,0.013335214321633239,2.0,orca,63.37131630648331,0.0
90.0,30.0,0.013335214321633239,2.0,combined,63.490400566879245,0.0
90.0,30.0,0.013335214321633239,2.0625,arca,60.35891444102338,0.0
90.0,30.0,0.013335214321633239,2.0625,orca,62.90262970859985,0.0
90.0,30.0,0.013335214321633239,2.0625,combined,61.0123255959457,0.0
90.0,30.0,0.013335214321633239,2.125,arca,54.88935828608699,0.0
90.0,30.0,0.013335214321633239,2.125,orca,62.33986236103759,0.0
90.0,30.0,0.013335214321633239,2.125,combined,63.63800046493839,0.0
90.0,30.0,0.013335214321633239,2.1875,arca,61.09090909090909,0.0
90.0,30.0,0.013335214321633239,2.1875,orca,59.44807270206786,0.0
90.0,30.0,0.013335214321633239,2.1875,combined,56.577371048252914,0.0
90.0,30.0,0.013335214321633239,2.25,arca,58.708956343451504,0.0
90.0,30.0,0.013335214321633239,2.25,orca,60.55748225371296,0.0
90.0,30.0,0.013335214321633239,2.25,combined,62.50657832258253,0.0
90.0,30.0,0.013335214321633239,2.3125,arca,56.923126329733854,0.0
90.0,30.0,0.013335214321633239,2.3125,orca,60.55748225371296,0.0
90.0,30.0,0.013335214321633239,2.3125,combined,55.64676813599526,0.0
90.0,30.0,0.013335214321633239,2.375,arca,56.467467932532074,0.0
90.0,30.0,0.013335214321633239,2.375,orca,60.55748225371296,0.0
90.0,30.0,0.013335214321633239,2.375,combined,61.4368411431357,0.0
90.0,30.0,0.013335214321633239,2.4375,arca,55.62637662692272,0.0
90.0,30.0,0.013335214321633239,2.4375,orca,60.55748225371296,0.0
90.0,30.0,0.013335214321633239,2.4375,combined,62.37509725341671,0.0
90.0,30.0,0.013335214321633239,2.5,arca,56.34227701232778,0.0
90.0,30.0,0.013335214321633239,2.5,orca,67.95369034330672,0.0
90.0,30.0,0.013335214321633239,2.5,combined,63.557166105287045,0.0
90.0,30.0,0.013335214321633239,2.5625,arca,53.51692855985745,0.0
90.0,30.0,0.013335214321633239,2.5625,orca,60.55748225371296,0.0
90.0,30.0,0.013335214321633239,2.5625,combined,60.78880332189712,0.0
90.0,30.0,0.013335214321633239,2.625,arca,53.51692855985745,0.0
90.0,30.0,0.013335214321633239,2.625,orca,60.55748225371296,0.0
90.0,30.0,0.013335214321633239,2.625,combined,60.78880332189712,0.0
90.0,30.0,0.013335214321633239,2.6875,arca,53.51692855985745,0.0
90.0,30.0,0.013335214321633239,2.6875,orca,60.55748225371296,0.0
90.0,30.0,0.013335214321633239,2.6875,combined,60.78880332189712,0.0
90.0,30.0,0.013335214321633239,2.75,arca,53.51692855985745,0.0
90.0,30.0,0.013335214321633239,2.75,orca,60.55748225371296,0.0
90.0,30.0,0.013335214321633239,2.75,combined,60.78880332189712,0.0
90.0,30.0,0.013335214321633239,2.8125,arca,53.51692855985745,0.0
90.0,30.0,0.013335214321633239,2.8125,orca,60.55748225371296,0.0
90.0,30.0,0.013335214321633239,2.8125,combined,60.78880332189712,0.0
90.0,30.0,0.013335214321633239,2.875,arca,53.51692855985745,0.0
90.0,30.0,0.013335214321633239,2.875,orca,60.55748225371296,0.0
90.0,30.0,0.013335214321633239,2.875,combined,60.78880332189712,0.0
90.0,30.0,0.013335214321633239,2.9375,arca,53.51692855985745,0.0
90.0,30.0,0.013335214321633239,2.9375,orca,60.55748225371296,0.0
90.0,30.0,0.013335214321633239,2.9375,combined,60.78880332189712,0.0
90.0,30.0,0.013335214321633239,3.0,arca,53.51692855985745,0.0
90.0,30.0,0.013335214321633239,3.0,orca,60.55748225371296,0.0
90.0,30.0,0.013335214321633239,3.0,combined,60.78880332189712,0.0
90.0,30.0,0.03831186849557285,1.5,arca,123636.76799832356,0.0
90.0,30.0,0.03831186849557285,1.5,orca,57.6677063838636,0.0
90.0,30.0,0.03831186849557285,1.5,combined,110849.26211869613,0.0
90.0,30.0,0.03831186849557285,1.5625,arca,27014.515809056425,0.0
90.0,30.0,0.03831186849557285,1.5625,orca,65.8782916688055,0.0
90.0,30.0,0.03831186849557285,1.5625,combined,23608.221899881864,0.0
90.0,30.0,0.03831186849557285,1.625,arca,5481.450489292807,0.0
90.0,30.0,0.03831186849557285,1.625,orca,56.63852394661083,0.0
90.0,30.0,0.03831186849557285,1.625,combined,4552.345157873731,0.0
90.0,30.0,0.03831186849557285,1.6875,arca,1044.285114664021,0.0
90.0,30.0,0.03831186849557285,1.6875,orca,54.25518302948676,0.0
90.0,30.0,0.03831186849557285,1.6875,combined,889.0181684065362,0.0
90.0,30.0,0.03831186849557285,1.75,arca,249.88364262782864,0.0
90.0,30.0,0.03831186849557285,1.75,orca,55.741964714034445,0.0
90.0,30.0,0.03831186849557285,1.75,combined,204.64569812492846,0.0
90.0,30.0,0.03831186849557285,1.8125,arca,74.43290798129509,0.0
90.0,30.0,0.03831186849557285,1.8125,orca,61.53017781116955,0.0
90.0,30.0,0.03831186849557285,1.8125,combined,61.75446981472401,0.0
90.0,30.0,0.03831186849557285,1.875,arca,60.45688796845752,0.0
90.0,30.0,0.03831186849557285,1.875,orca,61.62346471127405,0.0
90.0,30.0,0.03831186849557285,1.875,combined,53.508619058198185,0.0
90.0,30.0,0.03831186849557285,1.9375,arca,58.13834299801382,0.0
90.0,30.0,0.03831186849557285,1.9375,orca,59.86707410236821,0.0
90.0,30.0,0.03831186849557285,1.9375,combined,58.94867831933845,0.0
90.0,30.0,0.03831186849557285,2.0,arca,62.236428578555106,0.0
90.0,30.0,0.03831186849557285,2.0,orca,56.06228652569368,0.0
90.0,30.0,0.03831186849557285,2.0,combined,56.893552054572034,0.0
90.0,30.0,0.03831186849557285,2.0625,arca,65.70074613430418,0.0
90.0,30.0,0.03831186849557285,2.0625,orca,59.33261571582346,0.0
90.0,30.0,0.03831186849557285,2.0625,combined,54.61050029693595,0.0
90.0,30.0,0.03831186849557285,2.125,arca,57.91173794358507,0.0
90.0,30.0,0.03831186849557285,2.125,orca,64.8140043763676,0.0
90.0,30.0,0.03831186849557285,2.125,combined,68.56480890883304,0.0
90.0,30.0,0.03831186849557285,2.1875,arca,56.14337146971758,0.0
90.0,30.0,0.03831186849557285,2.1875,orca,56.31917317163054,0.0
90.0,30.0,0.03831186849557285,2.1875,combined,61.03753720437347,0.0
90.0,30.0,0.03831186849557285,2.25,arca,57.33798108202794,0.0
90.0,30.0,0.03831186849557285,2.25,orca,54.70565279770446,0.0
90.0,30.0,0.03831186849557285,2.25,combined,54.70812474736482,0.0
90.0,30.0,0.03831186849557285,2.3125,arca,53.70252377322152,0.0
90.0,30.0,0.03831186849557285,2.3125,orca,60.55748225371296,0.0
90.0,30.0,0.03831186849557285,2.3125,combined,55.066044171257126,0.0
90.0,30.0,0.03831186849557285,2.375,arca,56.23362441031818,0.0
90.0,30.0,0.03831186849557285,2.375,orca,59.333183417550714,0.0
90.0,30.0,0.03831186849557285,2.375,combined,58.41358884506547,0.0
90.0,30.0,0.03831186849557285,2.4375,arca,56.8676907280835,0.0
90.0,30.0,0.03831186849557285,2.4375,orca,60.55748225371296,0.0
90.0,30.0,0.03831186849557285,2.4375,combined,54.90638179881206,0.0
90.0,30.0,0.03831186849557285,2.5,arca,53.51692855985745,0.0
90.0,30.0,0.03831186849557285,2.5,orca,60.55748225371296,0.0
90.0,30.0,0.03831186849557285,2.5,combined,60.40554924311843,0.0
90.0,30.0,0.03831186849557285,2.5625,arca,53.431925643180406,0.0
90.0,30.0,0.03831186849557285,2.5625,orca,48.20811474865529,0.0
90.0,30.0,0.03831186849557285,2.5625,combined,60.78880332189712,0.0
90.0,30.0,0.03831186849557285,2.625,arca,53.51692855985745,0.0
90.0,30.0,0.03831186849557285,2.625,orca,63.721486630094475,0.0
90.0,30.0,0.03831186849557285,2.625,combined,60.78880332189712,0.0
90.0,30.0,0.03831186849557285,2.6875,arca,53.51692855985745,0.0
90.0,30.0,0.03831186849557285,2.6875,orca,60.55748225371296,0.0
90.0,30.0,0.03831186849557285,2.6875,combined,58.715242708440684,0.0
90.0,30.0,0.03831186849557285,2.75,arca,53.51692855985745,0.0
90.0,30.0,0.03831186849557285,2.75,orca,60.55748225371296,0.0
90.0,30.0,0.03831186849557285,2.75,combined,60.78880332189712,0.0
90.0,30.0,0.03831186849557285,2.8125,arca,53.51692855985745,0.0
90.0,30.0,0.03831186849557285,2.8125,orca,60.55748225371296,0.0
90.0,30.0,0.03831186849557285,2.8125,combined,60.78880332189712,0.0
90.0,30.0,0.03831186849557285,2.875,arca,53.51692855985745,0.0
90.0,30.0,0.03831186849557285,2.875,orca,60.55748225371296,0.0
90.0,30.0,0.03831186849557285,2.875,combined,60.78880332189712,0.0
90.0,30.0,0.03831186849557285,2.9375,arca,53.51692855985745,0.0
90.0,30.0,0.03831186849557285,2.9375,orca,60.55748225371296,0.0
90.0,30.0,0.03831186849557285,2.9375,combined,60.70210196944598,0.0
90.0,30.0,0.03831186849557285,3.0,arca,53.51692855985745,0.0
90.0,30.0,0.03831186849557285,3.0,orca,60.55748225371296,0.0
90.0,30.0,0.03831186849557285,3.0,combined,60.78880332189712,0.0
90.0,30.0,0.11006941712522081,1.5,arca,,
90.0,30.0,0.11006941712522081,1.5,orca,57.50010528532324,0.0
90.0,30.0,0.11006941712522081,1.5,combined,,
90.0,30.0,0.11006941712522081,1.5625,arca,167920.25104515423,0.0
90.0,30.0,0.11006941712522081,1.5625,orca,55.45345593553053,0.0
90.0,30.0,0.11006941712522081,1.5625,combined,151744.50527420515,0.0
90.0,30.0,0.11006941712522081,1.625,arca,40322.37127903674,0.0
90.0,30.0,0.11006941712522081,1.625,orca,55.47045501338275,0.0
90.0,30.0,0.11006941712522081,1.625,combined,34373.97572498637,0.0
90.0,30.0,0.11006941712522081,1.6875,arca,8564.960514811317,0.0
90.0,30.0,0.11006941712522081,1.6875,orca,65.82161122082132,0.0
90.0,30.0,0.11006941712522081,1.6875,combined,7417.057779908892,0.0
90.0,30.0,0.11006941712522081,1.75,arca,1772.4700719627485,0.0
90.0,30.0,0.11006941712522081,1.75,orca,70.25905463474523,0.0
90.0,30.0,0.11006941712522081,1.75,combined,1615.4401674716123,0.0
90.0,30.0,0.11006941712522081,1.8125,arca,402.372949863972,0.0
90.0,30.0,0.11006941712522081,1.8125,orca,67.186205869209,0.0
90.0,30.0,0.11006941712522081,1.8125,combined,378.36346236346236,0.0
90.0,30.0,0.11006941712522081,1.875,arca,132.443478604449,0.0
90.0,30.0,0.11006941712522081,1.875,orca,59.27220407528388,0.0
90.0,30.0,0.11006941712522081,1.875,combined,112.83445256680295,0.0
90.0,30.0,0.11006941712522081,1.9375,arca,66.62379638269569,0.0
90.0,30.0,0.11006941712522081,1.9375,orca,61.1073352464381,0.0
90.0,30.0,0.11006941712522081,1.9375,combined,60.51960372211096,0.0
90.0,30.0,0.11006941712522081,2.0,arca,67.227139201179,0.0
90.0,30.0,0.11006941712522081,2.0,orca,58.104998603741976,0.0
90.0,30.0,0.11006941712522081,2.0,combined,59.98256995009237,0.0
90.0,30.0,0.11006941712522081,2.0625,arca,62.63087402494932,0.0
90.0,30.0,0.11006941712522081,2.0625,orca,61.587499331658016,0.0
90.0,30.0,0.11006941712522081,2.0625,combined,63.19957983193277,0.0
90.0,30.0,0.11006941712522081,2.125,arca,59.299419651791084,0.0
90.0,30.0,0.11006941712522081,2.125,orca,56.742566828200715,0.0
90.0,30.0,0.11006941712522081,2.125,combined,59.46329521861733,0.0
90.0,30.0,0.11006941712522081,2.1875,arca,62.132434972109486,0.0
90.0,30.0,0.11006941712522081,2.1875,orca,62.5203195124964,0.0
90.0,30.0,0.11006941712522081,2.1875,combined,78.83177254024109,0.0
90.0,30.0,0.11006941712522081,2.25,arca,60.60551266151938,0.0
90.0,30.0,0.11006941712522081,2.25,orca,57.86670110056021,0.0
90.0,30.0,0.11006941712522081,2.25,combined,73.30679126928246,0.0
90.0,30.0,0.11006941712522081,2.3125,arca,61.206024313552696,0.0
90.0,30.0,0.11006941712522081,2.3125,orca,61.700112017922876,0.0
90.0,30.0,0.11006941712522081,2.3125,combined,53.80193421030805,0.0
90.0,30.0,0.11006941712522081,2.375,arca,57.89013102536363,0.0
90.0,30.0,0.11006941712522081,2.375,orca,59.440476190476176,0.0
90.0,30.0,0.11006941712522081,2.375,combined,63.57723531356062,0.0
90.0,30.0,0.11006941712522081,2.4375,arca,58.212589097480176,0.0
90.0,30.0,0.11006941712522081,2.4375,orca,60.55748225371296,0.0
90.0,30.0,0.11006941712522081,2.4375,combined,56.83189178643428,0.0
90.0,30.0,0.11006941712522081,2.5,arca,52.8668541582965,0.0
90.0,30.0,0.11006941712522081,2.5,orca,59.82844275561185,0.0
90.0,30.0,0.11006941712522081,2.5,combined,60.79565610859727,0.0
90.0,30.0,0.11006941712522081,2.5625,arca,51.35916638223543,0.0
90.0,30.0,0.11006941712522081,2.5625,orca,60.55748225371296,0.0
90.0,30.0,0.11006941712522081,2.5625,combined,59.388257113933776,0.0
90.0,30.0,0.11006941712522081,2.625,arca,55.82073234454761,0.0
90.0,30.0,0.11006941712522081,2.625,orca,61.393712813007085,0.0
90.0,30.0,0.11006941712522081,2.625,combined,57.56802810715855,0.0
90.0,30.0,0.11006941712522081,2.6875,arca,53.51692855985745,0.0
90.0,30.0,0.11006941712522081,2.6875,orca,58.222178139258084,0.0
90.0,30.0,0.11006941712522081,2.6875,combined,53.52862275449102,0.0
90.0,30.0,0.11006941712522081,2.75,arca,53.51692855985745,0.0
90.0,30.0,0.11006941712522081,2.75,orca,60.55748225371296,0.0
90.0,30.0,0.11006941712522081,2.75,combined,60.49571771660816,0.0
90.0,30.0,0.11006941712522081,2.8125,arca,53.874602821234134,0.0
90.0,30.0,0.11006941712522081,2.8125,orca,60.55748225371296,0.0
90.0,30.0,0.11006941712522081,2.8125,combined,60.78880332189712,0.0
90.0,30.0,0.11006941712522081,2.875,arca,53.51692855985745,0.0
90.0,30.0,0.11006941712522081,2.875,orca,60.55748225371296,0.0
90.0,30.0,0.11006941712522081,2.875,combined,60.78880332189712,0.0
90.0,30.0,0.11006941712522081,2.9375,arca,53.51692855985745,0.0
90.0,30.0,0.11006941712522081,2.9375,orca,60.55748225371296,0.0
90.0,30.0,0.11006941712522081,2.9375,combined,60.78880332189712,0.0
90.0,30.0,0.11006941712522081,3.0,arca,53.51692855985745,0.0
90.0,30.0,0.11006941712522081,3.0,orca,60.55748225371296,0.0
90.0,30.0,0.11006941712522081,3.0,combined,60.78880332189712,0.0
90.0,30.0,0.31622776601683794,1.5,arca,,
90.0,30.0,0.31622776601683794,1.5,orca,65.28797886393659,0.0
90.0,30.0,0.31622776601683794,1.5,combined,,
90.0,30.0,0.31622776601683794,1.5625,arca,,
90.0,30.0,0.31622776601683794,1.5625,orca,64.95646593218525,0.0
90.0,30.0,0.31622776601683794,1.5625,combined,,
90.0,30.0,0.31622776601683794,1.625,arca,230219.76955992554,0.0
90.0,30.0,0.31622776601683794,1.625,orca,59.063129336881104,0.0
90.0,30.0,0.31622776601683794,1.625,combined,211782.32773919177,0.0
90.0,30.0,0.31622776601683794,1.6875,arca,58499.68952809315,0.0
90.0,30.0,0.31622776601683794,1.6875,orca,61.669599420349854,0.0
90.0,30.0,0.31622776601683794,1.6875,combined,51410.07882505089,0.0
90.0,30.0,0.31622776601683794,1.75,arca,13402.299319267113,0.0
90.0,30.0,0.31622776601683794,1.75,orca,67.09792824658916,0.0
90.0,30.0,0.31622776601683794,1.75,combined,11306.92455181108,0.0
90.0,30.0,0.31622776601683794,1.8125,arca,2965.129755603627,0.0
90.0,30.0,0.31622776601683794,1.8125,orca,60.139665369256434,0.0
90.0,30.0,0.31622776601683794,1.8125,combined,2650.0762413433413,0.0
90.0,30.0,0.31622776601683794,1.875,arca,665.0451661965866,0.0
90.0,30.0,0.31622776601683794,1.875,orca,56.646191159728765,0.0
90.0,30.0,0.31622776601683794,1.875,combined,533.747512195122,0.0
90.0,30.0,0.31622776601683794,1.9375,arca,200.32718124103235,0.0
90.0,30.0,0.31622776601683794,1.9375,orca,56.27536637729861,0.0
90.0,30.0,0.31622776601683794,1.9375,combined,152.11300195283656,0.0
90.0,30.0,0.31622776601683794,2.0,arca,82.39315155358275,0.0
90.0,30.0,0.31622776601683794,2.0,orca,54.99592688763301,0.0
90.0,30.0,0.31622776601683794,2.0,combined,68.01915202968064,0.0
90.0,30.0,0.31622776601683794,2.0625,arca,56.14756511102934,0.0
90.0,30.0,0.31622776601683794,2.0625,orca,59.79620259264613,0.0
90.0,30.0,0.31622776601683794,2.0625,combined,54.38223239915708,0.0
90.0,30.0,0.31622776601683794,2.125,arca,67.38393276035895,0.0
90.0,30.0,0.31622776601683794,2.125,orca,58.92858769412943,0.0
90.0,30.0,0.31622776601683794,2.125,combined,59.937825873093956,0.0
90.0,30.0,0.31622776601683794,2.1875,arca,60.939430213071574,0.0
90.0,30.0,0.31622776601683794,2.1875,orca,59.42067119621165,0.0
90.0,30.0,0.31622776601683794,2.1875,combined,58.11256280569606,0.0
90.0,30.0,0.31622776601683794,2.25,arca,56.53608690867986,0.0
90.0,30.0,0.31622776601683794,2.25,orca,56.21733430444282,0.0
90.0,30.0,0.31622776601683794,2.25,combined,65.00293924764742,0.0
90.0,30.0,0.31622776601683794,2.3125,arca,66.17731915447024,0.0
90.0,30.0,0.31622776601683794,2.3125,orca,67.84681247504548,0.0
90.0,30.0,0.31622776601683794,2.3125,combined,62.06683459960185,0.0
90.0,30.0,0.31622776601683794,2.375,arca,58.529488321803626,0.0
90.0,30.0,0.31622776601683794,2.375,orca,55.179594087040414,0.0
90.0,30.0,0.31622776601683794,2.375,combined,59.62752159087288,0.0
90.0,30.0,0.31622776601683794,2.4375,arca,57.00818310958164,0.0
90.0,30.0,0.31622776601683794,2.4375,orca,56.870374107106834,0.0
90.0,30.0,0.31622776601683794,2.4375,combined,54.658738769679886,0.0
90.0,30.0,0.31622776601683794,2.5,arca,51.62666199088222,0.0
90.0,30.0,0.31622776601683794,2.5,orca,67.32618735112538,0.0
90.0,30.0,0.31622776601683794,2.5,combined,66.37839748021818,0.0
90.0,30.0,0.31622776601683794,2.5625,arca,55.89883710411789,0.0
90.0,30.0,0.31622776601683794,2.5625,orca,57.7586103286385,0.0
90.0,30.0,0.31622776601683794,2.5625,combined,63.99447548496453,0.0
90.0,30.0,0.31622776601683794,2.625,arca,57.756245117089684,0.0
90.0,30.0,0.31622776601683794,2.625,orca,59.4209420153875,0.0
90.0,30.0,0.31622776601683794,2.625,combined,57.750174476365636,0.0
90.0,30.0,0.31622776601683794,2.6875,arca,54.20636746058167,0.0
90.0,30.0,0.31622776601683794,2.6875,orca,64.55791372313242,0.0
90.0,30.0,0.31622776601683794,2.6875,combined,60.819079678617925,0.0
90.0,30.0,0.31622776601683794,2.75,arca,53.51692855985745,0.0
90.0,30.0,0.31622776601683794,2.75,orca,52.921575008135385,0.0
90.0,30.0,0.31622776601683794,2.75,combined,60.42239203866752,0.0
90.0,30.0,0.31622776601683794,2.8125,arca,53.51692855985745,0.0
90.0,30.0,0.31622776601683794,2.8125,orca,70.13221615804443,0.0
90.0,30.0,0.31622776601683794,2.8125,combined,56.58964937595765,0.0
90.0,30.0,0.31622776601683794,2.875,arca,53.51692855985745,0.0
90.0,30.0,0.31622776601683794,2.875,orca,60.55748225371296,0.0
90.0,30.0,0.31622776601683794,2.875,combined,59.678642545439146,0.0
90.0,30.0,0.31622776601683794,2.9375,arca,53.51692855985745,0.0
90.0,30.0,0.31622776601683794,2.9375,orca,60.55748225371296,0.0
90.0,30.0,0.31622776601683794,2.9375,combined,58.91890729351395,0.0
90.0,30.0,0.31622776601683794,3.0,arca,56.09623740963977,0.0
90.0,30.0,0.31622776601683794,3.0,orca,65.28016699768959,0.0
90.0,30.0,0.31622776601683794,3.0,combined,60.78880332189712,0.0
90.0,30.0,0.9085175756516861,1.5,arca,,
90.0,30.0,0.9085175756516861,1.5,orca,91.05997778600516,0.0
90.0,30.0,0.9085175756516861,1.5,combined,,
90.0,30.0,0.9085175756516861,1.5625,arca,,
90.0,30.0,0.9085175756516861,1.5625,orca,52.64869986314349,0.0
90.0,30.0,0.9085175756516861,1.5625,combined,,
90.0,30.0,0.9085175756516861,1.625,arca,,
90.0,30.0,0.9085175756516861,1.625,orca,58.490490700851105,0.0
90.0,30.0,0.9085175756516861,1.625,combined,,
90.0,30.0,0.9085175756516861,1.6875,arca,329576.53897777037,0.0
90.0,30.0,0.9085175756516861,1.6875,orca,53.28425001320865,0.0
90.0,30.0,0.9085175756516861,1.6875,combined,303926.81157645443,0.0
90.0,30.0,0.9085175756516861,1.75,arca,90661.99339406818,0.0
90.0,30.0,0.9085175756516861,1.75,orca,57.70732731471762,0.0
90.0,30.0,0.9085175756516861,1.75,combined,80476.47389655255,0.0
90.0,30.0,0.9085175756516861,1.8125,arca,21908.785363542036,0.0
90.0,30.0,0.9085175756516861,1.8125,orca,54.99308584193171,0.0
90.0,30.0,0.9085175756516861,1.8125,combined,19049.12423956329,0.0
90.0,30.0,0.9085175756516861,1.875,arca,5404.886157943034,0.0
90.0,30.0,0.9085175756516861,1.875,orca,60.378574305275876,0.0
90.0,30.0,0.9085175756516861,1.875,combined,4644.950927330259,0.0
90.0,30.0,0.9085175756516861,1.9375,arca,1247.7297030079476,0.0
90.0,30.0,0.9085175756516861,1.9375,orca,62.96851723110539,0.0
90.0,30.0,0.9085175756516861,1.9375,combined,1103.4452988691437,0.0
90.0,30.0,0.9085175756516861,2.0,arca,310.2285046273746,0.0
90.0,30.0,0.9085175756516861,2.0,orca,57.9068493150685,0.0
90.0,30.0,0.9085175756516861,2.0,combined,302.00170410788314,0.0
90.0,30.0,0.9085175756516861,2.0625,arca,100.32374043918085,0.0
90.0,30.0,0.9085175756516861,2.0625,orca,61.62337893845536,0.0
90.0,30.0,0.9085175756516861,2.0625,combined,111.17882540817939,0.0
90.0,30.0,0.9085175756516861,2.125,arca,62.404380055247515,0.0
90.0,30.0,0.9085175756516861,2.125,orca,53.37107577345424,0.0
90.0,30.0,0.9085175756516861,2.125,combined,71.24091520861373,0.0
90.0,30.0,0.9085175756516861,2.1875,arca,62.313292972886565,0.0
90.0,30.0,0.9085175756516861,2.1875,orca,65.07580784438485,0.0
90.0,30.0,0.9085175756516861,2.1875,combined,55.76061052349713,0.0
90.0,30.0,0.9085175756516861,2.25,arca,56.08199572230995,0.0
90.0,30.0,0.9085175756516861,2.25,orca,66.96006202133158,0.0
90.0,30.0,0.9085175756516861,2.25,combined,68.22971738082975,0.0
90.0,30.0,0.9085175756516861,2.3125,arca,63.93171984451351,0.0
90.0,30.0,0.9085175756516861,2.3125,orca,62.390721595927054,0.0
90.0,30.0,0.9085175756516861,2.3125,combined,58.426651163174256,0.0
90.0,30.0,0.9085175756516861,2.375,arca,60.995813846354146,0.0
90.0,30.0,0.9085175756516861,2.375,orca,55.57299581853335,0.0
90.0,30.0,0.9085175756516861,2.375,combined,59.53023201605048,0.0
90.0,30.0,0.9085175756516861,2.4375,arca,61.96331671372219,0.0
90.0,30.0,0.9085175756516861,2.4375,orca,55.33910367378341,0.0
90.0,30.0,0.9085175756516861,2.4375,combined,56.59598311985399,0.0
90.0,30.0,0.9085175756516861,2.5,arca,56.8538058032356,0.0
90.0,30.0,0.9085175756516861,2.5,orca,53.3626509623181,0.0
90.0,30.0,0.9085175756516861,2.5,combined,70.6164897033818,0.0
90.0,30.0,0.9085175756516861,2.5625,arca,58.9823046219121,0.0
90.0,30.0,0.9085175756516861,2.5625,orca,60.74973749954742,0.0
90.0,30.0,0.9085175756516861,2.5625,combined,56.89829322776306,0.0
90.0,30.0,0.9085175756516861,2.625,arca,55.62990434704058,0.0
90.0,30.0,0.9085175756516861,2.625,orca,56.059272979856445,0.0
90.0,30.0,0.9085175756516861,2.625,combined,53.3600904831152,0.0
90.0,30.0,0.9085175756516861,2.6875,arca,51.86394919006642,0.0
90.0,30.0,0.9085175756516861,2.6875,orca,50.45711471177688,0.0
90.0,30.0,0.9085175756516861,2.6875,combined,69.01803679869482,0.0
90.0,30.0,0.9085175756516861,2.75,arca,55.910146436185656,0.0
90.0,30.0,0.9085175756516861,2.75,orca,53.31725986597171,0.0
90.0,30.0,0.9085175756516861,2.75,combined,54.157989670854846,0.0
90.0,30.0,0.9085175756516861,2.8125,arca,55.26981440058037,0.0
90.0,30.0,0.9085175756516861,2.8125,orca,61.94595126338571,0.0
90.0,30.0,0.9085175756516861,2.8125,combined,56.24449446757093,0.0
90.0,30.0,0.9085175756516861,2.875,arca,51.548637974683544,0.0
90.0,30.0,0.9085175756516861,2.875,orca,60.11827452819129,0.0
90.0,30.0,0.9085175756516861,2.875,combined,53.87958643904784,0.0
90.0,30.0,0.9085175756516861,2.9375,arca,54.56390369194366,0.0
90.0,30.0,0.9085175756516861,2.9375,orca,60.55748225371296,0.0
90.0,30.0,0.9085175756516861,2.9375,combined,65.92460509739317,0.0
90.0,30.0,0.9085175756516861,3.0,arca,53.51692855985745,0.0
90.0,30.0,0.9085175756516861,3.0,orca,66.54398935383705,0.0
90.0,30.0,0.9085175756516861,3.0,combined,55.83233218548773,0.0
90.0,30.0,2.6101572156825332,1.5,arca,,
90.0,30.0,2.6101572156825332,1.5,orca,247.85941969758886,0.0
90.0,30.0,2.6101572156825332,1.5,combined,,
90.0,30.0,2.6101572156825332,1.5625,arca,,
90.0,30.0,2.6101572156825332,1.5625,orca,159.2718416254233,0.0
90.0,30.0,2.6101572156825332,1.5625,combined,,
90.0,30.0,2.6101572156825332,1.625,arca,,
90.0,30.0,2.6101572156825332,1.625,orca,76.53206239168111,0.0
90.0,30.0,2.6101572156825332,1.625,combined,,
90.0,30.0,2.6101572156825332,1.6875,arca,,
90.0,30.0,2.6101572156825332,1.6875,orca,66.05671357528303,0.0
90.0,30.0,2.6101572156825332,1.6875,combined,,
90.0,30.0,2.6101572156825332,1.75,arca,,
90.0,30.0,2.6101572156825332,1.75,orca,54.50990438962548,0.0
90.0,30.0,2.6101572156825332,1.75,combined,,
90.0,30.0,2.6101572156825332,1.8125,arca,138337.00058480623,0.0
90.0,30.0,2.6101572156825332,1.8125,orca,73.91928156365557,0.0
90.0,30.0,2.6101572156825332,1.8125,combined,127547.10448135136,0.0
90.0,30.0,2.6101572156825332,1.875,arca,37439.27427253948,0.0
90.0,30.0,2.6101572156825332,1.875,orca,58.71169269734065,0.0
90.0,30.0,2.6101572156825332,1.875,combined,32709.401340237597,0.0
90.0,30.0,2.6101572156825332,1.9375,arca,9745.967025910692,0.0
90.0,30.0,2.6101572156825332,1.9375,orca,53.65814134092673,0.0
90.0,30.0,2.6101572156825332,1.9375,combined,7960.81007979083,0.0
90.0,30.0,2.6101572156825332,2.0,arca,2320.1879117412363,0.0
90.0,30.0,2.6101572156825332,2.0,orca,68.43229813664595,0.0
90.0,30.0,2.6101572156825332,2.0,combined,2116.0749164994013,0.0
90.0,30.0,2.6101572156825332,2.0625,arca,641.2177997933625,0.0
90.0,30.0,2.6101572156825332,2.0625,orca,55.508388462556226,0.0
90.0,30.0,2.6101572156825332,2.0625,combined,540.0072053861076,0.0
90.0,30.0,2.6101572156825332,2.125,arca,225.78252747900976,0.0
90.0,30.0,2.6101572156825332,2.125,orca,73.54510480887794,0.0
90.0,30.0,2.6101572156825332,2.125,combined,151.38801337748234,0.0
90.0,30.0,2.6101572156825332,2.1875,arca,70.33810070916365,0.0
90.0,30.0,2.6101572156825332,2.1875,orca,57.03240807325374,0.0
90.0,30.0,2.6101572156825332,2.1875,combined,80.8513397292987,0.0
90.0,30.0,2.6101572156825332,2.25,arca,63.29454527373078,0.0
90.0,30.0,2.6101572156825332,2.25,orca,65.69229550615196,0.0
90.0,30.0,2.6101572156825332,2.25,combined,58.23764282531382,0.0
90.0,30.0,2.6101572156825332,2.3125,arca,63.21659575318112,0.0
90.0,30.0,2.6101572156825332,2.3125,orca,61.598086124401895,0.0
90.0,30.0,2.6101572156825332,2.3125,combined,53.5236856323511,0.0
90.0,30.0,2.6101572156825332,2.375,arca,55.83966248939039,0.0
90.0,30.0,2.6101572156825332,2.375,orca,57.875714830346936,0.0
90.0,30.0,2.6101572156825332,2.375,combined,57.55837189029705,0.0
90.0,30.0,2.6101572156825332,2.4375,arca,62.515107913669056,0.0
90.0,30.0,2.6101572156825332,2.4375,orca,63.95321145588953,0.0
90.0,30.0,2.6101572156825332,2.4375,combined,59.89568173234294,0.0
90.0,30.0,2.6101572156825332,2.5,arca,54.19605570763482,0.0
90.0,30.0,2.6101572156825332,2.5,orca,51.68891077731264,0.0
90.0,30.0,2.6101572156825332,2.5,combined,62.85247746822547,0.0
90.0,30.0,2.6101572156825332,2.5625,arca,60.94872460958966,0.0
90.0,30.0,2.6101572156825332,2.5625,orca,59.61533564405461,0.0
90.0,30.0,2.6101572156825332,2.5625,combined,58.05462335475589,0.0
90.0,30.0,2.6101572156825332,2.625,arca,58.790017900179,0.0
90.0,30.0,2.6101572156825332,2.625,orca,60.33321471464794,0.0
90.0,30.0,2.6101572156825332,2.625,combined,50.900148335122644,0.0
90.0,30.0,2.6101572156825332,2.6875,arca,52.91948189744052,0.0
90.0,30.0,2.6101572156825332,2.6875,orca,72.32320645805304,0.0
90.0,30.0,2.6101572156825332,2.6875,combined,57.36375359192543,0.0
90.0,30.0,2.6101572156825332,2.75,arca,57.901127484818474,0.0
90.0,30.0,2.6101572156825332,2.75,orca,60.54572408042249,0.0
90.0,30.0,2.6101572156825332,2.75,combined,56.39340231447681,0.0
90.0,30.0,2.6101572156825332,2.8125,arca,59.28932836649607,0.0
90.0,30.0,2.6101572156825332,2.8125,orca,72.03422802265453,0.0
90.0,30.0,2.6101572156825332,2.8125,combined,60.75465235005433,0.0
90.0,30.0,2.6101572156825332,2.875,arca,55.88426028361662,0.0
90.0,30.0,2.6101572156825332,2.875,orca,55.45134458531858,0.0
90.0,30.0,2.6101572156825332,2.875,combined,73.29505738235434,0.0
90.0,30.0,2.6101572156825332,2.9375,arca,55.479499652536475,0.0
90.0,30.0,2.6101572156825332,2.9375,orca,62.37292965774104,0.0
90.0,30.0,2.6101572156825332,2.9375,combined,55.17798139888782,0.0
90.0,30.0,2.6101572156825332,3.0,arca,58.850901925117476,0.0
90.0,30.0,2.6101572156825332,3.0,orca,59.058253644771916,0.0
90.0,30.0,2.6101572156825332,3.0,combined,57.20240978821192,0.0
90.0,30.0,7.498942093324558,1.5,arca,,
90.0,30.0,7.498942093324558,1.5,orca,1555.1408516393826,0.0
90.0,30.0,7.498942093324558,1.5,combined,,
90.0,30.0,7.498942093324558,1.5625,arca,,
90.0,30.0,7.498942093324558,1.5625,orca,638.2115085536548,0.0
90.0,30.0,7.498942093324558,1.5625,combined,,
90.0,30.0,7.498942093324558,1.625,arca,,
90.0,30.0,7.498942093324558,1.625,orca,267.0331379046648,0.0
90.0,30.0,7.498942093324558,1.625,combined,,
90.0,30.0,7.498942093324558,1.6875,arca,,
90.0,30.0,7.498942093324558,1.6875,orca,141.9450980392157,0.0
90.0,30.0,7.498942093324558,1.6875,combined,,
90.0,30.0,7.498942093324558,1.75,arca,,
90.0,30.0,7.498942093324558,1.75,orca,73.03093864708967,0.0
90.0,30.0,7.498942093324558,1.75,combined,,
90.0,30.0,7.498942093324558,1.8125,arca,,
90.0,30.0,7.498942093324558,1.8125,orca,68.05471905986043,0.0
90.0,30.0,7.498942093324558,1.8125,combined,,
90.0,30.0,7.498942093324558,1.875,arca,222478.64645969163,0.0
90.0,30.0,7.498942093324558,1.875,orca,59.434948776474336,0.0
90.0,30.0,7.498942093324558,1.875,combined,203450.82084148095,0.0
90.0,30.0,7.498942093324558,1.9375,arca,65151.74951907893,0.0
90.0,30.0,7.498942093324558,1.9375,orca,59.76977190364528,0.0
90.0,30.0,7.498942093324558,1.9375,combined,58970.5010295127,0.0
90.0,30.0,7.498942093324558,2.0,arca,17455.128746078117,0.0
90.0,30.0,7.498942093324558,2.0,orca,70.36315206498233,0.0
90.0,30.0,7.498942093324558,2.0,combined,16047.402129071344,0.0
90.0,30.0,7.498942093324558,2.0625,arca,4932.86757530473,0.0
90.0,30.0,7.498942093324558,2.0625,orca,57.54278416347382,0.0
90.0,30.0,7.498942093324558,2.0625,combined,3940.536322250917,0.0
90.0,30.0,7.498942093324558,2.125,arca,1305.3808180802937,0.0
90.0,30.0,7.498942093324558,2.125,orca,56.3723734793828,0.0
90.0,30.0,7.498942093324558,2.125,combined,1079.4039014026703,0.0
90.0,30.0,7.498942093324558,2.1875,arca,375.8375584471364,0.0
90.0,30.0,7.498942093324558,2.1875,orca,58.87826086956523,0.0
90.0,30.0,7.498942093324558,2.1875,combined,325.70894300877933,0.0
90.0,30.0,7.498942093324558,2.25,arca,128.4673273581553,0.0
90.0,30.0,7.498942093324558,2.25,orca,53.75744275818307,0.0
90.0,30.0,7.498942093324558,2.25,combined,133.3703593112372,0.0
90.0,30.0,7.498942093324558,2.3125,arca,66.72812506207417,0.0
90.0,30.0,7.498942093324558,2.3125,orca,66.9343125254998,0.0
90.0,30.0,7.498942093324558,2.3125,combined,67.16136829951074,0.0
90.0,30.0,7.498942093324558,2.375,arca,55.74992539540435,0.0
90.0,30.0,7.498942093324558,2.375,orca,53.490721845190066,0.0
90.0,30.0,7.498942093324558,2.375,combined,56.84717935027447,0.0
90.0,30.0,7.498942093324558,2.4375,arca,50.81857748939356,0.0
90.0,30.0,7.498942093324558,2.4375,orca,53.00470371695894,0.0
90.0,30.0,7.498942093324558,2.4375,combined,56.38559407606867,0.0
90.0,30.0,7.498942093324558,2.5,arca,57.62751480176124,0.0
90.0,30.0,7.498942093324558,2.5,orca,61.41857275799579,0.0
90.0,30.0,7.498942093324558,2.5,combined,63.27719995711021,0.0
90.0,30.0,7.498942093324558,2.5625,arca,58.833393278184076,0.0
90.0,30.0,7.498942093324558,2.5625,orca,57.239673127709395,0.0
90.0,30.0,7.498942093324558,2.5625,combined,53.85593485750079,0.0
90.0,30.0,7.498942093324558,2.625,arca,65.41208466477677,0.0
90.0,30.0,7.498942093324558,2.625,orca,65.47121503625868,0.0
90.0,30.0,7.498942093324558,2.625,combined,61.12783932817322,0.0
90.0,30.0,7.498942093324558,2.6875,arca,60.858021978021966,0.0
90.0,30.0,7.498942093324558,2.6875,orca,66.28835774865074,0.0
90.0,30.0,7.498942093324558,2.6875,combined,59.44057063031792,0.0
90.0,30.0,7.498942093324558,2.75,arca,75.27600172425892,0.0
90.0,30.0,7.498942093324558,2.75,orca,58.95112653340502,0.0
90.0,30.0,7.498942093324558,2.75,combined,56.60177129804481,0.0
90.0,30.0,7.498942093324558,2.8125,arca,54.28437919900527,0.0
90.0,30.0,7.498942093324558,2.8125,orca,48.027331752264686,0.0
90.0,30.0,7.498942093324558,2.8125,combined,59.52406045515085,0.0
90.0,30.0,7.498942093324558,2.875,arca,63.219334605127806,0.0
90.0,30.0,7.498942093324558,2.875,orca,57.643500252908446,0.0
90.0,30.0,7.498942093324558,2.875,combined,54.4287839286,0.0
90.0,30.0,7.498942093324558,2.9375,arca,53.59087989723828,0.0
90.0,30.0,7.498942093324558,2.9375,orca,57.76112556159848,0.0
90.0,30.0,7.498942093324558,2.9375,combined,63.08816978907376,0.0
90.0,30.0,7.498942093324558,3.0,arca,54.4885103050868,0.0
90.0,30.0,7.498942093324558,3.0,orca,54.400503563350824,0.0
90.0,30.0,7.498942093324558,3.0,combined,62.76096878621959,0.0
90.0,30.0,21.54434690031882,1.5,arca,,
90.0,30.0,21.54434690031882,1.5,orca,,
90.0,30.0,21.54434690031882,1.5,combined,,
90.0,30.0,21.54434690031882,1.5625,arca,,
90.0,30.0,21.54434690031882,1.5625,orca,,
90.0,30.0,21.54434690031882,1.5625,combined,,
90.0,30.0,21.54434690031882,1.625,arca,,
90.0,30.0,21.54434690031882,1.625,orca,1598.6884636819618,0.0
90.0,30.0,21.54434690031882,1.625,combined,,
90.0,30.0,21.54434690031882,1.6875,arca,,
90.0,30.0,21.54434690031882,1.6875,orca,808.6843749999999,0.0
90.0,30.0,21.54434690031882,1.6875,combined,,
90.0,30.0,21.54434690031882,1.75,arca,,
90.0,30.0,21.54434690031882,1.75,orca,337.6530859829146,0.0
90.0,30.0,21.54434690031882,1.75,combined,,
90.0,30.0,21.54434690031882,1.8125,arca,,
90.0,30.0,21.54434690031882,1.8125,orca,150.2009705229467,0.0
90.0,30.0,21.54434690031882,1.8125,combined,,
90.0,30.0,21.54434690031882,1.875,arca,,
90.0,30.0,21.54434690031882,1.875,orca,75.84133611691023,0.0
90.0,30.0,21.54434690031882,1.875,combined,,
90.0,30.0,21.54434690031882,1.9375,arca,360543.2506134561,0.0
90.0,30.0,21.54434690031882,1.9375,orca,61.94604675597584,0.0
90.0,30.0,21.54434690031882,1.9375,combined,331155.27313430223,0.0
90.0,30.0,21.54434690031882,2.0,arca,116574.03675407803,0.0
90.0,30.0,21.54434690031882,2.0,orca,63.31745019920319,0.0
90.0,30.0,21.54434690031882,2.0,combined,103039.67952801884,0.0
90.0,30.0,21.54434690031882,2.0625,arca,33794.04525590813,0.0
90.0,30.0,21.54434690031882,2.0625,orca,66.13574348356957,0.0
90.0,30.0,21.54434690031882,2.0625,combined,29286.255097367757,0.0
90.0,30.0,21.54434690031882,2.125,arca,9688.286711948724,0.0
90.0,30.0,21.54434690031882,2.125,orca,53.7524187153053,0.0
90.0,30.0,21.54434690031882,2.125,combined,8524.56310759536,0.0
90.0,30.0,21.54434690031882,2.1875,arca,2899.434143949976,0.0
90.0,30.0,21.54434690031882,2.1875,orca,56.049343832021,0.0
90.0,30.0,21.54434690031882,2.1875,combined,2237.374429728322,0.0
90.0,30.0,21.54434690031882,2.25,arca,695.3153867490506,0.0
90.0,30.0,21.54434690031882,2.25,orca,63.21454238004651,0.0
90.0,30.0,21.54434690031882,2.25,combined,614.7408115607125,0.0
90.0,30.0,21.54434690031882,2.3125,arca,221.10911585963538,0.0
90.0,30.0,21.54434690031882,2.3125,orca,54.25070510811659,0.0
90.0,30.0,21.54434690031882,2.3125,combined,214.07503367535298,0.0
90.0,30.0,21.54434690031882,2.375,arca,99.78398640839994,0.0
90.0,30.0,21.54434690031882,2.375,orca,58.52775134792261,0.0
90.0,30.0,21.54434690031882,2.375,combined,110.48295059151009,0.0
90.0,30.0,21.54434690031882,2.4375,arca,61.76893814915505,0.0
90.0,30.0,21.54434690031882,2.4375,orca,71.39548602205691,0.0
90.0,30.0,21.54434690031882,2.4375,combined,67.54677237834478,0.0
90.0,30.0,21.54434690031882,2.5,arca,60.19669972264901,0.0
90.0,30.0,21.54434690031882,2.5,orca,64.96759592634503,0.0
90.0,30.0,21.54434690031882,2.5,combined,61.42753182231188,0.0
90.0,30.0,21.54434690031882,2.5625,arca,62.51959963312996,0.0
90.0,30.0,21.54434690031882,2.5625,orca,60.305181558547545,0.0
90.0,30.0,21.54434690031882,2.5625,combined,66.23800255050675,0.0
90.0,30.0,21.54434690031882,2.625,arca,63.78941126050252,0.0
90.0,30.0,21.54434690031882,2.625,orca,60.242977320804826,0.0
90.0,30.0,21.54434690031882,2.625,combined,62.006919000125194,0.0
90.0,30.0,21.54434690031882,2.6875,arca,62.9479079079079,0.0
90.0,30.0,21.54434690031882,2.6875,orca,53.79942734430923,0.0
90.0,30.0,21.54434690031882,2.6875,combined,62.246629340430346,0.0
90.0,30.0,21.54434690031882,2.75,arca,55.90925820356646,0.0
90.0,30.0,21.54434690031882,2.75,orca,67.35820895522389,0.0
90.0,30.0,21.54434690031882,2.75,combined,62.51922917047702,0.0
90.0,30.0,21.54434690031882,2.8125,arca,62.93491526780177,0.0
90.0,30.0,21.54434690031882,2.8125,orca,51.00018244845832,0.0
90.0,30.0,21.54434690031882,2.8125,combined,70.0476887486856,0.0
90.0,30.0,21.54434690031882,2.875,arca,57.243749624677214,0.0
90.0,30.0,21.54434690031882,2.875,orca,49.09454061251664,0.0
90.0,30.0,21.54434690031882,2.875,combined,63.40554502608142,0.0
90.0,30.0,21.54434690031882,2.9375,arca,59.67441463341136,0.0
90.0,30.0,21.54434690031882,2.9375,orca,56.526383896477356,0.0
90.0,30.0,21.54434690031882,2.9375,combined,58.67767714437934,0.0
90.0,30.0,21.54434690031882,3.0,arca,55.58095722506457,0.0
90.0,30.0,21.54434690031882,3.0,orca,60.230118443316414,0.0
90.0,30.0,21.54434690031882,3.0,combined,62.97610505709078,0.0
90.0,30.0,61.896581889125976,1.5,arca,,
90.0,30.0,61.896581889125976,1.5,orca,,
90.0,30.0,61.896581889125976,1.5,combined,,
90.0,30.0,61.896581889125976,1.5625,arca,,
90.0,30.0,61.896581889125976,1.5625,orca,,
90.0,30.0,61.896581889125976,1.5625,combined,,
90.0,30.0,61.896581889125976,1.625,arca,,
90.0,30.0,61.896581889125976,1.625,orca,,
90.0,30.0,61.896581889125976,1.625,combined,,
90.0,30.0,61.896581889125976,1.6875,arca,,
90.0,30.0,61.896581889125976,1.6875,orca,,
90.0,30.0,61.896581889125976,1.6875,combined,,
90.0,30.0,61.896581889125976,1.75,arca,,
90.0,30.0,61.896581889125976,1.75,orca,2020.752944921999,0.0
90.0,30.0,61.896581889125976,1.75,combined,,
90.0,30.0,61.896581889125976,1.8125,arca,,
90.0,30.0,61.896581889125976,1.8125,orca,839.7434791135518,0.0
90.0,30.0,61.896581889125976,1.8125,combined,,
90.0,30.0,61.896581889125976,1.875,arca,,
90.0,30.0,61.896581889125976,1.875,orca,334.49617775965754,0.0
90.0,30.0,61.896581889125976,1.875,combined,,
90.0,30.0,61.896581889125976,1.9375,arca,,
90.0,30.0,61.896581889125976,1.9375,orca,185.24364746674945,0.0
90.0,30.0,61.896581889125976,1.9375,combined,,
90.0,30.0,61.896581889125976,2.0,arca,,
90.0,30.0,61.896581889125976,2.0,orca,126.74779240898528,0.0
90.0,30.0,61.896581889125976,2.0,combined,,
90.0,30.0,61.896581889125976,2.0625,arca,204924.62514904415,0.0
90.0,30.0,61.896581889125976,2.0625,orca,83.29959046518954,0.0
90.0,30.0,61.896581889125976,2.0625,combined,186347.5014729951,0.0
90.0,30.0,61.896581889125976,2.125,arca,65874.04788772631,0.0
90.0,30.0,61.896581889125976,2.125,orca,58.75633497328465,0.0
90.0,30.0,61.896581889125976,2.125,combined,58140.17436960143,0.0
90.0,30.0,61.896581889125976,2.1875,arca,20115.88660828091,0.0
90.0,30.0,61.896581889125976,2.1875,orca,63.1468218442256,0.0
90.0,30.0,61.896581889125976,2.1875,combined,17810.91518625457,0.0
90.0,30.0,61.896581889125976,2.25,arca,6127.192986207634,0.0
90.0,30.0,61.896581889125976,2.25,orca,55.43986654662925,0.0
90.0,30.0,61.896581889125976,2.25,combined,5121.739916272996,0.0
90.0,30.0,61.896581889125976,2.3125,arca,1699.3016850929753,0.0
90.0,30.0,61.896581889125976,2.3125,orca,61.60961025093434,0.0
90.0,30.0,61.896581889125976,2.3125,combined,1522.8682717165975,0.0
90.0,30.0,61.896581889125976,2.375,arca,479.81139114173027,0.0
90.0,30.0,61.896581889125976,2.375,orca,65.62127395774138,0.0
90.0,30.0,61.896581889125976,2.375,combined,512.7458073869066,0.0
90.0,30.0,61.896581889125976,2.4375,arca,161.71613582055798,0.0
90.0,30.0,61.896581889125976,2.4375,orca,60.18137130694775,0.0
90.0,30.0,61.896581889125976,2.4375,combined,197.70306928383377,0.0
90.0,30.0,61.896581889125976,2.5,arca,86.88976861107261,0.0
90.0,30.0,61.896581889125976,2.5,orca,60.10366958231976,0.0
90.0,30.0,61.896581889125976,2.5,combined,85.66790141045733,0.0
90.0,30.0,61.896581889125976,2.5625,arca,64.89406527010375,0.0
90.0,30.0,61.896581889125976,2.5625,orca,59.0080571137175,0.0
90.0,30.0,61.896581889125976,2.5625,combined,59.231637090139856,0.0
90.0,30.0,61.896581889125976,2.625,arca,56.83244362998964,0.0
90.0,30.0,61.896581889125976,2.625,orca,68.80450894013993,0.0
90.0,30.0,61.896581889125976,2.625,combined,59.83532959209314,0.0
90.0,30.0,61.896581889125976,2.6875,arca,59.685268502907995,0.0
90.0,30.0,61.896581889125976,2.6875,orca,59.989839625460704,0.0
90.0,30.0,61.896581889125976,2.6875,combined,60.460612378726466,0.0
90.0,30.0,61.896581889125976,2.75,arca,59.23945570099416,0.0
90.0,30.0,61.896581889125976,2.75,orca,64.08791441584577,0.0
90.0,30.0,61.896581889125976,2.75,combined,58.19605415013436,0.0
90.0,30.0,61.896581889125976,2.8125,arca,59.03162459067285,0.0
90.0,30.0,61.896581889125976,2.8125,orca,51.490792593713735,0.0
90.0,30.0,61.896581889125976,2.8125,combined,61.50030461597523,0.0
90.0,30.0,61.896581889125976,2.875,arca,60.15759128763614,0.0
90.0,30.0,61.896581889125976,2.875,orca,59.54044732971548,0.0
90.0,30.0,61.896581889125976,2.875,combined,68.27904127740786,0.0
90.0,30.0,61.896581889125976,2.9375,arca,53.76365017946948,0.0
90.0,30.0,61.896581889125976,2.9375,orca,63.1940353267991,0.0
90.0,30.0,61.896581889125976,2.9375,combined,56.01637351934939,0.0
90.0,30.0,61.896581889125976,3.0,arca,56.6738719832109,0.0
90.0,30.0,61.896581889125976,3.0,orca,59.760657490311374,0.0
90.0,30.0,61.896581889125976,3.0,combined,62.51450694716486,0.0
90.0,30.0,177.82794100389228,1.5,arca,,
90.0,30.0,177.82794100389228,1.5,orca,,
90.0,30.0,177.82794100389228,1.5,combined,,
90.0,30.0,177.82794100389228,1.5625,arca,,
90.0,30.0,177.82794100389228,1.5625,orca,,
90.0,30.0,177.82794100389228,1.5625,combined,,
90.0,30.0,177.82794100389228,1.625,arca,,
90.0,30.0,177.82794100389228,1.625,orca,,
90.0,30.0,177.82794100389228,1.625,combined,,
90.0,30.0,177.82794100389228,1.6875,arca,,
90.0,30.0,177.82794100389228,1.6875,orca,,
90.0,30.0,177.82794100389228,1.6875,combined,,
90.0,30.0,177.82794100389228,1.75,arca,,
90.0,30.0,177.82794100389228,1.75,orca,,
90.0,30.0,177.82794100389228,1.75,combined,,
90.0,30.0,177.82794100389228,1.8125,arca,,
90.0,30.0,177.82794100389228,1.8125,orca,,
90.0,30.0,177.82794100389228,1.8125,combined,,
90.0,30.0,177.82794100389228,1.875,arca,,
90.0,30.0,177.82794100389228,1.875,orca,2256.4320601127115,0.0
90.0,30.0,177.82794100389228,1.875,combined,,
90.0,30.0,177.82794100389228,1.9375,arca,,
90.0,30.0,177.82794100389228,1.9375,orca,1097.4750356633383,0.0
90.0,30.0,177.82794100389228,1.9375,combined,,
90.0,30.0,177.82794100389228,2.0,arca,,
90.0,30.0,177.82794100389228,2.0,orca,466.55835390117363,0.0
90.0,30.0,177.82794100389228,2.0,combined,,
90.0,30.0,177.82794100389228,2.0625,arca,,
90.0,30.0,177.82794100389228,2.0625,orca,176.48371054501166,0.0
90.0,30.0,177.82794100389228,2.0625,combined,,
90.0,30.0,177.82794100389228,2.125,arca,361308.4183469177,0.0
90.0,30.0,177.82794100389228,2.125,orca,125.85656877897992,0.0
90.0,30.0,177.82794100389228,2.125,combined,336415.9054477472,0.0
90.0,30.0,177.82794100389228,2.1875,arca,127424.57237882064,0.0
90.0,30.0,177.82794100389228,2.1875,orca,100.59302996903374,0.0
90.0,30.0,177.82794100389228,2.1875,combined,115600.85657943947,0.0
90.0,30.0,177.82794100389228,2.25,arca,41448.30385044217,0.0
90.0,30.0,177.82794100389228,2.25,orca,61.249920136300716,0.0
90.0,30.0,177.82794100389228,2.25,combined,37624.883075112506,0.0
90.0,30.0,177.82794100389228,2.3125,arca,13322.468621909926,0.0
90.0,30.0,177.82794100389228,2.3125,orca,54.64682117797152,0.0
90.0,30.0,177.82794100389228,2.3125,combined,11707.834948451331,0.0
90.0,30.0,177.82794100389228,2.375,arca,4071.217417777657,0.0
90.0,30.0,177.82794100389228,2.375,orca,56.047659574468085,0.0
90.0,30.0,177.82794100389228,2.375,combined,3790.065762385314,0.0
90.0,30.0,177.82794100389228,2.4375,arca,1362.6636581635544,0.0
90.0,30.0,177.82794100389228,2.4375,orca,58.22335873082141,0.0
90.0,30.0,177.82794100389228,2.4375,combined,1112.0549276544866,0.0
90.0,30.0,177.82794100389228,2.5,arca,446.16311121880295,0.0
90.0,30.0,177.82794100389228,2.5,orca,59.60352238180103,0.0
90.0,30.0,177.82794100389228,2.5,combined,375.55280071946606,0.0
90.0,30.0,177.82794100389228,2.5625,arca,159.76127939830081,0.0
90.0,30.0,177.82794100389228,2.5625,orca,59.09125435172487,0.0
90.0,30.0,177.82794100389228,2.5625,combined,173.33181443316147,0.0
90.0,30.0,177.82794100389228,2.625,arca,74.99982144805625,0.0
90.0,30.0,177.82794100389228,2.625,orca,54.93328046523922,0.0
90.0,30.0,177.82794100389228,2.625,combined,86.44669031523996,0.0
90.0,30.0,177.82794100389228,2.6875,arca,65.63555480277776,0.0
90.0,30.0,177.82794100389228,2.6875,orca,60.066103638828075,0.0
90.0,30.0,177.82794100389228,2.6875,combined,60.336393674174595,0.0
90.0,30.0,177.82794100389228,2.75,arca,58.46351281335937,0.0
90.0,30.0,177.82794100389228,2.75,orca,62.58989643849456,0.0
90.0,30.0,177.82794100389228,2.75,combined,63.663360427681624,0.0
90.0,30.0,177.82794100389228,2.8125,arca,59.151698083035164,0.0
90.0,30.0,177.82794100389228,2.8125,orca,55.933444868510485,0.0
90.0,30.0,177.82794100389228,2.8125,combined,64.98094982559701,0.0
90.0,30.0,177.82794100389228,2.875,arca,55.5722986600635,0.0
90.0,30.0,177.82794100389228,2.875,orca,65.70431893687709,0.0
90.0,30.0,177.82794100389228,2.875,combined,54.639293321638895,0.0
90.0,30.0,177.82794100389228,2.9375,arca,56.97265928806461,0.0
90.0,30.0,177.82794100389228,2.9375,orca,65.91574154601729,0.0
90.0,30.0,177.82794100389228,2.9375,combined,54.129441967301716,0.0
90.0,30.0,177.82794100389228,3.0,arca,66.14324627463546,0.0
90.0,30.0,177.82794100389228,3.0,orca,68.73686152548629,0.0
90.0,30.0,177.82794100389228,3.0,combined,54.36169784751559,0.0
90.0,30.0,510.8969774506914,1.5,arca,,
90.0,30.0,510.8969774506914,1.5,orca,,
90.0,30.0,510.8969774506914,1.5,combined,,
90.0,30.0,510.8969774506914,1.5625,arca,,
90.0,30.0,510.8969774506914,1.5625,orca,,
90.0,30.0,510.8969774506914,1.5625,combined,,
90.0,30.0,510.8969774506914,1.625,arca,,
90.0,30.0,510.8969774506914,1.625,orca,,
90.0,30.0,510.8969774506914,1.625,combined,,
90.0,30.0,510.8969774506914,1.6875,arca,,
90.0,30.0,510.8969774506914,1.6875,orca,,
90.0,30.0,510.8969774506914,1.6875,combined,,
90.0,30.0,510.8969774506914,1.75,arca,,
90.0,30.0,510.8969774506914,1.75,orca,,
90.0,30.0,510.8969774506914,1.75,combined,,
90.0,30.0,510.8969774506914,1.8125,arca,,
90.0,30.0,510.8969774506914,1.8125,orca,,
90.0,30.0,510.8969774506914,1.8125,combined,,
90.0,30.0,510.8969774506914,1.875,arca,,
90.0,30.0,510.8969774506914,1.875,orca,,
90.0,30.0,510.8969774506914,1.875,combined,,
90.0,30.0,510.8969774506914,1.9375,arca,,
90.0,30.0,510.8969774506914,1.9375,orca,,
90.0,30.0,510.8969774506914,1.9375,combined,,
90.0,30.0,510.8969774506914,2.0,arca,,
90.0,30.0,510.8969774506914,2.0,orca,2849.6465138532467,0.0
90.0,30.0,510.8969774506914,2.0,combined,,
90.0,30.0,510.8969774506914,2.0625,arca,,
90.0,30.0,510.8969774506914,2.0625,orca,1376.7281931834386,0.0
90.0,30.0,510.8969774506914,2.0625,combined,,
90.0,30.0,510.8969774506914,2.125,arca,,
90.0,30.0,510.8969774506914,2.125,orca,582.5715910776992,0.0
90.0,30.0,510.8969774506914,2.125,combined,,
90.0,30.0,510.8969774506914,2.1875,arca,,
90.0,30.0,510.8969774506914,2.1875,orca,262.15829094608335,0.0
90.0,30.0,510.8969774506914,2.1875,combined,,
90.0,30.0,510.8969774506914,2.25,arca,248155.98234260487,0.0
90.0,30.0,510.8969774506914,2.25,orca,201.97470245762275,0.0
90.0,30.0,510.8969774506914,2.25,combined,226596.4488447074,0.0
90.0,30.0,510.8969774506914,2.3125,arca,88568.27083645067,0.0
90.0,30.0,510.8969774506914,2.3125,orca,86.47869937490152,0.0
90.0,30.0,510.8969774506914,2.3125,combined,80152.6447183375,0.0
90.0,30.0,510.8969774506914,2.375,arca,29973.795397132766,0.0
90.0,30.0,510.8969774506914,2.375,orca,82.08067226890756,0.0
90.0,30.0,510.8969774506914,2.375,combined,26592.361711842605,0.0
90.0,30.0,510.8969774506914,2.4375,arca,10087.685742040121,0.0
90.0,30.0,510.8969774506914,2.4375,orca,58.57673411168047,0.0
90.0,30.0,510.8969774506914,2.4375,combined,8948.712611415518,0.0
90.0,30.0,510.8969774506914,2.5,arca,3493.8584609740437,0.0
90.0,30.0,510.8969774506914,2.5,orca,58.68048395581275,0.0
90.0,30.0,510.8969774506914,2.5,combined,2996.0659285354805,0.0
90.0,30.0,510.8969774506914,2.5625,arca,1141.4140433068617,0.0
90.0,30.0,510.8969774506914,2.5625,orca,65.2859406358931,0.0
90.0,30.0,510.8969774506914,2.5625,combined,978.3770587519766,0.0
90.0,30.0,510.8969774506914,2.625,arca,383.71012682926823,0.0
90.0,30.0,510.8969774506914,2.625,orca,68.95713838773595,0.0
90.0,30.0,510.8969774506914,2.625,combined,363.3508873488696,0.0
90.0,30.0,510.8969774506914,2.6875,arca,132.92351319417094,0.0
90.0,30.0,510.8969774506914,2.6875,orca,65.56393022883663,0.0
90.0,30.0,510.8969774506914,2.6875,combined,132.7992692490991,0.0
90.0,30.0,510.8969774506914,2.75,arca,84.94649585531275,0.0
90.0,30.0,510.8969774506914,2.75,orca,66.78297582210101,0.0
90.0,30.0,510.8969774506914,2.75,combined,67.95993142626644,0.0
90.0,30.0,510.8969774506914,2.8125,arca,53.69490394478692,0.0
90.0,30.0,510.8969774506914,2.8125,orca,55.357473865718305,0.0
90.0,30.0,510.8969774506914,2.8125,combined,64.90715664065777,0.0
90.0,30.0,510.8969774506914,2.875,arca,60.82585042147426,0.0
90.0,30.0,510.8969774506914,2.875,orca,55.06483632523759,0.0
90.0,30.0,510.8969774506914,2.875,combined,56.47204104191101,0.0
90.0,30.0,510.8969774506914,2.9375,arca,63.457311910430214,0.0
90.0,30.0,510.8969774506914,2.9375,orca,58.56039441248973,0.0
90.0,30.0,510.8969774506914,2.9375,combined,56.63511780193073,0.0
90.0,30.0,510.8969774506914,3.0,arca,59.9768728405664,0.0
90.0,30.0,510.8969774506914,3.0,orca,60.78968505601353,0.0
90.0,30.0,510.8969774506914,3.0,combined,56.364343424184526,0.0
90.0,30.0,1467.7992676220676,1.5,arca,,
90.0,30.0,1467.7992676220676,1.5,orca,,
90.0,30.0,1467.7992676220676,1.5,combined,,
90.0,30.0,1467.7992676220676,1.5625,arca,,
90.0,30.0,1467.7992676220676,1.5625,orca,,
90.0,30.0,1467.7992676220676,1.5625,combined,,
90.0,30.0,1467.7992676220676,1.625,arca,,
90.0,30.0,1467.7992676220676,1.625,orca,,
90.0,30.0,1467.7992676220676,1.625,combined,,
90.0,30.0,1467.7992676220676,1.6875,arca,,
90.0,30.0,1467.7992676220676,1.6875,orca,,
90.0,30.0,1467.7992676220676,1.6875,combined,,
90.0,30.0,1467.7992676220676,1.75,arca,,
90.0,30.0,1467.7992676220676,1.75,orca,,
90.0,30.0,1467.7992676220676,1.75,combined,,
90.0,30.0,1467.7992676220676,1.8125,arca,,
90.0,30.0,1467.7992676220676,1.8125,orca,,
90.0,30.0,1467.7992676220676,1.8125,combined,,
90.0,30.0,1467.7992676220676,1.875,arca,,
90.0,30.0,1467.7992676220676,1.875,orca,,
90.0,30.0,1467.7992676220676,1.875,combined,,
90.0,30.0,1467.7992676220676,1.9375,arca,,
90.0,30.0,1467.7992676220676,1.9375,orca,,
90.0,30.0,1467.7992676220676,1.9375,combined,,
90.0,30.0,1467.7992676220676,2.0,arca,,
90.0,30.0,1467.7992676220676,2.0,orca,,
90.0,30.0,1467.7992676220676,2.0,combined,,
90.0,30.0,1467.7992676220676,2.0625,arca,,
90.0,30.0,1467.7992676220676,2.0625,orca,,
90.0,30.0,1467.7992676220676,2.0625,combined,,
90.0,30.0,1467.7992676220676,2.125,arca,,
90.0,30.0,1467.7992676220676,2.125,orca,3648.6356839850473,0.0
90.0,30.0,1467.7992676220676,2.125,combined,,
90.0,30.0,1467.7992676220676,2.1875,arca,,
90.0,30.0,1467.7992676220676,2.1875,orca,1895.5693464112196,0.0
90.0,30.0,1467.7992676220676,2.1875,combined,,
90.0,30.0,1467.7992676220676,2.25,arca,,
90.0,30.0,1467.7992676220676,2.25,orca,976.4062484956432,0.0
90.0,30.0,1467.7992676220676,2.25,combined,,
90.0,30.0,1467.7992676220676,2.3125,arca,,
90.0,30.0,1467.7992676220676,2.3125,orca,460.3559663526923,0.0
90.0,30.0,1467.7992676220676,2.3125,combined,,
90.0,30.0,1467.7992676220676,2.375,arca,183008.39000927552,0.0
90.0,30.0,1467.7992676220676,2.375,orca,276.9303825956489,0.0
90.0,30.0,1467.7992676220676,2.375,combined,167953.28016008547,0.0
90.0,30.0,1467.7992676220676,2.4375,arca,67728.44218480108,0.0
90.0,30.0,1467.7992676220676,2.4375,orca,142.0156314273961,0.0
90.0,30.0,1467.7992676220676,2.4375,combined,61871.68632818878,0.0
90.0,30.0,1467.7992676220676,2.5,arca,24635.11711616658,0.0
90.0,30.0,1467.7992676220676,2.5,orca,104.11310611201003,0.0
90.0,30.0,1467.7992676220676,2.5,combined,21646.16164836796,0.0
90.0,30.0,1467.7992676220676,2.5625,arca,8595.946156338385,0.0
90.0,30.0,1467.7992676220676,2.5625,orca,97.37774616721984,0.0
90.0,30.0,1467.7992676220676,2.5625,combined,7619.185035693845,0.0
90.0,30.0,1467.7992676220676,2.625,arca,2742.8451616469656,0.0
90.0,30.0,1467.7992676220676,2.625,orca,77.10270012200945,0.0
90.0,30.0,1467.7992676220676,2.625,combined,2393.0280985100703,0.0
90.0,30.0,1467.7992676220676,2.6875,arca,993.922914164808,0.0
90.0,30.0,1467.7992676220676,2.6875,orca,70.48205563813971,0.0
90.0,30.0,1467.7992676220676,2.6875,combined,964.4274054563782,0.0
90.0,30.0,1467.7992676220676,2.75,arca,365.1032349680005,0.0
90.0,30.0,1467.7992676220676,2.75,orca,53.09402754879541,0.0
90.0,30.0,1467.7992676220676,2.75,combined,345.8836301052492,0.0
90.0,30.0,1467.7992676220676,2.8125,arca,143.46083674111358,0.0
90.0,30.0,1467.7992676220676,2.8125,orca,59.91713168187744,0.0
90.0,30.0,1467.7992676220676,2.8125,combined,164.90772793149978,0.0
90.0,30.0,1467.7992676220676,2.875,arca,76.23877935202617,0.0
90.0,30.0,1467.7992676220676,2.875,orca,60.08290457752082,0.0
90.0,30.0,1467.7992676220676,2.875,combined,74.93258823233046,0.0
90.0,30.0,1467.7992676220676,2.9375,arca,61.03699731903485,0.0
90.0,30.0,1467.7992676220676,2.9375,orca,61.869505711428125,0.0
90.0,30.0,1467.7992676220676,2.9375,combined,73.05320879378867,0.0
90.0,30.0,1467.7992676220676,3.0,arca,62.38022340922882,0.0
90.0,30.0,1467.7992676220676,3.0,orca,48.78935615928545,0.0
90.0,30.0,1467.7992676220676,3.0,combined,70.31827290638734,0.0
90.0,30.0,4216.965034285822,1.5,arca,,
90.0,30.0,4216.965034285822,1.5,orca,,
90.0,30.0,4216.965034285822,1.5,combined,,
90.0,30.0,4216.965034285822,1.5625,arca,,
90.0,30.0,4216.965034285822,1.5625,orca,,
90.0,30.0,4216.965034285822,1.5625,combined,,
90.0,30.0,4216.965034285822,1.625,arca,,
90.0,30.0,4216.965034285822,1.625,orca,,
90.0,30.0,4216.965034285822,1.625,combined,,
90.0,30.0,4216.965034285822,1.6875,arca,,
90.0,30.0,4216.965034285822,1.6875,orca,,
90.0,30.0,4216.965034285822,1.6875,combined,,
90.0,30.0,4216.965034285822,1.75,arca,,
90.0,30.0,4216.965034285822,1.75,orca,,
90.0,30.0,4216.965034285822,1.75,combined,,
90.0,30.0,4216.965034285822,1.8125,arca,,
90.0,30.0,4216.965034285822,1.8125,orca,,
90.0,30.0,4216.965034285822,1.8125,combined,,
90.0,30.0,4216.965034285822,1.875,arca,,
90.0,30.0,4216.965034285822,1.875,orca,,
90.0,30.0,4216.965034285822,1.875,combined,,
90.0,30.0,4216.965034285822,1.9375,arca,,
90.0,30.0,4216.965034285822,1.9375,orca,,
90.0,30.0,4216.965034285822,1.9375,combined,,
90.0,30.0,4216.965034285822,2.0,arca,,
90.0,30.0,4216.965034285822,2.0,orca,,
90.0,30.0,4216.965034285822,2.0,combined,,
90.0,30.0,4216.965034285822,2.0625,arca,,
90.0,30.0,4216.965034285822,2.0625,orca,,
90.0,30.0,4216.965034285822,2.0625,combined,,
90.0,30.0,4216.965034285822,2.125,arca,,
90.0,30.0,4216.965034285822,2.125,orca,,
90.0,30.0,4216.965034285822,2.125,combined,,
90.0,30.0,4216.965034285822,2.1875,arca,,
90.0,30.0,4216.965034285822,2.1875,orca,,
90.0,30.0,4216.965034285822,2.1875,combined,,
90.0,30.0,4216.965034285822,2.25,arca,,
90.0,30.0,4216.965034285822,2.25,orca,,
90.0,30.0,4216.965034285822,2.25,combined,,
90.0,30.0,4216.965034285822,2.3125,arca,,
90.0,30.0,4216.965034285822,2.3125,orca,2915.286461739699,0.0
90.0,30.0,4216.965034285822,2.3125,combined,,
90.0,30.0,4216.965034285822,2.375,arca,,
90.0,30.0,4216.965034285822,2.375,orca,1609.0944874545285,0.0
90.0,30.0,4216.965034285822,2.375,combined,,
90.0,30.0,4216.965034285822,2.4375,arca,370677.0201639198,0.0
90.0,30.0,4216.965034285822,2.4375,orca,863.1548198636807,0.0
90.0,30.0,4216.965034285822,2.4375,combined,351676.744862999,0.0
90.0,30.0,4216.965034285822,2.5,arca,149450.47901390103,0.0
90.0,30.0,4216.965034285822,2.5,orca,451.20811040552024,0.0
90.0,30.0,4216.965034285822,2.5,combined,138618.9174583381,0.0
90.0,30.0,4216.965034285822,2.5625,arca,56691.44711095511,0.0
90.0,30.0,4216.965034285822,2.5625,orca,286.6526449000253,0.0
90.0,30.0,4216.965034285822,2.5625,combined,52160.53186610472,0.0
90.0,30.0,4216.965034285822,2.625,arca,21008.64350334338,0.0
90.0,30.0,4216.965034285822,2.625,orca,134.6413556858878,0.0
90.0,30.0,4216.965034285822,2.625,combined,19325.522985931915,0.0
90.0,30.0,4216.965034285822,2.6875,arca,7809.127172918573,0.0
90.0,30.0,4216.965034285822,2.6875,orca,128.98593879239036,0.0
90.0,30.0,4216.965034285822,2.6875,combined,7069.831185947689,0.0
90.0,30.0,4216.965034285822,2.75,arca,2851.0833510289626,0.0
90.0,30.0,4216.965034285822,2.75,orca,93.5431955165486,0.0
90.0,30.0,4216.965034285822,2.75,combined,2573.98590458733,0.0
90.0,30.0,4216.965034285822,2.8125,arca,1111.0862288902008,0.0
90.0,30.0,4216.965034285822,2.8125,orca,77.00408697930311,0.0
90.0,30.0,4216.965034285822,2.8125,combined,969.6398402703119,0.0
90.0,30.0,4216.965034285822,2.875,arca,373.03823343234166,0.0
90.0,30.0,4216.965034285822,2.875,orca,64.42645746969617,0.0
90.0,30.0,4216.965034285822,2.875,combined,408.30693623997956,0.0
90.0,30.0,4216.965034285822,2.9375,arca,155.58529811499142,0.0
90.0,30.0,4216.965034285822,2.9375,orca,60.79742425841867,0.0
90.0,30.0,4216.965034285822,2.9375,combined,188.62022112694814,0.0
90.0,30.0,4216.965034285822,3.0,arca,93.01674686244357,0.0
90.0,30.0,4216.965034285822,3.0,orca,62.157201559372055,0.0
90.0,30.0,4216.965034285822,3.0,combined,98.91801300529598,0.0
90.0,30.0,12115.276586285852,1.5,arca,,
90.0,30.0,12115.276586285852,1.5,orca,,
90.0,30.0,12115.276586285852,1.5,combined,,
90.0,30.0,12115.276586285852,1.5625,arca,,
90.0,30.0,12115.276586285852,1.5625,orca,,
90.0,30.0,12115.276586285852,1.5625,combined,,
90.0,30.0,12115.276586285852,1.625,arca,,
90.0,30.0,12115.276586285852,1.625,orca,,
90.0,30.0,12115.276586285852,1.625,combined,,
90.0,30.0,12115.276586285852,1.6875,arca,,
90.0,30.0,12115.276586285852,1.6875,orca,,
90.0,30.0,12115.276586285852,1.6875,combined,,
90.0,30.0,12115.276586285852,1.75,arca,,
90.0,30.0,12115.276586285852,1.75,orca,,
90.0,30.0,12115.276586285852,1.75,combined,,
90.0,30.0,12115.276586285852,1.8125,arca,,
90.0,30.0,12115.276586285852,1.8125,orca,,
90.0,30.0,12115.276586285852,1.8125,combined,,
90.0,30.0,12115.276586285852,1.875,arca,,
90.0,30.0,12115.276586285852,1.875,orca,,
90.0,30.0,12115.276586285852,1.875,combined,,
90.0,30.0,12115.276586285852,1.9375,arca,,
90.0,30.0,12115.276586285852,1.9375,orca,,
90.0,30.0,12115.276586285852,1.9375,combined,,
90.0,30.0,12115.276586285852,2.0,arca,,
90.0,30.0,12115.276586285852,2.0,orca,,
90.0,30.0,12115.276586285852,2.0,combined,,
90.0,30.0,12115.276586285852,2.0625,arca,,
90.0,30.0,12115.276586285852,2.0625,orca,,
90.0,30.0,12115.276586285852,2.0625,combined,,
90.0,30.0,12115.276586285852,2.125,arca,,
90.0,30.0,12115.276586285852,2.125,orca,,
90.0,30.0,12115.276586285852,2.125,combined,,
90.0,30.0,12115.276586285852,2.1875,arca,,
90.0,30.0,12115.276586285852,2.1875,orca,,
90.0,30.0,12115.276586285852,2.1875,combined,,
90.0,30.0,12115.276586285852,2.25,arca,,
90.0,30.0,12115.276586285852,2.25,orca,,
90.0,30.0,12115.276586285852,2.25,combined,,
90.0,30.0,12115.276586285852,2.3125,arca,,
90.0,30.0,12115.276586285852,2.3125,orca,,
90.0,30.0,12115.276586285852,2.3125,combined,,
90.0,30.0,12115.276586285852,2.375,arca,,
90.0,30.0,12115.276586285852,2.375,orca,,
90.0,30.0,12115.276586285852,2.375,combined,,
90.0,30.0,12115.276586285852,2.4375,arca,,
90.0,30.0,12115.276586285852,2.4375,orca,5174.781132691365,0.0
90.0,30.0,12115.276586285852,2.4375,combined,,
90.0,30.0,12115.276586285852,2.5,arca,,
90.0,30.0,12115.276586285852,2.5,orca,3089.349304209969,0.0
90.0,30.0,12115.276586285852,2.5,combined,,
90.0,30.0,12115.276586285852,2.5625,arca,316896.03668129176,0.0
90.0,30.0,12115.276586285852,2.5625,orca,1973.1678832116788,0.0
90.0,30.0,12115.276586285852,2.5625,combined,306797.63256873563,0.0
90.0,30.0,12115.276586285852,2.625,arca,135261.65889801295,0.0
90.0,30.0,12115.276586285852,2.625,orca,1089.6090747927747,0.0
90.0,30.0,12115.276586285852,2.625,combined,126445.39238318897,0.0
90.0,30.0,12115.276586285852,2.6875,arca,52297.003468916286,0.0
90.0,30.0,12115.276586285852,2.6875,orca,632.6683540571091,0.0
90.0,30.0,12115.276586285852,2.6875,combined,50752.878763641995,0.0
90.0,30.0,12115.276586285852,2.75,arca,20172.388872883515,0.0
90.0,30.0,12115.276586285852,2.75,orca,371.4510877757122,0.0
90.0,30.0,12115.276586285852,2.75,combined,19538.433880449542,0.0
90.0,30.0,12115.276586285852,2.8125,arca,7754.836719238458,0.0
90.0,30.0,12115.276586285852,2.8125,orca,272.4960198752725,0.0
90.0,30.0,12115.276586285852,2.8125,combined,7604.555696431806,0.0
90.0,30.0,12115.276586285852,2.875,arca,2767.8500254194205,0.0
90.0,30.0,12115.276586285852,2.875,orca,209.14093444552483,0.0
90.0,30.0,12115.276586285852,2.875,combined,2874.9510010371814,0.0
90.0,30.0,12115.276586285852,2.9375,arca,1095.2731143552312,0.0
90.0,30.0,12115.276586285852,2.9375,orca,164.0113961596503,0.0
90.0,30.0,12115.276586285852,2.9375,combined,1278.4216896713542,0.0
90.0,30.0,12115.276586285852,3.0,arca,457.64545472177497,0.0
90.0,30.0,12115.276586285852,3.0,orca,117.72932642487048,0.0
90.0,30.0,12115.276586285852,3.0,combined,560.1438208733662,0.0
90.0,30.0,34807.00588428406,1.5,arca,,
90.0,30.0,34807.00588428406,1.5,orca,,
90.0,30.0,34807.00588428406,1.5,combined,,
90.0,30.0,34807.00588428406,1.5625,arca,,
90.0,30.0,34807.00588428406,1.5625,orca,,
90.0,30.0,34807.00588428406,1.5625,combined,,
90.0,30.0,34807.00588428406,1.625,arca,,
90.0,30.0,34807.00588428406,1.625,orca,,
90.0,30.0,34807.00588428406,1.625,combined,,
90.0,30.0,34807.00588428406,1.6875,arca,,
90.0,30.0,34807.00588428406,1.6875,orca,,
90.0,30.0,34807.00588428406,1.6875,combined,,
90.0,30.0,34807.00588428406,1.75,arca,,
90.0,30.0,34807.00588428406,1.75,orca,,
90.0,30.0,34807.00588428406,1.75,combined,,
90.0,30.0,34807.00588428406,1.8125,arca,,
90.0,30.0,34807.00588428406,1.8125,orca,,
90.0,30.0,34807.00588428406,1.8125,combined,,
90.0,30.0,34807.00588428406,1.875,arca,,
90.0,30.0,34807.00588428406,1.875,orca,,
90.0,30.0,34807.00588428406,1.875,combined,,
90.0,30.0,34807.00588428406,1.9375,arca,,
90.0,30.0,34807.00588428406,1.9375,orca,,
90.0,30.0,34807.00588428406,1.9375,combined,,
90.0,30.0,34807.00588428406,2.0,arca,,
90.0,30.0,34807.00588428406,2.0,orca,,
90.0,30.0,34807.00588428406,2.0,combined,,
90.0,30.0,34807.00588428406,2.0625,arca,,
90.0,30.0,34807.00588428406,2.0625,orca,,
90.0,30.0,34807.00588428406,2.0625,combined,,
90.0,30.0,34807.00588428406,2.125,arca,,
90.0,30.0,34807.00588428406,2.125,orca,,
90.0,30.0,34807.00588428406,2.125,combined,,
90.0,30.0,34807.00588428406,2.1875,arca,,
90.0,30.0,34807.00588428406,2.1875,orca,,
90.0,30.0,34807.00588428406,2.1875,combined,,
90.0,30.0,34807.00588428406,2.25,arca,,
90.0,30.0,34807.00588428406,2.25,orca,,
90.0,30.0,34807.00588428406,2.25,combined,,
90.0,30.0,34807.00588428406,2.3125,arca,,
90.0,30.0,34807.00588428406,2.3125,orca,,
90.0,30.0,34807.00588428406,2.3125,combined,,
90.0,30.0,34807.00588428406,2.375,arca,,
90.0,30.0,34807.00588428406,2.375,orca,,
90.0,30.0,34807.00588428406,2.375,combined,,
90.0,30.0,34807.00588428406,2.4375,arca,,
90.0,30.0,34807.00588428406,2.4375,orca,,
90.0,30.0,34807.00588428406,2.4375,combined,,
90.0,30.0,34807.00588428406,2.5,arca,,
90.0,30.0,34807.00588428406,2.5,orca,,
90.0,30.0,34807.00588428406,2.5,combined,,
90.0,30.0,34807.00588428406,2.5625,arca,,
90.0,30.0,34807.00588428406,2.5625,orca,,
90.0,30.0,34807.00588428406,2.5625,combined,,
90.0,30.0,34807.00588428406,2.625,arca,,
90.0,30.0,34807.00588428406,2.625,orca,6409.2679841897225,0.0
90.0,30.0,34807.00588428406,2.625,combined,,
90.0,30.0,34807.00588428406,2.6875,arca,300045.21191912884,0.0
90.0,30.0,34807.00588428406,2.6875,orca,4044.2624542817503,0.0
90.0,30.0,34807.00588428406,2.6875,combined,292113.4409223463,0.0
90.0,30.0,34807.00588428406,2.75,arca,130371.79687962374,0.0
90.0,30.0,34807.00588428406,2.75,orca,2559.5807486631015,0.0
90.0,30.0,34807.00588428406,2.75,combined,126693.79430313337,0.0
90.0,30.0,34807.00588428406,2.8125,arca,52494.50124821287,0.0
90.0,30.0,34807.00588428406,2.8125,orca,1673.784852578136,0.0
90.0,30.0,34807.00588428406,2.8125,combined,52961.09138153937,0.0
90.0,30.0,34807.00588428406,2.875,arca,21695.52840257997,0.0
90.0,30.0,34807.00588428406,2.875,orca,1262.9663770306008,0.0
90.0,30.0,34807.00588428406,2.875,combined,22082.54340113113,0.0
90.0,30.0,34807.00588428406,2.9375,arca,8290.89334571937,0.0
90.0,30.0,34807.00588428406,2.9375,orca,826.6680510089412,0.0
90.0,30.0,34807.00588428406,2.9375,combined,8929.52267187465,0.0
90.0,30.0,34807.00588428406,3.0,arca,3180.0152373779583,0.0
90.0,30.0,34807.00588428406,3.0,orca,608.0849712130238,0.0
90.0,30.0,34807.00588428406,3.0,combined,3801.128502693333,0.0
90.0,30.0,100000.0,1.5,arca,,
90.0,30.0,100000.0,1.5,orca,,
90.0,30.0,100000.0,1.5,combined,,
90.0,30.0,100000.0,1.5625,arca,,
90.0,30.0,100000.0,1.5625,orca,,
90.0,30.0,100000.0,1.5625,combined,,
90.0,30.0,100000.0,1.625,arca,,
90.0,30.0,100000.0,1.625,orca,,
90.0,30.0,100000.0,1.625,combined,,
90.0,30.0,100000.0,1.6875,arca,,
90.0,30.0,100000.0,1.6875,orca,,
90.0,30.0,100000.0,1.6875,combined,,
90.0,30.0,100000.0,1.75,arca,,
90.0,30.0,100000.0,1.75,orca,,
90.0,30.0,100000.0,1.75,combined,,
90.0,30.0,100000.0,1.8125,arca,,
90.0,30.0,100000.0,1.8125,orca,,
90.0,30.0,100000.0,1.8125,combined,,
90.0,30.0,100000.0,1.875,arca,,
90.0,30.0,100000.0,1.875,orca,,
90.0,30.0,100000.0,1.875,combined,,
90.0,30.0,100000.0,1.9375,arca,,
90.0,30.0,100000.0,1.9375,orca,,
90.0,30.0,100000.0,1.9375,combined,,
90.0,30.0,100000.0,2.0,arca,,
90.0,30.0,100000.0,2.0,orca,,
90.0,30.0,100000.0,2.0,combined,,
90.0,30.0,100000.0,2.0625,arca,,
90.0,30.0,100000.0,2.0625,orca,,
90.0,30.0,100000.0,2.0625,combined,,
90.0,30.0,100000.0,2.125,arca,,
90.0,30.0,100000.0,2.125,orca,,
90.0,30.0,100000.0,2.125,combined,,
90.0,30.0,100000.0,2.1875,arca,,
90.0,30.0,100000.0,2.1875,orca,,
90.0,30.0,100000.0,2.1875,combined,,
90.0,30.0,100000.0,2.25,arca,,
90.0,30.0,100000.0,2.25,orca,,
90.0,30.0,100000.0,2.25,combined,,
90.0,30.0,100000.0,2.3125,arca,,
90.0,30.0,100000.0,2.3125,orca,,
90.0,30.0,100000.0,2.3125,combined,,
90.0,30.0,100000.0,2.375,arca,,
90.0,30.0,100000.0,2.375,orca,,
90.0,30.0,100000.0,2.375,combined,,
90.0,30.0,100000.0,2.4375,arca,,
90.0,30.0,100000.0,2.4375,orca,,
90.0,30.0,100000.0,2.4375,combined,,
90.0,30.0,100000.0,2.5,arca,,
90.0,30.0,100000.0,2.5,orca,,
90.0,30.0,100000.0,2.5,combined,,
90.0,30.0,100000.0,2.5625,arca,,
90.0,30.0,100000.0,2.5625,orca,,
90.0,30.0,100000.0,2.5625,combined,,
90.0,30.0,100000.0,2.625,arca,,
90.0,30.0,100000.0,2.625,orca,,
90.0,30.0,100000.0,2.625,combined,,
90.0,30.0,100000.0,2.6875,arca,,
90.0,30.0,100000.0,2.6875,orca,,
90.0,30.0,100000.0,2.6875,combined,,
90.0,30.0,100000.0,2.75,arca,,
90.0,30.0,100000.0,2.75,orca,,
90.0,30.0,100000.0,2.75,combined,,
90.0,30.0,100000.0,2.8125,arca,302177.4341494037,0.0
90.0,30.0,100000.0,2.8125,orca,,
90.0,30.0,100000.0,2.8125,combined,,
90.0,30.0,100000.0,2.875,arca,134167.88498913345,0.0
90.0,30.0,100000.0,2.875,orca,7138.001116372176,0.0
90.0,30.0,100000.0,2.875,combined,138139.39599392825,0.0
90.0,30.0,100000.0,2.9375,arca,58064.21187800962,0.0
90.0,30.0,100000.0,2.9375,orca,4664.023645320197,0.0
90.0,30.0,100000.0,2.9375,combined,62544.05591558038,0.0
90.0,30.0,100000.0,3.0,arca,23942.385102856584,0.0
90.0,30.0,100000.0,3.0,orca,3681.437026841019,0.0
90.0,30.0,100000.0,3.0,combined,27711.811819532068,0.0
