zenith_cut,angle,phi0,gamma,detector,mean_max_efstat,mean_max_efstat_error
0.0,5.0,1e-06,1.5,arca,57.58393974211668,0.0
0.0,5.0,1e-06,1.5,orca,68.70689280278322,0.0
0.0,5.0,1e-06,1.5,combined,61.1219770377005,0.0
0.0,5.0,1e-06,1.5625,arca,54.300306435137905,0.0
0.0,5.0,1e-06,1.5625,orca,68.70689280278322,0.0
0.0,5.0,1e-06,1.5625,combined,59.46354166666667,0.0
0.0,5.0,1e-06,1.625,arca,67.85268542199489,0.0
0.0,5.0,1e-06,1.625,orca,68.70689280278322,0.0
0.0,5.0,1e-06,1.625,combined,66.64507729861676,0.0
0.0,5.0,1e-06,1.6875,arca,54.1725370086779,0.0
0.0,5.0,1e-06,1.6875,orca,68.70689280278322,0.0
0.0,5.0,1e-06,1.6875,combined,66.64507729861676,0.0
0.0,5.0,1e-06,1.75,arca,54.1725370086779,0.0
0.0,5.0,1e-06,1.75,orca,68.70689280278322,0.0
0.0,5.0,1e-06,1.75,combined,66.64507729861676,0.0
0.0,5.0,1e-06,1.8125,arca,54.1725370086779,0.0
0.0,5.0,1e-06,1.8125,orca,68.70689280278322,0.0
0.0,5.0,1e-06,1.8125,combined,66.64507729861676,0.0
0.0,5.0,1e-06,1.875,arca,54.1725370086779,0.0
0.0,5.0,1e-06,1.875,orca,68.70689280278322,0.0
0.0,5.0,1e-06,1.875,combined,66.64507729861676,0.0
0.0,5.0,1e-06,1.9375,arca,54.1725370086779,0.0
0.0,5.0,1e-06,1.9375,orca,68.70689280278322,0.0
0.0,5.0,1e-06,1.9375,combined,66.64507729861676,0.0
0.0,5.0,1e-06,2.0,arca,54.1725370086779,0.0
0.0,5.0,1e-06,2.0,orca,68.70689280278322,0.0
0.0,5.0,1e-06,2.0,combined,66.64507729861676,0.0
0.0,5.0,1e-06,2.0625,arca,54.1725370086779,0.0
0.0,5.0,1e-06,2.0625,orca,68.70689280278322,0.0
0.0,5.0,1e-06,2.0625,combined,66.64507729861676,0.0
0.0,5.0,1e-06,2.125,arca,54.1725370086779,0.0
0.0,5.0,1e-06,2.125,orca,68.70689280278322,0.0
0.0,5.0,1e-06,2.125,combined,66.64507729861676,0.0
0.0,5.0,1e-06,2.1875,arca,54.1725370086779,0.0
0.0,5.0,1e-06,2.1875,orca,68.70689280278322,0.0
0.0,5.0,1e-06,2.1875,combined,66.64507729861676,0.0
0.0,5.0,1e-06,2.25,arca,54.1725370086779,0.0
0.0,5.0,1e-06,2.25,orca,68.70689280278322,0.0
0.0,5.0,1e-06,2.25,combined,66.64507729861676,0.0
0.0,5.0,1e-06,2.3125,arca,54.1725370086779,0.0
0.0,5.0,1e-06,2.3125,orca,68.70689280278322,0.0
0.0,5.0,1e-06,2.3125,combined,66.64507729861676,0.0
0.0,5.0,1e-06,2.375,arca,54.1725370086779,0.0
0.0,5.0,1e-06,2.375,orca,68.70689280278322,0.0
0.0,5.0,1e-06,2.375,combined,66.64507729861676,0.0
0.0,5.0,1e-06,2.4375,arca,54.1725370086779,0.0
0.0,5.0,1e-06,2.4375,orca,68.70689280278322,0.0
0.0,5.0,1e-06,2.4375,combined,66.64507729861676,0.0
0.0,5.0,1e-06,2.5,arca,54.1725370086779,0.0
0.0,5.0,1e-06,2.5,orca,68.70689280278322,0.0
0.0,5.0,1e-06,2.5,combined,66.64507729861676,0.0
0.0,5.0,1e-06,2.5625,arca,54.1725370086779,0.0
0.0,5.0,1e-06,2.5625,orca,68.70689280278322,0.0
0.0,5.0,1e-06,2.5625,combined,66.64507729861676,0.0
0.0,5.0,1e-06,2.625,arca,54.1725370086779,0.0
0.0,5.0,1e-06,2.625,orca,68.70689280278322,0.0
0.0,5.0,1e-06,2.625,combined,66.64507729861676,0.0
0.0,5.0,1e-06,2.6875,arca,54.1725370086779,0.0
0.0,5.0,1e-06,2.6875,orca,68.70689280278322,0.0
0.0,5.0,1e-06,2.6875,combined,66.64507729861676,0.0
0.0,5.0,1e-06,2.75,arca,54.1725370086779,0.0
0.0,5.0,1e-06,2.75,orca,68.70689280278322,0.0
0.0,5.0,1e-06,2.75,combined,66.64507729861676,0.0
0.0,5.0,1e-06,2.8125,arca,54.1725370086779,0.0
0.0,5.0,1e-06,2.8125,orca,68.70689280278322,0.0
0.0,5.0,1e-06,2.8125,combined,66.64507729861676,0.0
0.0,5.0,1e-06,2.875,arca,54.1725370086779,0.0
0.0,5.0,1e-06,2.875,orca,68.70689280278322,0.0
0.0,5.0,1e-06,2.875,combined,66.64507729861676,0.0
0.0,5.0,1e-06,2.9375,arca,54.1725370086779,0.0
0.0,5.0,1e-06,2.9375,orca,68.70689280278322,0.0
0.0,5.0,1e-06,2.9375,combined,66.64507729861676,0.0
0.0,5.0,1e-06,3.0,arca,54.1725370086779,0.0
0.0,5.0,1e-06,3.0,orca,68.70689280278322,0.0
0.0,5.0,1e-06,3.0,combined,66.64507729861676,0.0
0.0,5.0,2.8729848333536627e-06,1.5,arca,63.344924571720796,0.0
0.0,5.0,2.8729848333536627e-06,1.5,orca,68.70689280278322,0.0
0.0,5.0,2.8729848333536627e-06,1.5,combined,62.0597148676171,0.0
0.0,5.0,2.8729848333536627e-06,1.5625,arca,55.6560941296841,0.0
0.0,5.0,2.8729848333536627e-06,1.5625,orca,68.70689280278322,0.0
0.0,5.0,2.8729848333536627e-06,1.5625,combined,59.48205712425745,0.0
0.0,5.0,2.8729848333536627e-06,1.625,arca,51.530335930514745,0.0
0.0,5.0,2.8729848333536627e-06,1.625,orca,68.70689280278322,0.0
0.0,5.0,2.8729848333536627e-06,1.625,combined,59.46354166666667,0.0
0.0,5.0,2.8729848333536627e-06,1.6875,arca,58.52790905607357,0.0
0.0,5.0,2.8729848333536627e-06,1.6875,orca,68.70689280278322,0.0
0.0,5.0,2.8729848333536627e-06,1.6875,combined,61.86063370530259,0.0
0.0,5.0,2.8729848333536627e-06,1.75,arca,54.1725370086779,0.0
0.0,5.0,2.8729848333536627e-06,1.75,orca,68.70689280278322,0.0
0.0,5.0,2.8729848333536627e-06,1.75,combined,59.46354166666667,0.0
0.0,5.0,2.8729848333536627e-06,1.8125,arca,54.1725370086779,0.0
0.0,5.0,2.8729848333536627e-06,1.8125,orca,68.70689280278322,0.0
0.0,5.0,2.8729848333536627e-06,1.8125,combined,66.64507729861676,0.0
0.0,5.0,2.8729848333536627e-06,1.875,arca,54.1725370086779,0.0
0.0,5.0,2.8729848333536627e-06,1.875,orca,68.70689280278322,0.0
0.0,5.0,2.8729848333536627e-06,1.875,combined,66.64507729861676,0.0
0.0,5.0,2.8729848333536627e-06,1.9375,arca,54.1725370086779,0.0
0.0,5.0,2.8729848333536627e-06,1.9375,orca,68.70689280278322,0.0
0.0,5.0,2.8729848333536627e-06,1.9375,combined,66.64507729861676,0.0
0.0,5.0,2.8729848333536627e-06,2.0,arca,54.1725370086779,0.0
0.0,5.0,2.8729848333536627e-06,2.0,orca,68.70689280278322,0.0
0.0,5.0,2.8729848333536627e-06,2.0,combined,66.64507729861676,0.0
0.0,5.0,2.8729848333536627e-06,2.0625,arca,54.1725370086779,0.0
0.0,5.0,2.8729848333536627e-06,2.0625,orca,68.70689280278322,0.0
0.0,5.0,2.8729848333536627e-06,2.0625,combined,66.64507729861676,0.0
0.0,5.0,2.8729848333536627e-06,2.125,arca,54.1725370086779,0.0
0.0,5.0,2.8729848333536627e-06,2.125,orca,68.70689280278322,0.0
0.0,5.0,2.8729848333536627e-06,2.125,combined,66.64507729861676,0.0
0.0,5.0,2.8729848333536627e-06,2.1875,arca,54.1725370086779,0.0
0.0,5.0,2.8729848333536627e-06,2.1875,orca,68.70689280278322,0.0
0.0,5.0,2.8729848333536627e-06,2.1875,combined,66.64507729861676,0.0
0.0,5.0,2.8729848333536627e-06,2.25,arca,54.1725370086779,0.0
0.0,5.0,2.8729848333536627e-06,2.25,orca,68.70689280278322,0.0
0.0,5.0,2.8729848333536627e-06,2.25,combined,66.64507729861676,0.0
0.0,5.0,2.8729848333536627e-06,2.3125,arca,54.1725370086779,0.0
0.0,5.0,2.8729848333536627e-06,2.3125,orca,68.70689280278322,0.0
0.0,5.0,2.8729848333536627e-06,2.3125,combined,66.64507729861676,0.0
0.0,5.0,2.8729848333536627e-06,2.375,arca,54.1725370086779,0.0
0.0,5.0,2.8729848333536627e-06,2.375,orca,68.70689280278322,0.0
0.0,5.0,2.8729848333536627e-06,2.375,combined,66.64507729861676,0.0
0.0,5.0,2.8729848333536627e-06,2.4375,arca,54.1725370086779,0.0
0.0,5.0,2.8729848333536627e-06,2.4375,orca,68.70689280278322,0.0
0.0,5.0,2.8729848333536627e-06,2.4375,combined,66.64507729861676,0.0
0.0,5.0,2.8729848333536627e-06,2.5,arca,54.1725370086779,0.0
0.0,5.0,2.8729848333536627e-06,2.5,orca,68.70689280278322,0.0
0.0,5.0,2.8729848333536627e-06,2.5,combined,66.64507729861676,0.0
0.0,5.0,2.8729848333536627e-06,2.5625,arca,54.1725370086779,0.0
0.0,5.0,2.8729848333536627e-06,2.5625,orca,68.70689280278322,0.0
0.0,5.0,2.8729848333536627e-06,2.5625,combined,66.64507729861676,0.0
0.0,5.0,2.8729848333536627e-06,2.625,arca,54.1725370086779,0.0
0.0,5.0,2.8729848333536627e-06,2.625,orca,68.70689280278322,0.0
0.0,5.0,2.8729848333536627e-06,2.625,combined,66.64507729861676,0.0
0.0,5.0,2.8729848333536627e-06,2.6875,arca,54.1725370086779,0.0
0.0,5.0,2.8729848333536627e-06,2.6875,orca,68.70689280278322,0.0
0.0,5.0,2.8729848333536627e-06,2.6875,combined,66.64507729861676,0.0
0.0,5.0,2.8729848333536627e-06,2.75,arca,54.1725370086779,0.0
0.0,5.0,2.8729848333536627e-06,2.75,orca,68.70689280278322,0.0
0.0,5.0,2.8729848333536627e-06,2.75,combined,66.64507729861676,0.0
0.0,5.0,2.8729848333536627e-06,2.8125,arca,54.1725370086779,0.0
0.0,5.0,2.8729848333536627e-06,2.8125,orca,68.70689280278322,0.0
0.0,5.0,2.8729848333536627e-06,2.8125,combined,66.64507729861676,0.0
0.0,5.0,2.8729848333536627e-06,2.875,arca,54.1725370086779,0.0
0.0,5.0,2.8729848333536627e-06,2.875,orca,68.70689280278322,0.0
0.0,5.0,2.8729848333536627e-06,2.875,combined,66.64507729861676,0.0
0.0,5.0,2.8729848333536627e-06,2.9375,arca,54.1725370086779,0.0
0.0,5.0,2.8729848333536627e-06,2.9375,orca,68.70689280278322,0.0
0.0,5.0,2.8729848333536627e-06,2.9375,combined,66.64507729861676,0.0
0.0,5.0,2.8729848333536627e-06,3.0,arca,54.1725370086779,0.0
0.0,5.0,2.8729848333536627e-06,3.0,orca,68.70689280278322,0.0
0.0,5.0,2.8729848333536627e-06,3.0,combined,66.64507729861676,0.0
0.0,5.0,8.254041852680188e-06,1.5,arca,68.5627395859954,0.0
0.0,5.0,8.254041852680188e-06,1.5,orca,68.70689280278322,0.0
0.0,5.0,8.254041852680188e-06,1.5,combined,78.34207525655643,0.0
0.0,5.0,8.254041852680188e-06,1.5625,arca,61.08667859882384,0.0
0.0,5.0,8.254041852680188e-06,1.5625,orca,68.70689280278322,0.0
0.0,5.0,8.254041852680188e-06,1.5625,combined,61.6678065461651,0.0
0.0,5.0,8.254041852680188e-06,1.625,arca,56.27079872204473,0.0
0.0,5.0,8.254041852680188e-06,1.625,orca,68.70689280278322,0.0
0.0,5.0,8.254041852680188e-06,1.625,combined,63.772649572649556,0.0
0.0,5.0,8.254041852680188e-06,1.6875,arca,56.94511105437836,0.0
0.0,5.0,8.254041852680188e-06,1.6875,orca,68.70689280278322,0.0
0.0,5.0,8.254041852680188e-06,1.6875,combined,60.75225848457718,0.0
0.0,5.0,8.254041852680188e-06,1.75,arca,57.84375797804443,0.0
0.0,5.0,8.254041852680188e-06,1.75,orca,68.70689280278322,0.0
0.0,5.0,8.254041852680188e-06,1.75,combined,63.81101335940044,0.0
0.0,5.0,8.254041852680188e-06,1.8125,arca,54.1725370086779,0.0
0.0,5.0,8.254041852680188e-06,1.8125,orca,68.70689280278322,0.0
0.0,5.0,8.254041852680188e-06,1.8125,combined,66.64507729861676,0.0
0.0,5.0,8.254041852680188e-06,1.875,arca,54.1725370086779,0.0
0.0,5.0,8.254041852680188e-06,1.875,orca,68.70689280278322,0.0
0.0,5.0,8.254041852680188e-06,1.875,combined,66.64507729861676,0.0
0.0,5.0,8.254041852680188e-06,1.9375,arca,54.1725370086779,0.0
0.0,5.0,8.254041852680188e-06,1.9375,orca,68.70689280278322,0.0
0.0,5.0,8.254041852680188e-06,1.9375,combined,66.64507729861676,0.0
0.0,5.0,8.254041852680188e-06,2.0,arca,54.1725370086779,0.0
0.0,5.0,8.254041852680188e-06,2.0,orca,68.70689280278322,0.0
0.0,5.0,8.254041852680188e-06,2.0,combined,66.64507729861676,0.0
0.0,5.0,8.254041852680188e-06,2.0625,arca,54.1725370086779,0.0
0.0,5.0,8.254041852680188e-06,2.0625,orca,68.70689280278322,0.0
0.0,5.0,8.254041852680188e-06,2.0625,combined,66.64507729861676,0.0
0.0,5.0,8.254041852680188e-06,2.125,arca,54.1725370086779,0.0
0.0,5.0,8.254041852680188e-06,2.125,orca,68.70689280278322,0.0
0.0,5.0,8.254041852680188e-06,2.125,combined,66.64507729861676,0.0
0.0,5.0,8.254041852680188e-06,2.1875,arca,54.1725370086779,0.0
0.0,5.0,8.254041852680188e-06,2.1875,orca,68.70689280278322,0.0
0.0,5.0,8.254041852680188e-06,2.1875,combined,66.64507729861676,0.0
0.0,5.0,8.254041852680188e-06,2.25,arca,54.1725370086779,0.0
0.0,5.0,8.254041852680188e-06,2.25,orca,68.70689280278322,0.0
0.0,5.0,8.254041852680188e-06,2.25,combined,66.64507729861676,0.0
0.0,5.0,8.254041852680188e-06,2.3125,arca,54.1725370086779,0.0
0.0,5.0,8.254041852680188e-06,2.3125,orca,68.70689280278322,0.0
0.0,5.0,8.254041852680188e-06,2.3125,combined,66.64507729861676,0.0
0.0,5.0,8.254041852680188e-06,2.375,arca,54.1725370086779,0.0
0.0,5.0,8.254041852680188e-06,2.375,orca,68.70689280278322,0.0
0.0,5.0,8.254041852680188e-06,2.375,combined,66.64507729861676,0.0
0.0,5.0,8.254041852680188e-06,2.4375,arca,54.1725370086779,0.0
0.0,5.0,8.254041852680188e-06,2.4375,orca,68.70689280278322,0.0
0.0,5.0,8.254041852680188e-06,2.4375,combined,66.64507729861676,0.0
0.0,5.0,8.254041852680188e-06,2.5,arca,54.1725370086779,0.0
0.0,5.0,8.254041852680188e-06,2.5,orca,68.70689280278322,0.0
0.0,5.0,8.254041852680188e-06,2.5,combined,66.64507729861676,0.0
0.0,5.0,8.254041852680188e-06,2.5625,arca,54.1725370086779,0.0
0.0,5.0,8.254041852680188e-06,2.5625,orca,68.70689280278322,0.0
0.0,5.0,8.254041852680188e-06,2.5625,combined,66.64507729861676,0.0
0.0,5.0,8.254041852680188e-06,2.625,arca,54.1725370086779,0.0
0.0,5.0,8.254041852680188e-06,2.625,orca,68.70689280278322,0.0
0.0,5.0,8.254041852680188e-06,2.625,combined,66.64507729861676,0.0
0.0,5.0,8.254041852680188e-06,2.6875,arca,54.1725370086779,0.0
0.0,5.0,8.254041852680188e-06,2.6875,orca,68.70689280278322,0.0
0.0,5.0,8.254041852680188e-06,2.6875,combined,66.64507729861676,0.0
0.0,5.0,8.254041852680188e-06,2.75,arca,54.1725370086779,0.0
0.0,5.0,8.254041852680188e-06,2.75,orca,68.70689280278322,0.0
0.0,5.0,8.254041852680188e-06,2.75,combined,66.64507729861676,0.0
0.0,5.0,8.254041852680188e-06,2.8125,arca,54.1725370086779,0.0
0.0,5.0,8.254041852680188e-06,2.8125,orca,68.70689280278322,0.0
0.0,5.0,8.254041852680188e-06,2.8125,combined,66.64507729861676,0.0
0.0,5.0,8.254041852680188e-06,2.875,arca,54.1725370086779,0.0
0.0,5.0,8.254041852680188e-06,2.875,orca,68.70689280278322,0.0
0.0,5.0,8.254041852680188e-06,2.875,combined,66.64507729861676,0.0
0.0,5.0,8.254041852680188e-06,2.9375,arca,54.1725370086779,0.0
0.0,5.0,8.254041852680188e-06,2.9375,orca,68.70689280278322,0.0
0.0,5.0,8.254041852680188e-06,2.9375,combined,66.64507729861676,0.0
0.0,5.0,8.254041852680188e-06,3.0,arca,54.1725370086779,0.0
0.0,5.0,8.254041852680188e-06,3.0,orca,68.70689280278322,0.0
0.0,5.0,8.254041852680188e-06,3.0,combined,66.64507729861676,0.0
0.0,5.0,2.371373705661655e-05,1.5,arca,62.370412990666146,0.0
0.0,5.0,2.371373705661655e-05,1.5,orca,68.70689280278322,0.0
0.0,5.0,2.371373705661655e-05,1.5,combined,56.4165104718442,0.0
0.0,5.0,2.371373705661655e-05,1.5625,arca,62.29807078063115,0.0
0.0,5.0,2.371373705661655e-05,1.5625,orca,68.70689280278322,0.0
0.0,5.0,2.371373705661655e-05,1.5625,combined,64.1926022486557,0.0
0.0,5.0,2.371373705661655e-05,1.625,arca,56.317908730665984,0.0
0.0,5.0,2.371373705661655e-05,1.625,orca,68.70689280278322,0.0
0.0,5.0,2.371373705661655e-05,1.625,combined,57.90396676712551,0.0
0.0,5.0,2.371373705661655e-05,1.6875,arca,63.71266130062604,0.0
0.0,5.0,2.371373705661655e-05,1.6875,orca,68.70689280278322,0.0
0.0,5.0,2.371373705661655e-05,1.6875,combined,63.18773915167305,0.0
0.0,5.0,2.371373705661655e-05,1.75,arca,61.570333461096205,0.0
0.0,5.0,2.371373705661655e-05,1.75,orca,68.70689280278322,0.0
0.0,5.0,2.371373705661655e-05,1.75,combined,66.64507729861676,0.0
0.0,5.0,2.371373705661655e-05,1.8125,arca,59.58386520296146,0.0
0.0,5.0,2.371373705661655e-05,1.8125,orca,68.70689280278322,0.0
0.0,5.0,2.371373705661655e-05,1.8125,combined,58.262455226310664,0.0
0.0,5.0,2.371373705661655e-05,1.875,arca,54.1725370086779,0.0
0.0,5.0,2.371373705661655e-05,1.875,orca,68.70689280278322,0.0
0.0,5.0,2.371373705661655e-05,1.875,combined,57.13738097175876,0.0
0.0,5.0,2.371373705661655e-05,1.9375,arca,54.1725370086779,0.0
0.0,5.0,2.371373705661655e-05,1.9375,orca,68.70689280278322,0.0
0.0,5.0,2.371373705661655e-05,1.9375,combined,66.64507729861676,0.0
0.0,5.0,2.371373705661655e-05,2.0,arca,54.1725370086779,0.0
0.0,5.0,2.371373705661655e-05,2.0,orca,68.70689280278322,0.0
0.0,5.0,2.371373705661655e-05,2.0,combined,66.64507729861676,0.0
0.0,5.0,2.371373705661655e-05,2.0625,arca,54.1725370086779,0.0
0.0,5.0,2.371373705661655e-05,2.0625,orca,68.70689280278322,0.0
0.0,5.0,2.371373705661655e-05,2.0625,combined,66.64507729861676,0.0
0.0,5.0,2.371373705661655e-05,2.125,arca,54.1725370086779,0.0
0.0,5.0,2.371373705661655e-05,2.125,orca,68.70689280278322,0.0
0.0,5.0,2.371373705661655e-05,2.125,combined,66.64507729861676,0.0
0.0,5.0,2.371373705661655e-05,2.1875,arca,54.1725370086779,0.0
0.0,5.0,2.371373705661655e-05,2.1875,orca,68.70689280278322,0.0
0.0,5.0,2.371373705661655e-05,2.1875,combined,66.64507729861676,0.0
0.0,5.0,2.371373705661655e-05,2.25,arca,54.1725370086779,0.0
0.0,5.0,2.371373705661655e-05,2.25,orca,68.70689280278322,0.0
0.0,5.0,2.371373705661655e-05,2.25,combined,66.64507729861676,0.0
0.0,5.0,2.371373705661655e-05,2.3125,arca,54.1725370086779,0.0
0.0,5.0,2.371373705661655e-05,2.3125,orca,68.70689280278322,0.0
0.0,5.0,2.371373705661655e-05,2.3125,combined,66.64507729861676,0.0
0.0,5.0,2.371373705661655e-05,2.375,arca,54.1725370086779,0.0
0.0,5.0,2.371373705661655e-05,2.375,orca,68.70689280278322,0.0
0.0,5.0,2.371373705661655e-05,2.375,combined,66.64507729861676,0.0
0.0,5.0,2.371373705661655e-05,2.4375,arca,54.1725370086779,0.0
0.0,5.0,2.371373705661655e-05,2.4375,orca,68.70689280278322,0.0
0.0,5.0,2.371373705661655e-05,2.4375,combined,66.64507729861676,0.0
0.0,5.0,2.371373705661655e-05,2.5,arca,54.1725370086779,0.0
0.0,5.0,2.371373705661655e-05,2.5,orca,68.70689280278322,0.0
0.0,5.0,2.371373705661655e-05,2.5,combined,66.64507729861676,0.0
0.0,5.0,2.371373705661655e-05,2.5625,arca,54.1725370086779,0.0
0.0,5.0,2.371373705661655e-05,2.5625,orca,68.70689280278322,0.0
0.0,5.0,2.371373705661655e-05,2.5625,combined,66.64507729861676,0.0
0.0,5.0,2.371373705661655e-05,2.625,arca,54.1725370086779,0.0
0.0,5.0,2.371373705661655e-05,2.625,orca,68.70689280278322,0.0
0.0,5.0,2.371373705661655e-05,2.625,combined,66.64507729861676,0.0
0.0,5.0,2.371373705661655e-05,2.6875,arca,54.1725370086779,0.0
0.0,5.0,2.371373705661655e-05,2.6875,orca,68.70689280278322,0.0
0.0,5.0,2.371373705661655e-05,2.6875,combined,66.64507729861676,0.0
0.0,5.0,2.371373705661655e-05,2.75,arca,54.1725370086779,0.0
0.0,5.0,2.371373705661655e-05,2.75,orca,68.70689280278322,0.0
0.0,5.0,2.371373705661655e-05,2.75,combined,66.64507729861676,0.0
0.0,5.0,2.371373705661655e-05,2.8125,arca,54.1725370086779,0.0
0.0,5.0,2.371373705661655e-05,2.8125,orca,68.70689280278322,0.0
0.0,5.0,2.371373705661655e-05,2.8125,combined,66.64507729861676,0.0
0.0,5.0,2.371373705661655e-05,2.875,arca,54.1725370086779,0.0
0.0,5.0,2.371373705661655e-05,2.875,orca,68.70689280278322,0.0
0.0,5.0,2.371373705661655e-05,2.875,combined,66.64507729861676,0.0
0.0,5.0,2.371373705661655e-05,2.9375,arca,54.1725370086779,0.0
0.0,5.0,2.371373705661655e-05,2.9375,orca,68.70689280278322,0.0
0.0,5.0,2.371373705661655e-05,2.9375,combined,66.64507729861676,0.0
0.0,5.0,2.371373705661655e-05,3.0,arca,54.1725370086779,0.0
0.0,5.0,2.371373705661655e-05,3.0,orca,68.70689280278322,0.0
0.0,5.0,2.371373705661655e-05,3.0,combined,66.64507729861676,0.0
0.0,5.0,6.812920690579608e-05,1.5,arca,55.97123130034522,0.0
0.0,5.0,6.812920690579608e-05,1.5,orca,68.70689280278322,0.0
0.0,5.0,6.812920690579608e-05,1.5,combined,65.90873533246415,0.0
0.0,5.0,6.812920690579608e-05,1.5625,arca,56.79345603271984,0.0
0.0,5.0,6.812920690579608e-05,1.5625,orca,68.70689280278322,0.0
0.0,5.0,6.812920690579608e-05,1.5625,combined,58.47295423023579,0.0
0.0,5.0,6.812920690579608e-05,1.625,arca,60.57120940935822,0.0
0.0,5.0,6.812920690579608e-05,1.625,orca,68.70689280278322,0.0
0.0,5.0,6.812920690579608e-05,1.625,combined,56.32036147520965,0.0
0.0,5.0,6.812920690579608e-05,1.6875,arca,64.714687100894,0.0
0.0,5.0,6.812920690579608e-05,1.6875,orca,68.70689280278322,0.0
0.0,5.0,6.812920690579608e-05,1.6875,combined,62.89200195471574,0.0
0.0,5.0,6.812920690579608e-05,1.75,arca,61.709339465951196,0.0
0.0,5.0,6.812920690579608e-05,1.75,orca,68.70689280278322,0.0
0.0,5.0,6.812920690579608e-05,1.75,combined,60.29734570916788,0.0
0.0,5.0,6.812920690579608e-05,1.8125,arca,60.54805725971371,0.0
0.0,5.0,6.812920690579608e-05,1.8125,orca,68.70689280278322,0.0
0.0,5.0,6.812920690579608e-05,1.8125,combined,52.461388074291285,0.0
0.0,5.0,6.812920690579608e-05,1.875,arca,65.5851539542609,0.0
0.0,5.0,6.812920690579608e-05,1.875,orca,68.70689280278322,0.0
0.0,5.0,6.812920690579608e-05,1.875,combined,61.874328503988274,0.0
0.0,5.0,6.812920690579608e-05,1.9375,arca,67.66326139701188,0.0
0.0,5.0,6.812920690579608e-05,1.9375,orca,68.70689280278322,0.0
0.0,5.0,6.812920690579608e-05,1.9375,combined,53.926134050004066,0.0
0.0,5.0,6.812920690579608e-05,2.0,arca,56.94511105437836,0.0
0.0,5.0,6.812920690579608e-05,2.0,orca,68.70689280278322,0.0
0.0,5.0,6.812920690579608e-05,2.0,combined,59.46354166666667,0.0
0.0,5.0,6.812920690579608e-05,2.0625,arca,54.1725370086779,0.0
0.0,5.0,6.812920690579608e-05,2.0625,orca,68.70689280278322,0.0
0.0,5.0,6.812920690579608e-05,2.0625,combined,66.64507729861676,0.0
0.0,5.0,6.812920690579608e-05,2.125,arca,54.1725370086779,0.0
0.0,5.0,6.812920690579608e-05,2.125,orca,68.70689280278322,0.0
0.0,5.0,6.812920690579608e-05,2.125,combined,66.64507729861676,0.0
0.0,5.0,6.812920690579608e-05,2.1875,arca,55.339593714066694,0.0
0.0,5.0,6.812920690579608e-05,2.1875,orca,68.70689280278322,0.0
0.0,5.0,6.812920690579608e-05,2.1875,combined,66.64507729861676,0.0
0.0,5.0,6.812920690579608e-05,2.25,arca,54.1725370086779,0.0
0.0,5.0,6.812920690579608e-05,2.25,orca,68.70689280278322,0.0
0.0,5.0,6.812920690579608e-05,2.25,combined,66.64507729861676,0.0
0.0,5.0,6.812920690579608e-05,2.3125,arca,54.1725370086779,0.0
0.0,5.0,6.812920690579608e-05,2.3125,orca,68.70689280278322,0.0
0.0,5.0,6.812920690579608e-05,2.3125,combined,66.64507729861676,0.0
0.0,5.0,6.812920690579608e-05,2.375,arca,54.1725370086779,0.0
0.0,5.0,6.812920690579608e-05,2.375,orca,68.70689280278322,0.0
0.0,5.0,6.812920690579608e-05,2.375,combined,66.64507729861676,0.0
0.0,5.0,6.812920690579608e-05,2.4375,arca,54.1725370086779,0.0
0.0,5.0,6.812920690579608e-05,2.4375,orca,68.70689280278322,0.0
0.0,5.0,6.812920690579608e-05,2.4375,combined,66.64507729861676,0.0
0.0,5.0,6.812920690579608e-05,2.5,arca,54.1725370086779,0.0
0.0,5.0,6.812920690579608e-05,2.5,orca,68.70689280278322,0.0
0.0,5.0,6.812920690579608e-05,2.5,combined,66.64507729861676,0.0
0.0,5.0,6.812920690579608e-05,2.5625,arca,54.1725370086779,0.0
0.0,5.0,6.812920690579608e-05,2.5625,orca,68.70689280278322,0.0
0.0,5.0,6.812920690579608e-05,2.5625,combined,66.64507729861676,0.0
0.0,5.0,6.812920690579608e-05,2.625,arca,54.1725370086779,0.0
0.0,5.0,6.812920690579608e-05,2.625,orca,68.70689280278322,0.0
0.0,5.0,6.812920690579608e-05,2.625,combined,66.64507729861676,0.0
0.0,5.0,6.812920690579608e-05,2.6875,arca,54.1725370086779,0.0
0.0,5.0,6.812920690579608e-05,2.6875,orca,68.70689280278322,0.0
0.0,5.0,6.812920690579608e-05,2.6875,combined,66.64507729861676,0.0
0.0,5.0,6.812920690579608e-05,2.75,arca,54.1725370086779,0.0
0.0,5.0,6.812920690579608e-05,2.75,orca,68.70689280278322,0.0
0.0,5.0,6.812920690579608e-05,2.75,combined,66.64507729861676,0.0
0.0,5.0,6.812920690579608e-05,2.8125,arca,54.1725370086779,0.0
0.0,5.0,6.812920690579608e-05,2.8125,orca,68.70689280278322,0.0
0.0,5.0,6.812920690579608e-05,2.8125,combined,66.64507729861676,0.0
0.0,5.0,6.812920690579608e-05,2.875,arca,54.1725370086779,0.0
0.0,5.0,6.812920690579608e-05,2.875,orca,68.70689280278322,0.0
0.0,5.0,6.812920690579608e-05,2.875,combined,66.64507729861676,0.0
0.0,5.0,6.812920690579608e-05,2.9375,arca,54.1725370086779,0.0
0.0,5.0,6.812920690579608e-05,2.9375,orca,68.70689280278322,0.0
0.0,5.0,6.812920690579608e-05,2.9375,combined,66.64507729861676,0.0
0.0,5.0,6.812920690579608e-05,3.0,arca,54.1725370086779,0.0
0.0,5.0,6.812920690579608e-05,3.0,orca,68.70689280278322,0.0
0.0,5.0,6.812920690579608e-05,3.0,combined,66.64507729861676,0.0
0.0,5.0,0.00019573417814876596,1.5,arca,74.80872011251758,0.0
0.0,5.0,0.00019573417814876596,1.5,orca,63.68246663598711,0.0
0.0,5.0,0.00019573417814876596,1.5,combined,59.20723952388717,0.0
0.0,5.0,0.00019573417814876596,1.5625,arca,60.1138949252205,0.0
0.0,5.0,0.00019573417814876596,1.5625,orca,68.70689280278322,0.0
0.0,5.0,0.00019573417814876596,1.5625,combined,66.23603403625602,0.0
0.0,5.0,0.00019573417814876596,1.625,arca,61.75869120654397,0.0
0.0,5.0,0.00019573417814876596,1.625,orca,68.70689280278322,0.0
0.0,5.0,0.00019573417814876596,1.625,combined,56.63471882640587,0.0
0.0,5.0,0.00019573417814876596,1.6875,arca,65.16074623051367,0.0
0.0,5.0,0.00019573417814876596,1.6875,orca,68.70689280278322,0.0
0.0,5.0,0.00019573417814876596,1.6875,combined,57.33053677608535,0.0
0.0,5.0,0.00019573417814876596,1.75,arca,74.2106878036308,0.0
0.0,5.0,0.00019573417814876596,1.75,orca,68.70689280278322,0.0
0.0,5.0,0.00019573417814876596,1.75,combined,56.74527687296417,0.0
0.0,5.0,0.00019573417814876596,1.8125,arca,59.999999999999986,0.0
0.0,5.0,0.00019573417814876596,1.8125,orca,68.70689280278322,0.0
0.0,5.0,0.00019573417814876596,1.8125,combined,64.24098053587426,0.0
0.0,5.0,0.00019573417814876596,1.875,arca,63.19568271809936,0.0
0.0,5.0,0.00019573417814876596,1.875,orca,68.70689280278322,0.0
0.0,5.0,0.00019573417814876596,1.875,combined,71.0578081745644,0.0
0.0,5.0,0.00019573417814876596,1.9375,arca,54.38108004595939,0.0
0.0,5.0,0.00019573417814876596,1.9375,orca,68.70689280278322,0.0
0.0,5.0,0.00019573417814876596,1.9375,combined,59.46354166666667,0.0
0.0,5.0,0.00019573417814876596,2.0,arca,54.1725370086779,0.0
0.0,5.0,0.00019573417814876596,2.0,orca,68.70689280278322,0.0
0.0,5.0,0.00019573417814876596,2.0,combined,59.46354166666667,0.0
0.0,5.0,0.00019573417814876596,2.0625,arca,62.07729653762617,0.0
0.0,5.0,0.00019573417814876596,2.0625,orca,68.70689280278322,0.0
0.0,5.0,0.00019573417814876596,2.0625,combined,66.64507729861676,0.0
0.0,5.0,0.00019573417814876596,2.125,arca,54.1725370086779,0.0
0.0,5.0,0.00019573417814876596,2.125,orca,68.70689280278322,0.0
0.0,5.0,0.00019573417814876596,2.125,combined,66.64507729861676,0.0
0.0,5.0,0.00019573417814876596,2.1875,arca,59.1987736331119,0.0
0.0,5.0,0.00019573417814876596,2.1875,orca,68.70689280278322,0.0
0.0,5.0,0.00019573417814876596,2.1875,combined,66.64507729861676,0.0
0.0,5.0,0.00019573417814876596,2.25,arca,54.1725370086779,0.0
0.0,5.0,0.00019573417814876596,2.25,orca,68.70689280278322,0.0
0.0,5.0,0.00019573417814876596,2.25,combined,68.76607520755331,0.0
0.0,5.0,0.00019573417814876596,2.3125,arca,54.1725370086779,0.0
0.0,5.0,0.00019573417814876596,2.3125,orca,68.70689280278322,0.0
0.0,5.0,0.00019573417814876596,2.3125,combined,66.64507729861676,0.0
0.0,5.0,0.00019573417814876596,2.375,arca,54.1725370086779,0.0
0.0,5.0,0.00019573417814876596,2.375,orca,68.70689280278322,0.0
0.0,5.0,0.00019573417814876596,2.375,combined,66.64507729861676,0.0
0.0,5.0,0.00019573417814876596,2.4375,arca,54.1725370086779,0.0
0.0,5.0,0.00019573417814876596,2.4375,orca,68.70689280278322,0.0
0.0,5.0,0.00019573417814876596,2.4375,combined,66.64507729861676,0.0
0.0,5.0,0.00019573417814876596,2.5,arca,54.1725370086779,0.0
0.0,5.0,0.00019573417814876596,2.5,orca,68.70689280278322,0.0
0.0,5.0,0.00019573417814876596,2.5,combined,66.64507729861676,0.0
0.0,5.0,0.00019573417814876596,2.5625,arca,54.1725370086779,0.0
0.0,5.0,0.00019573417814876596,2.5625,orca,68.70689280278322,0.0
0.0,5.0,0.00019573417814876596,2.5625,combined,66.64507729861676,0.0
0.0,5.0,0.00019573417814876596,2.625,arca,54.1725370086779,0.0
0.0,5.0,0.00019573417814876596,2.625,orca,68.70689280278322,0.0
0.0,5.0,0.00019573417814876596,2.625,combined,66.64507729861676,0.0
0.0,5.0,0.00019573417814876596,2.6875,arca,54.1725370086779,0.0
0.0,5.0,0.00019573417814876596,2.6875,orca,68.70689280278322,0.0
0.0,5.0,0.00019573417814876596,2.6875,combined,66.64507729861676,0.0
0.0,5.0,0.00019573417814876596,2.75,arca,54.1725370086779,0.0
0.0,5.0,0.00019573417814876596,2.75,orca,68.70689280278322,0.0
0.0,5.0,0.00019573417814876596,2.75,combined,66.64507729861676,0.0
0.0,5.0,0.00019573417814876596,2.8125,arca,54.1725370086779,0.0
0.0,5.0,0.00019573417814876596,2.8125,orca,68.70689280278322,0.0
0.0,5.0,0.00019573417814876596,2.8125,combined,66.64507729861676,0.0
0.0,5.0,0.00019573417814876596,2.875,arca,54.1725370086779,0.0
0.0,5.0,0.00019573417814876596,2.875,orca,68.70689280278322,0.0
0.0,5.0,0.00019573417814876596,2.875,combined,66.64507729861676,0.0
0.0,5.0,0.00019573417814876596,2.9375,arca,54.1725370086779,0.0
0.0,5.0,0.00019573417814876596,2.9375,orca,68.70689280278322,0.0
0.0,5.0,0.00019573417814876596,2.9375,combined,66.64507729861676,0.0
0.0,5.0,0.00019573417814876596,3.0,arca,54.1725370086779,0.0
0.0,5.0,0.00019573417814876596,3.0,orca,68.70689280278322,0.0
0.0,5.0,0.00019573417814876596,3.0,combined,66.64507729861676,0.0
0.0,5.0,0.000562341325190349,1.5,arca,266.88463017561844,0.0
0.0,5.0,0.000562341325190349,1.5,orca,59.96907216494846,0.0
0.0,5.0,0.000562341325190349,1.5,combined,184.42386697098138,0.0
0.0,5.0,0.000562341325190349,1.5625,arca,60.270353302611355,0.0
0.0,5.0,0.000562341325190349,1.5625,orca,69.44781144781146,0.0
0.0,5.0,0.000562341325190349,1.5625,combined,67.59681697612731,0.0
0.0,5.0,0.000562341325190349,1.625,arca,59.42946668371914,0.0
0.0,5.0,0.000562341325190349,1.625,orca,67.63597883597885,0.0
0.0,5.0,0.000562341325190349,1.625,combined,67.88444444444444,0.0
0.0,5.0,0.000562341325190349,1.6875,arca,57.4463211772233,0.0
0.0,5.0,0.000562341325190349,1.6875,orca,64.3961904761905,0.0
0.0,5.0,0.000562341325190349,1.6875,combined,57.424731182795696,0.0
0.0,5.0,0.000562341325190349,1.75,arca,57.88139059304704,0.0
0.0,5.0,0.000562341325190349,1.75,orca,68.70689280278322,0.0
0.0,5.0,0.000562341325190349,1.75,combined,67.14170040485831,0.0
0.0,5.0,0.000562341325190349,1.8125,arca,59.98364008179959,0.0
0.0,5.0,0.000562341325190349,1.8125,orca,68.70689280278322,0.0
0.0,5.0,0.000562341325190349,1.8125,combined,58.135900985261785,0.0
0.0,5.0,0.000562341325190349,1.875,arca,60.3111025935863,0.0
0.0,5.0,0.000562341325190349,1.875,orca,68.70689280278322,0.0
0.0,5.0,0.000562341325190349,1.875,combined,58.74216141379591,0.0
0.0,5.0,0.000562341325190349,1.9375,arca,61.570734824281146,0.0
0.0,5.0,0.000562341325190349,1.9375,orca,68.70689280278322,0.0
0.0,5.0,0.000562341325190349,1.9375,combined,56.375844938512905,0.0
0.0,5.0,0.000562341325190349,2.0,arca,55.535052994509,0.0
0.0,5.0,0.000562341325190349,2.0,orca,68.70689280278322,0.0
0.0,5.0,0.000562341325190349,2.0,combined,54.87781404301614,0.0
0.0,5.0,0.000562341325190349,2.0625,arca,62.93586303820109,0.0
0.0,5.0,0.000562341325190349,2.0625,orca,68.70689280278322,0.0
0.0,5.0,0.000562341325190349,2.0625,combined,66.64507729861676,0.0
0.0,5.0,0.000562341325190349,2.125,arca,55.06975852817172,0.0
0.0,5.0,0.000562341325190349,2.125,orca,68.70689280278322,0.0
0.0,5.0,0.000562341325190349,2.125,combined,59.80729166666667,0.0
0.0,5.0,0.000562341325190349,2.1875,arca,56.94511105437836,0.0
0.0,5.0,0.000562341325190349,2.1875,orca,68.70689280278322,0.0
0.0,5.0,0.000562341325190349,2.1875,combined,66.64507729861676,0.0
0.0,5.0,0.000562341325190349,2.25,arca,54.315715562364346,0.0
0.0,5.0,0.000562341325190349,2.25,orca,68.70689280278322,0.0
0.0,5.0,0.000562341325190349,2.25,combined,66.64507729861676,0.0
0.0,5.0,0.000562341325190349,2.3125,arca,54.1725370086779,0.0
0.0,5.0,0.000562341325190349,2.3125,orca,68.70689280278322,0.0
0.0,5.0,0.000562341325190349,2.3125,combined,66.64507729861676,0.0
0.0,5.0,0.000562341325190349,2.375,arca,54.1725370086779,0.0
0.0,5.0,0.000562341325190349,2.375,orca,68.70689280278322,0.0
0.0,5.0,0.000562341325190349,2.375,combined,66.64507729861676,0.0
0.0,5.0,0.000562341325190349,2.4375,arca,54.1725370086779,0.0
0.0,5.0,0.000562341325190349,2.4375,orca,68.70689280278322,0.0
0.0,5.0,0.000562341325190349,2.4375,combined,66.64507729861676,0.0
0.0,5.0,0.000562341325190349,2.5,arca,54.1725370086779,0.0
0.0,5.0,0.000562341325190349,2.5,orca,68.70689280278322,0.0
0.0,5.0,0.000562341325190349,2.5,combined,66.64507729861676,0.0
0.0,5.0,0.000562341325190349,2.5625,arca,54.1725370086779,0.0
0.0,5.0,0.000562341325190349,2.5625,orca,68.70689280278322,0.0
0.0,5.0,0.000562341325190349,2.5625,combined,66.64507729861676,0.0
0.0,5.0,0.000562341325190349,2.625,arca,54.1725370086779,0.0
0.0,5.0,0.000562341325190349,2.625,orca,68.70689280278322,0.0
0.0,5.0,0.000562341325190349,2.625,combined,66.64507729861676,0.0
0.0,5.0,0.000562341325190349,2.6875,arca,54.1725370086779,0.0
0.0,5.0,0.000562341325190349,2.6875,orca,68.70689280278322,0.0
0.0,5.0,0.000562341325190349,2.6875,combined,66.64507729861676,0.0
0.0,5.0,0.000562341325190349,2.75,arca,54.1725370086779,0.0
0.0,5.0,0.000562341325190349,2.75,orca,68.70689280278322,0.0
0.0,5.0,0.000562341325190349,2.75,combined,66.64507729861676,0.0
0.0,5.0,0.000562341325190349,2.8125,arca,54.1725370086779,0.0
0.0,5.0,0.000562341325190349,2.8125,orca,68.70689280278322,0.0
0.0,5.0,0.000562341325190349,2.8125,combined,66.64507729861676,0.0
0.0,5.0,0.000562341325190349,2.875,arca,54.1725370086779,0.0
0.0,5.0,0.000562341325190349,2.875,orca,68.70689280278322,0.0
0.0,5.0,0.000562341325190349,2.875,combined,66.64507729861676,0.0
0.0,5.0,0.000562341325190349,2.9375,arca,54.1725370086779,0.0
0.0,5.0,0.000562341325190349,2.9375,orca,68.70689280278322,0.0
0.0,5.0,0.000562341325190349,2.9375,combined,66.64507729861676,0.0
0.0,5.0,0.000562341325190349,3.0,arca,54.1725370086779,0.0
0.0,5.0,0.000562341325190349,3.0,orca,68.70689280278322,0.0
0.0,5.0,0.000562341325190349,3.0,combined,66.64507729861676,0.0
0.0,5.0,0.0016155980984398728,1.5,arca,1744.904174694926,0.0
0.0,5.0,0.0016155980984398728,1.5,orca,71.42339373970344,0.0
0.0,5.0,0.0016155980984398728,1.5,combined,1258.117192472043,0.0
0.0,5.0,0.0016155980984398728,1.5625,arca,319.97017027269237,0.0
0.0,5.0,0.0016155980984398728,1.5625,orca,56.06677140612726,0.0
0.0,5.0,0.0016155980984398728,1.5625,combined,201.05501411786142,0.0
0.0,5.0,0.0016155980984398728,1.625,arca,103.0617078479068,0.0
0.0,5.0,0.0016155980984398728,1.625,orca,56.034816247582214,0.0
0.0,5.0,0.0016155980984398728,1.625,combined,85.38772019839234,0.0
0.0,5.0,0.0016155980984398728,1.6875,arca,54.297200562444075,0.0
0.0,5.0,0.0016155980984398728,1.6875,orca,59.786329113924054,0.0
0.0,5.0,0.0016155980984398728,1.6875,combined,56.74781302465318,0.0
0.0,5.0,0.0016155980984398728,1.75,arca,63.85615561812132,0.0
0.0,5.0,0.0016155980984398728,1.75,orca,70.23540762180414,0.0
0.0,5.0,0.0016155980984398728,1.75,combined,69.38133590125186,0.0
0.0,5.0,0.0016155980984398728,1.8125,arca,60.595755561237546,0.0
0.0,5.0,0.0016155980984398728,1.8125,orca,68.70689280278322,0.0
0.0,5.0,0.0016155980984398728,1.8125,combined,63.183906173643905,0.0
0.0,5.0,0.0016155980984398728,1.875,arca,56.933810375670845,0.0
0.0,5.0,0.0016155980984398728,1.875,orca,68.70689280278322,0.0
0.0,5.0,0.0016155980984398728,1.875,combined,65.43054834803667,0.0
0.0,5.0,0.0016155980984398728,1.9375,arca,56.95016611295681,0.0
0.0,5.0,0.0016155980984398728,1.9375,orca,68.70689280278322,0.0
0.0,5.0,0.0016155980984398728,1.9375,combined,68.87603844274311,0.0
0.0,5.0,0.0016155980984398728,2.0,arca,56.28693653428681,0.0
0.0,5.0,0.0016155980984398728,2.0,orca,59.226415094339615,0.0
0.0,5.0,0.0016155980984398728,2.0,combined,64.78331362945447,0.0
0.0,5.0,0.0016155980984398728,2.0625,arca,58.634644864588644,0.0
0.0,5.0,0.0016155980984398728,2.0625,orca,68.70689280278322,0.0
0.0,5.0,0.0016155980984398728,2.0625,combined,69.33821853118384,0.0
0.0,5.0,0.0016155980984398728,2.125,arca,65.8456821665815,0.0
0.0,5.0,0.0016155980984398728,2.125,orca,68.70689280278322,0.0
0.0,5.0,0.0016155980984398728,2.125,combined,58.49205788916343,0.0
0.0,5.0,0.0016155980984398728,2.1875,arca,53.673740731270776,0.0
0.0,5.0,0.0016155980984398728,2.1875,orca,68.70689280278322,0.0
0.0,5.0,0.0016155980984398728,2.1875,combined,61.60089613034623,0.0
0.0,5.0,0.0016155980984398728,2.25,arca,57.02247477972163,0.0
0.0,5.0,0.0016155980984398728,2.25,orca,68.70689280278322,0.0
0.0,5.0,0.0016155980984398728,2.25,combined,64.99153025490675,0.0
0.0,5.0,0.0016155980984398728,2.3125,arca,54.1725370086779,0.0
0.0,5.0,0.0016155980984398728,2.3125,orca,68.70689280278322,0.0
0.0,5.0,0.0016155980984398728,2.3125,combined,66.64507729861676,0.0
0.0,5.0,0.0016155980984398728,2.375,arca,54.1725370086779,0.0
0.0,5.0,0.0016155980984398728,2.375,orca,68.70689280278322,0.0
0.0,5.0,0.0016155980984398728,2.375,combined,66.64507729861676,0.0
0.0,5.0,0.0016155980984398728,2.4375,arca,54.1725370086779,0.0
0.0,5.0,0.0016155980984398728,2.4375,orca,68.70689280278322,0.0
0.0,5.0,0.0016155980984398728,2.4375,combined,66.64507729861676,0.0
0.0,5.0,0.0016155980984398728,2.5,arca,54.1725370086779,0.0
0.0,5.0,0.0016155980984398728,2.5,orca,68.70689280278322,0.0
0.0,5.0,0.0016155980984398728,2.5,combined,66.64507729861676,0.0
0.0,5.0,0.0016155980984398728,2.5625,arca,54.1725370086779,0.0
0.0,5.0,0.0016155980984398728,2.5625,orca,68.70689280278322,0.0
0.0,5.0,0.0016155980984398728,2.5625,combined,66.64507729861676,0.0
0.0,5.0,0.0016155980984398728,2.625,arca,54.1725370086779,0.0
0.0,5.0,0.0016155980984398728,2.625,orca,68.70689280278322,0.0
0.0,5.0,0.0016155980984398728,2.625,combined,66.64507729861676,0.0
0.0,5.0,0.0016155980984398728,2.6875,arca,54.1725370086779,0.0
0.0,5.0,0.0016155980984398728,2.6875,orca,68.70689280278322,0.0
0.0,5.0,0.0016155980984398728,2.6875,combined,66.64507729861676,0.0
0.0,5.0,0.0016155980984398728,2.75,arca,54.1725370086779,0.0
0.0,5.0,0.0016155980984398728,2.75,orca,68.70689280278322,0.0
0.0,5.0,0.0016155980984398728,2.75,combined,66.64507729861676,0.0
0.0,5.0,0.0016155980984398728,2.8125,arca,54.1725370086779,0.0
0.0,5.0,0.0016155980984398728,2.8125,orca,68.70689280278322,0.0
0.0,5.0,0.0016155980984398728,2.8125,combined,66.64507729861676,0.0
0.0,5.0,0.0016155980984398728,2.875,arca,54.1725370086779,0.0
0.0,5.0,0.0016155980984398728,2.875,orca,68.70689280278322,0.0
0.0,5.0,0.0016155980984398728,2.875,combined,66.64507729861676,0.0
0.0,5.0,0.0016155980984398728,2.9375,arca,54.1725370086779,0.0
0.0,5.0,0.0016155980984398728,2.9375,orca,68.70689280278322,0.0
0.0,5.0,0.0016155980984398728,2.9375,combined,66.64507729861676,0.0
0.0,5.0,0.0016155980984398728,3.0,arca,54.1725370086779,0.0
0.0,5.0,0.0016155980984398728,3.0,orca,68.70689280278322,0.0
0.0,5.0,0.0016155980984398728,3.0,combined,66.64507729861676,0.0
0.0,5.0,0.004641588833612777,1.5,arca,,
0.0,5.0,0.004641588833612777,1.5,orca,58.95093978974195,0.0
0.0,5.0,0.004641588833612777,1.5,combined,,
0.0,5.0,0.004641588833612777,1.5625,arca,2718.1363403382884,0.0
0.0,5.0,0.004641588833612777,1.5625,orca,53.61926983255559,0.0
0.0,5.0,0.004641588833612777,1.5625,combined,1961.6455142231946,0.0
0.0,5.0,0.004641588833612777,1.625,arca,463.01771501925555,0.0
0.0,5.0,0.004641588833612777,1.625,orca,72.623677581864,0.0
0.0,5.0,0.004641588833612777,1.625,combined,419.4543682109368,0.0
0.0,5.0,0.004641588833612777,1.6875,arca,112.73624968022514,0.0
0.0,5.0,0.004641588833612777,1.6875,orca,57.93313432835822,0.0
0.0,5.0,0.004641588833612777,1.6875,combined,88.63129251700678,0.0
0.0,5.0,0.004641588833612777,1.75,arca,65.9612482414631,0.0
0.0,5.0,0.004641588833612777,1.75,orca,58.08211920529801,0.0
0.0,5.0,0.004641588833612777,1.75,combined,69.6402956244226,0.0
0.0,5.0,0.004641588833612777,1.8125,arca,56.72342330817449,0.0
0.0,5.0,0.004641588833612777,1.8125,orca,67.91328160657234,0.0
0.0,5.0,0.004641588833612777,1.8125,combined,56.14445749390188,0.0
0.0,5.0,0.004641588833612777,1.875,arca,62.05831202046036,0.0
0.0,5.0,0.004641588833612777,1.875,orca,60.81181239143024,0.0
0.0,5.0,0.004641588833612777,1.875,combined,57.56016293279023,0.0
0.0,5.0,0.004641588833612777,1.9375,arca,62.22494887525562,0.0
0.0,5.0,0.004641588833612777,1.9375,orca,68.22456140350876,0.0
0.0,5.0,0.004641588833612777,1.9375,combined,55.0151032663088,0.0
0.0,5.0,0.004641588833612777,2.0,arca,70.04408945686902,0.0
0.0,5.0,0.004641588833612777,2.0,orca,68.70689280278322,0.0
0.0,5.0,0.004641588833612777,2.0,combined,61.02183121537959,0.0
0.0,5.0,0.004641588833612777,2.0625,arca,60.392638036809814,0.0
0.0,5.0,0.004641588833612777,2.0625,orca,68.70689280278322,0.0
0.0,5.0,0.004641588833612777,2.0625,combined,61.163122300985904,0.0
0.0,5.0,0.004641588833612777,2.125,arca,58.88833524977641,0.0
0.0,5.0,0.004641588833612777,2.125,orca,68.70689280278322,0.0
0.0,5.0,0.004641588833612777,2.125,combined,61.29395000407132,0.0
0.0,5.0,0.004641588833612777,2.1875,arca,54.407842636352015,0.0
0.0,5.0,0.004641588833612777,2.1875,orca,68.70689280278322,0.0
0.0,5.0,0.004641588833612777,2.1875,combined,66.17853944476106,0.0
0.0,5.0,0.004641588833612777,2.25,arca,55.38068472151251,0.0
0.0,5.0,0.004641588833612777,2.25,orca,68.70689280278322,0.0
0.0,5.0,0.004641588833612777,2.25,combined,63.45798045602605,0.0
0.0,5.0,0.004641588833612777,2.3125,arca,56.94511105437836,0.0
0.0,5.0,0.004641588833612777,2.3125,orca,68.70689280278322,0.0
0.0,5.0,0.004641588833612777,2.3125,combined,66.64507729861676,0.0
0.0,5.0,0.004641588833612777,2.375,arca,54.1725370086779,0.0
0.0,5.0,0.004641588833612777,2.375,orca,68.70689280278322,0.0
0.0,5.0,0.004641588833612777,2.375,combined,57.04704924704924,0.0
0.0,5.0,0.004641588833612777,2.4375,arca,54.1725370086779,0.0
0.0,5.0,0.004641588833612777,2.4375,orca,68.70689280278322,0.0
0.0,5.0,0.004641588833612777,2.4375,combined,59.35417684416218,0.0
0.0,5.0,0.004641588833612777,2.5,arca,54.1725370086779,0.0
0.0,5.0,0.004641588833612777,2.5,orca,68.70689280278322,0.0
0.0,5.0,0.004641588833612777,2.5,combined,66.64507729861676,0.0
0.0,5.0,0.004641588833612777,2.5625,arca,54.1725370086779,0.0
0.0,5.0,0.004641588833612777,2.5625,orca,68.70689280278322,0.0
0.0,5.0,0.004641588833612777,2.5625,combined,66.64507729861676,0.0
0.0,5.0,0.004641588833612777,2.625,arca,54.1725370086779,0.0
0.0,5.0,0.004641588833612777,2.625,orca,68.70689280278322,0.0
0.0,5.0,0.004641588833612777,2.625,combined,66.64507729861676,0.0
0.0,5.0,0.004641588833612777,2.6875,arca,54.1725370086779,0.0
0.0,5.0,0.004641588833612777,2.6875,orca,68.70689280278322,0.0
0.0,5.0,0.004641588833612777,2.6875,combined,66.64507729861676,0.0
0.0,5.0,0.004641588833612777,2.75,arca,54.1725370086779,0.0
0.0,5.0,0.004641588833612777,2.75,orca,68.70689280278322,0.0
0.0,5.0,0.004641588833612777,2.75,combined,66.64507729861676,0.0
0.0,5.0,0.004641588833612777,2.8125,arca,54.1725370086779,0.0
0.0,5.0,0.004641588833612777,2.8125,orca,68.70689280278322,0.0
0.0,5.0,0.004641588833612777,2.8125,combined,66.64507729861676,0.0
0.0,5.0,0.004641588833612777,2.875,arca,54.1725370086779,0.0
0.0,5.0,0.004641588833612777,2.875,orca,68.70689280278322,0.0
0.0,5.0,0.004641588833612777,2.875,combined,66.64507729861676,0.0
0.0,5.0,0.004641588833612777,2.9375,arca,54.1725370086779,0.0
0.0,5.0,0.004641588833612777,2.9375,orca,68.70689280278322,0.0
0.0,5.0,0.004641588833612777,2.9375,combined,66.64507729861676,0.0
0.0,5.0,0.004641588833612777,3.0,arca,54.1725370086779,0.0
0.0,5.0,0.004641588833612777,3.0,orca,68.70689280278322,0.0
0.0,5.0,0.004641588833612777,3.0,combined,66.64507729861676,0.0
0.0,5.0,0.013335214321633239,1.5,arca,,
0.0,5.0,0.013335214321633239,1.5,orca,67.11000343760742,0.0
0.0,5.0,0.013335214321633239,1.5,combined,,
0.0,5.0,0.013335214321633239,1.5625,arca,,
0.0,5.0,0.013335214321633239,1.5625,orca,55.58992302309308,0.0
0.0,5.0,0.013335214321633239,1.5625,combined,,
0.0,5.0,0.013335214321633239,1.625,arca,3788.0909090909095,0.0
0.0,5.0,0.013335214321633239,1.625,orca,62.932564330079856,0.0
0.0,5.0,0.013335214321633239,1.625,combined,2955.8103366072273,0.0
0.0,5.0,0.013335214321633239,1.6875,arca,698.7992050262854,0.0
0.0,5.0,0.013335214321633239,1.6875,orca,51.41191543882127,0.0
0.0,5.0,0.013335214321633239,1.6875,combined,537.755333635951,0.0
0.0,5.0,0.013335214321633239,1.75,arca,165.81953345296074,0.0
0.0,5.0,0.013335214321633239,1.75,orca,67.3882740053844,0.0
0.0,5.0,0.013335214321633239,1.75,combined,129.73032188260754,0.0
0.0,5.0,0.013335214321633239,1.8125,arca,83.08466555825552,0.0
0.0,5.0,0.013335214321633239,1.8125,orca,66.88939051918737,0.0
0.0,5.0,0.013335214321633239,1.8125,combined,65.20228906042053,0.0
0.0,5.0,0.013335214321633239,1.875,arca,62.14325878594249,0.0
0.0,5.0,0.013335214321633239,1.875,orca,64.83059077421095,0.0
0.0,5.0,0.013335214321633239,1.875,combined,63.98051615108527,0.0
0.0,5.0,0.013335214321633239,1.9375,arca,57.938650306748464,0.0
0.0,5.0,0.013335214321633239,1.9375,orca,64.23771001866834,0.0
0.0,5.0,0.013335214321633239,1.9375,combined,60.41190893169879,0.0
0.0,5.0,0.013335214321633239,2.0,arca,58.91174213353799,0.0
0.0,5.0,0.013335214321633239,2.0,orca,70.48278867102395,0.0
0.0,5.0,0.013335214321633239,2.0,combined,60.25824175824176,0.0
0.0,5.0,0.013335214321633239,2.0625,arca,64.63782747603834,0.0
0.0,5.0,0.013335214321633239,2.0625,orca,78.12006196746708,0.0
0.0,5.0,0.013335214321633239,2.0625,combined,56.66499300353939,0.0
0.0,5.0,0.013335214321633239,2.125,arca,58.09504343382727,0.0
0.0,5.0,0.013335214321633239,2.125,orca,72.10845037992172,0.0
0.0,5.0,0.013335214321633239,2.125,combined,56.907484322827585,0.0
0.0,5.0,0.013335214321633239,2.1875,arca,62.75424703027206,0.0
0.0,5.0,0.013335214321633239,2.1875,orca,68.70689280278322,0.0
0.0,5.0,0.013335214321633239,2.1875,combined,58.533675380731324,0.0
0.0,5.0,0.013335214321633239,2.25,arca,56.51577065508875,0.0
0.0,5.0,0.013335214321633239,2.25,orca,63.39043381535039,0.0
0.0,5.0,0.013335214321633239,2.25,combined,58.36498316498318,0.0
0.0,5.0,0.013335214321633239,2.3125,arca,60.563418061055046,0.0
0.0,5.0,0.013335214321633239,2.3125,orca,70.62166962699823,0.0
0.0,5.0,0.013335214321633239,2.3125,combined,59.46354166666667,0.0
0.0,5.0,0.013335214321633239,2.375,arca,60.348742178521256,0.0
0.0,5.0,0.013335214321633239,2.375,orca,68.70689280278322,0.0
0.0,5.0,0.013335214321633239,2.375,combined,66.64507729861676,0.0
0.0,5.0,0.013335214321633239,2.4375,arca,66.55228841728459,0.0
0.0,5.0,0.013335214321633239,2.4375,orca,68.70689280278322,0.0
0.0,5.0,0.013335214321633239,2.4375,combined,58.04166666666668,0.0
0.0,5.0,0.013335214321633239,2.5,arca,66.61272193128113,0.0
0.0,5.0,0.013335214321633239,2.5,orca,68.70689280278322,0.0
0.0,5.0,0.013335214321633239,2.5,combined,66.64507729861676,0.0
0.0,5.0,0.013335214321633239,2.5625,arca,56.28338013786061,0.0
0.0,5.0,0.013335214321633239,2.5625,orca,68.70689280278322,0.0
0.0,5.0,0.013335214321633239,2.5625,combined,66.64507729861676,0.0
0.0,5.0,0.013335214321633239,2.625,arca,54.1725370086779,0.0
0.0,5.0,0.013335214321633239,2.625,orca,68.70689280278322,0.0
0.0,5.0,0.013335214321633239,2.625,combined,66.64507729861676,0.0
0.0,5.0,0.013335214321633239,2.6875,arca,54.1725370086779,0.0
0.0,5.0,0.013335214321633239,2.6875,orca,68.70689280278322,0.0
0.0,5.0,0.013335214321633239,2.6875,combined,66.64507729861676,0.0
0.0,5.0,0.013335214321633239,2.75,arca,54.1725370086779,0.0
0.0,5.0,0.013335214321633239,2.75,orca,68.70689280278322,0.0
0.0,5.0,0.013335214321633239,2.75,combined,66.64507729861676,0.0
0.0,5.0,0.013335214321633239,2.8125,arca,54.1725370086779,0.0
0.0,5.0,0.013335214321633239,2.8125,orca,68.70689280278322,0.0
0.0,5.0,0.013335214321633239,2.8125,combined,59.46354166666667,0.0
0.0,5.0,0.013335214321633239,2.875,arca,54.1725370086779,0.0
0.0,5.0,0.013335214321633239,2.875,orca,68.70689280278322,0.0
0.0,5.0,0.013335214321633239,2.875,combined,66.64507729861676,0.0
0.0,5.0,0.013335214321633239,2.9375,arca,54.1725370086779,0.0
0.0,5.0,0.013335214321633239,2.9375,orca,68.70689280278322,0.0
0.0,5.0,0.013335214321633239,2.9375,combined,66.64507729861676,0.0
0.0,5.0,0.013335214321633239,3.0,arca,54.1725370086779,0.0
0.0,5.0,0.013335214321633239,3.0,orca,68.70689280278322,0.0
0.0,5.0,0.013335214321633239,3.0,combined,66.64507729861676,0.0
0.0,5.0,0.03831186849557285,1.5,arca,,
0.0,5.0,0.03831186849557285,1.5,orca,60.060232476224016,0.0
0.0,5.0,0.03831186849557285,1.5,combined,,
0.0,5.0,0.03831186849557285,1.5625,arca,,
0.0,5.0,0.03831186849557285,1.5625,orca,56.028612303290416,0.0
0.0,5.0,0.03831186849557285,1.5625,combined,,
0.0,5.0,0.03831186849557285,1.625,arca,,
0.0,5.0,0.03831186849557285,1.625,orca,63.69775720897117,0.0
0.0,5.0,0.03831186849557285,1.625,combined,,
0.0,5.0,0.03831186849557285,1.6875,arca,5981.925106713232,0.0
0.0,5.0,0.03831186849557285,1.6875,orca,55.079537729435756,0.0
0.0,5.0,0.03831186849557285,1.6875,combined,4337.668833652008,0.0
0.0,5.0,0.03831186849557285,1.75,arca,1216.1858225247206,0.0
0.0,5.0,0.03831186849557285,1.75,orca,58.2061317677756,0.0
0.0,5.0,0.03831186849557285,1.75,combined,863.19337848006,0.0
0.0,5.0,0.03831186849557285,1.8125,arca,287.7864276568502,0.0
0.0,5.0,0.03831186849557285,1.8125,orca,63.46297488731486,0.0
0.0,5.0,0.03831186849557285,1.8125,combined,206.72934263679764,0.0
0.0,5.0,0.03831186849557285,1.875,arca,102.98360655737706,0.0
0.0,5.0,0.03831186849557285,1.875,orca,62.63681592039801,0.0
0.0,5.0,0.03831186849557285,1.875,combined,76.44310474755085,0.0
0.0,5.0,0.03831186849557285,1.9375,arca,61.532906530089626,0.0
0.0,5.0,0.03831186849557285,1.9375,orca,59.16169226311213,0.0
0.0,5.0,0.03831186849557285,1.9375,combined,62.1406025824964,0.0
0.0,5.0,0.03831186849557285,2.0,arca,60.470829068577274,0.0
0.0,5.0,0.03831186849557285,2.0,orca,62.43541102077688,0.0
0.0,5.0,0.03831186849557285,2.0,combined,63.86125195906703,0.0
0.0,5.0,0.03831186849557285,2.0625,arca,60.77470911648126,0.0
0.0,5.0,0.03831186849557285,2.0625,orca,58.899500277623545,0.0
0.0,5.0,0.03831186849557285,2.0625,combined,72.65957064582773,0.0
0.0,5.0,0.03831186849557285,2.125,arca,57.42462953500255,0.0
0.0,5.0,0.03831186849557285,2.125,orca,68.70689280278322,0.0
0.0,5.0,0.03831186849557285,2.125,combined,58.497573251842525,0.0
0.0,5.0,0.03831186849557285,2.1875,arca,56.597137014314924,0.0
0.0,5.0,0.03831186849557285,2.1875,orca,67.0893240983998,0.0
0.0,5.0,0.03831186849557285,2.1875,combined,57.61633683524717,0.0
0.0,5.0,0.03831186849557285,2.25,arca,63.36875079913054,0.0
0.0,5.0,0.03831186849557285,2.25,orca,68.70689280278322,0.0
0.0,5.0,0.03831186849557285,2.25,combined,59.075027183762245,0.0
0.0,5.0,0.03831186849557285,2.3125,arca,57.77571884984026,0.0
0.0,5.0,0.03831186849557285,2.3125,orca,68.70689280278322,0.0
0.0,5.0,0.03831186849557285,2.3125,combined,61.864541832669325,0.0
0.0,5.0,0.03831186849557285,2.375,arca,55.47042289510668,0.0
0.0,5.0,0.03831186849557285,2.375,orca,68.70689280278322,0.0
0.0,5.0,0.03831186849557285,2.375,combined,59.293811074918565,0.0
0.0,5.0,0.03831186849557285,2.4375,arca,58.82045715745115,0.0
0.0,5.0,0.03831186849557285,2.4375,orca,68.70689280278322,0.0
0.0,5.0,0.03831186849557285,2.4375,combined,67.35766661235132,0.0
0.0,5.0,0.03831186849557285,2.5,arca,57.47612969109012,0.0
0.0,5.0,0.03831186849557285,2.5,orca,68.70689280278322,0.0
0.0,5.0,0.03831186849557285,2.5,combined,66.64507729861676,0.0
0.0,5.0,0.03831186849557285,2.5625,arca,55.06740712370738,0.0
0.0,5.0,0.03831186849557285,2.5625,orca,68.70689280278322,0.0
0.0,5.0,0.03831186849557285,2.5625,combined,59.46354166666667,0.0
0.0,5.0,0.03831186849557285,2.625,arca,54.1725370086779,0.0
0.0,5.0,0.03831186849557285,2.625,orca,68.70689280278322,0.0
0.0,5.0,0.03831186849557285,2.625,combined,66.64507729861676,0.0
0.0,5.0,0.03831186849557285,2.6875,arca,54.1725370086779,0.0
0.0,5.0,0.03831186849557285,2.6875,orca,68.70689280278322,0.0
0.0,5.0,0.03831186849557285,2.6875,combined,59.46354166666667,0.0
0.0,5.0,0.03831186849557285,2.75,arca,54.1725370086779,0.0
0.0,5.0,0.03831186849557285,2.75,orca,68.70689280278322,0.0
0.0,5.0,0.03831186849557285,2.75,combined,66.64507729861676,0.0
0.0,5.0,0.03831186849557285,2.8125,arca,56.14909927175163,0.0
0.0,5.0,0.03831186849557285,2.8125,orca,68.70689280278322,0.0
0.0,5.0,0.03831186849557285,2.8125,combined,66.64507729861676,0.0
0.0,5.0,0.03831186849557285,2.875,arca,54.1725370086779,0.0
0.0,5.0,0.03831186849557285,2.875,orca,68.70689280278322,0.0
0.0,5.0,0.03831186849557285,2.875,combined,66.64507729861676,0.0
0.0,5.0,0.03831186849557285,2.9375,arca,54.1725370086779,0.0
0.0,5.0,0.03831186849557285,2.9375,orca,68.70689280278322,0.0
0.0,5.0,0.03831186849557285,2.9375,combined,66.64507729861676,0.0
0.0,5.0,0.03831186849557285,3.0,arca,54.1725370086779,0.0
0.0,5.0,0.03831186849557285,3.0,orca,68.70689280278322,0.0
0.0,5.0,0.03831186849557285,3.0,combined,60.27083333333334,0.0
0.0,5.0,0.11006941712522081,1.5,arca,,
0.0,5.0,0.11006941712522081,1.5,orca,58.37960339943343,0.0
0.0,5.0,0.11006941712522081,1.5,combined,,
0.0,5.0,0.11006941712522081,1.5625,arca,,
0.0,5.0,0.11006941712522081,1.5625,orca,58.203636363636356,0.0
0.0,5.0,0.11006941712522081,1.5625,combined,,
0.0,5.0,0.11006941712522081,1.625,arca,,
0.0,5.0,0.11006941712522081,1.625,orca,56.62277331470486,0.0
0.0,5.0,0.11006941712522081,1.625,combined,,
0.0,5.0,0.11006941712522081,1.6875,arca,,
0.0,5.0,0.11006941712522081,1.6875,orca,70.35266738274255,0.0
0.0,5.0,0.11006941712522081,1.6875,combined,,
0.0,5.0,0.11006941712522081,1.75,arca,,
0.0,5.0,0.11006941712522081,1.75,orca,65.0996015936255,0.0
0.0,5.0,0.11006941712522081,1.75,combined,,
0.0,5.0,0.11006941712522081,1.8125,arca,1735.3459709548904,0.0
0.0,5.0,0.11006941712522081,1.8125,orca,56.2742857142857,0.0
0.0,5.0,0.11006941712522081,1.8125,combined,1500.7302656191546,0.0
0.0,5.0,0.11006941712522081,1.875,arca,465.75841761618227,0.0
0.0,5.0,0.11006941712522081,1.875,orca,68.78733031674206,0.0
0.0,5.0,0.11006941712522081,1.875,combined,385.6593886462883,0.0
0.0,5.0,0.11006941712522081,1.9375,arca,131.19672131147541,0.0
0.0,5.0,0.11006941712522081,1.9375,orca,66.72214765100671,0.0
0.0,5.0,0.11006941712522081,1.9375,combined,94.13392621290834,0.0
0.0,5.0,0.11006941712522081,2.0,arca,61.639467962655075,0.0
0.0,5.0,0.11006941712522081,2.0,orca,62.83401281304602,0.0
0.0,5.0,0.11006941712522081,2.0,combined,63.129937726554516,0.0
0.0,5.0,0.11006941712522081,2.0625,arca,63.76761734237115,0.0
0.0,5.0,0.11006941712522081,2.0625,orca,57.67990373044524,0.0
0.0,5.0,0.11006941712522081,2.0625,combined,63.546582765250825,0.0
0.0,5.0,0.11006941712522081,2.125,arca,55.105599590897484,0.0
0.0,5.0,0.11006941712522081,2.125,orca,61.57599999999999,0.0
0.0,5.0,0.11006941712522081,2.125,combined,56.74119765871228,0.0
0.0,5.0,0.11006941712522081,2.1875,arca,60.19483177689651,0.0
0.0,5.0,0.11006941712522081,2.1875,orca,62.18675681977151,0.0
0.0,5.0,0.11006941712522081,2.1875,combined,62.15130871280028,0.0
0.0,5.0,0.11006941712522081,2.25,arca,60.08217252396167,0.0
0.0,5.0,0.11006941712522081,2.25,orca,64.52620830496936,0.0
0.0,5.0,0.11006941712522081,2.25,combined,57.79801437863744,0.0
0.0,5.0,0.11006941712522081,2.3125,arca,63.32902978397034,0.0
0.0,5.0,0.11006941712522081,2.3125,orca,69.38210399032648,0.0
0.0,5.0,0.11006941712522081,2.3125,combined,68.34649198414067,0.0
0.0,5.0,0.11006941712522081,2.375,arca,58.11917230808531,0.0
0.0,5.0,0.11006941712522081,2.375,orca,66.97150997150996,0.0
0.0,5.0,0.11006941712522081,2.375,combined,56.147185794575215,0.0
0.0,5.0,0.11006941712522081,2.4375,arca,60.544245524296684,0.0
0.0,5.0,0.11006941712522081,2.4375,orca,68.70689280278322,0.0
0.0,5.0,0.11006941712522081,2.4375,combined,75.03234639739858,0.0
0.0,5.0,0.11006941712522081,2.5,arca,55.74668028600613,0.0
0.0,5.0,0.11006941712522081,2.5,orca,68.70689280278322,0.0
0.0,5.0,0.11006941712522081,2.5,combined,60.71798420581292,0.0
0.0,5.0,0.11006941712522081,2.5625,arca,56.94511105437836,0.0
0.0,5.0,0.11006941712522081,2.5625,orca,65.43347639484979,0.0
0.0,5.0,0.11006941712522081,2.5625,combined,58.89794091316024,0.0
0.0,5.0,0.11006941712522081,2.625,arca,63.72820120005106,0.0
0.0,5.0,0.11006941712522081,2.625,orca,68.70689280278322,0.0
0.0,5.0,0.11006941712522081,2.625,combined,65.39068771742038,0.0
0.0,5.0,0.11006941712522081,2.6875,arca,57.83861082737488,0.0
0.0,5.0,0.11006941712522081,2.6875,orca,68.70689280278322,0.0
0.0,5.0,0.11006941712522081,2.6875,combined,60.8666232391499,0.0
0.0,5.0,0.11006941712522081,2.75,arca,55.197111082704836,0.0
0.0,5.0,0.11006941712522081,2.75,orca,68.70689280278322,0.0
0.0,5.0,0.11006941712522081,2.75,combined,66.64507729861676,0.0
0.0,5.0,0.11006941712522081,2.8125,arca,54.1725370086779,0.0
0.0,5.0,0.11006941712522081,2.8125,orca,68.70689280278322,0.0
0.0,5.0,0.11006941712522081,2.8125,combined,59.961094981335556,0.0
0.0,5.0,0.11006941712522081,2.875,arca,54.1725370086779,0.0
0.0,5.0,0.11006941712522081,2.875,orca,68.70689280278322,0.0
0.0,5.0,0.11006941712522081,2.875,combined,66.64507729861676,0.0
0.0,5.0,0.11006941712522081,2.9375,arca,54.1725370086779,0.0
0.0,5.0,0.11006941712522081,2.9375,orca,68.70689280278322,0.0
0.0,5.0,0.11006941712522081,2.9375,combined,66.64507729861676,0.0
0.0,5.0,0.11006941712522081,3.0,arca,54.1725370086779,0.0
0.0,5.0,0.11006941712522081,3.0,orca,68.70689280278322,0.0
0.0,5.0,0.11006941712522081,3.0,combined,66.64507729861676,0.0
0.0,5.0,0.31622776601683794,1.5,arca,,
0.0,5.0,0.31622776601683794,1.5,orca,74.81831610044314,0.0
0.0,5.0,0.31622776601683794,1.5,combined,,
0.0,5.0,0.31622776601683794,1.5625,arca,,
0.0,5.0,0.31622776601683794,1.5625,orca,63.30695970695969,0.0
0.0,5.0,0.31622776601683794,1.5625,combined,,
0.0,5.0,0.31622776601683794,1.625,arca,,
0.0,5.0,0.31622776601683794,1.625,orca,62.33211944646759,0.0
0.0,5.0,0.31622776601683794,1.625,combined,,
0.0,5.0,0.31622776601683794,1.6875,arca,,
0.0,5.0,0.31622776601683794,1.6875,orca,55.538904899135446,0.0
0.0,5.0,0.31622776601683794,1.6875,combined,,
0.0,5.0,0.31622776601683794,1.75,arca,,
0.0,5.0,0.31622776601683794,1.75,orca,67.68581314878894,0.0
0.0,5.0,0.31622776601683794,1.75,combined,,
0.0,5.0,0.31622776601683794,1.8125,arca,,
0.0,5.0,0.31622776601683794,1.8125,orca,63.841807909604526,0.0
0.0,5.0,0.31622776601683794,1.8125,combined,,
0.0,5.0,0.31622776601683794,1.875,arca,3645.486361296963,0.0
0.0,5.0,0.31622776601683794,1.875,orca,58.45868752125128,0.0
0.0,5.0,0.31622776601683794,1.875,combined,2697.7441639779845,0.0
0.0,5.0,0.31622776601683794,1.9375,arca,878.1659607239122,0.0
0.0,5.0,0.31622776601683794,1.9375,orca,65.60127645280485,0.0
0.0,5.0,0.31622776601683794,1.9375,combined,655.9408983451538,0.0
0.0,5.0,0.31622776601683794,2.0,arca,190.28593389700228,0.0
0.0,5.0,0.31622776601683794,2.0,orca,67.10355127779621,0.0
0.0,5.0,0.31622776601683794,2.0,combined,202.08316317059584,0.0
0.0,5.0,0.31622776601683794,2.0625,arca,70.76539889870662,0.0
0.0,5.0,0.31622776601683794,2.0625,orca,53.7252204585538,0.0
0.0,5.0,0.31622776601683794,2.0625,combined,60.4477172312224,0.0
0.0,5.0,0.31622776601683794,2.125,arca,58.85831202046036,0.0
0.0,5.0,0.31622776601683794,2.125,orca,71.52939286861547,0.0
0.0,5.0,0.31622776601683794,2.125,combined,71.76970409917654,0.0
0.0,5.0,0.31622776601683794,2.1875,arca,56.909276769741886,0.0
0.0,5.0,0.31622776601683794,2.1875,orca,74.12271833754563,0.0
0.0,5.0,0.31622776601683794,2.1875,combined,55.70713201820941,0.0
0.0,5.0,0.31622776601683794,2.25,arca,55.9238046535413,0.0
0.0,5.0,0.31622776601683794,2.25,orca,67.98420221169037,0.0
0.0,5.0,0.31622776601683794,2.25,combined,63.17119764878767,0.0
0.0,5.0,0.31622776601683794,2.3125,arca,55.47895612127415,0.0
0.0,5.0,0.31622776601683794,2.3125,orca,62.70259541984733,0.0
0.0,5.0,0.31622776601683794,2.3125,combined,65.7623148467103,0.0
0.0,5.0,0.31622776601683794,2.375,arca,63.222676722484984,0.0
0.0,5.0,0.31622776601683794,2.375,orca,66.05507745266783,0.0
0.0,5.0,0.31622776601683794,2.375,combined,56.3135230420549,0.0
0.0,5.0,0.31622776601683794,2.4375,arca,55.54743032472514,0.0
0.0,5.0,0.31622776601683794,2.4375,orca,71.77315641745344,0.0
0.0,5.0,0.31622776601683794,2.4375,combined,63.95787778625306,0.0
0.0,5.0,0.31622776601683794,2.5,arca,63.025808100166095,0.0
0.0,5.0,0.31622776601683794,2.5,orca,68.70689280278322,0.0
0.0,5.0,0.31622776601683794,2.5,combined,56.36114911080712,0.0
0.0,5.0,0.31622776601683794,2.5625,arca,55.4052120592744,0.0
0.0,5.0,0.31622776601683794,2.5625,orca,71.3920071845532,0.0
0.0,5.0,0.31622776601683794,2.5625,combined,59.606642787365686,0.0
0.0,5.0,0.31622776601683794,2.625,arca,57.089189879887556,0.0
0.0,5.0,0.31622776601683794,2.625,orca,68.70689280278322,0.0
0.0,5.0,0.31622776601683794,2.625,combined,55.191794871794876,0.0
0.0,5.0,0.31622776601683794,2.6875,arca,59.1745240833014,0.0
0.0,5.0,0.31622776601683794,2.6875,orca,68.70689280278322,0.0
0.0,5.0,0.31622776601683794,2.6875,combined,58.257431386920764,0.0
0.0,5.0,0.31622776601683794,2.75,arca,54.1725370086779,0.0
0.0,5.0,0.31622776601683794,2.75,orca,64.71766208878952,0.0
0.0,5.0,0.31622776601683794,2.75,combined,63.055370083869384,0.0
0.0,5.0,0.31622776601683794,2.8125,arca,56.94511105437836,0.0
0.0,5.0,0.31622776601683794,2.8125,orca,68.70689280278322,0.0
0.0,5.0,0.31622776601683794,2.8125,combined,61.69003943082461,0.0
0.0,5.0,0.31622776601683794,2.875,arca,55.70471083875909,0.0
0.0,5.0,0.31622776601683794,2.875,orca,68.70689280278322,0.0
0.0,5.0,0.31622776601683794,2.875,combined,66.64507729861676,0.0
0.0,5.0,0.31622776601683794,2.9375,arca,54.1725370086779,0.0
0.0,5.0,0.31622776601683794,2.9375,orca,68.70689280278322,0.0
0.0,5.0,0.31622776601683794,2.9375,combined,66.64507729861676,0.0
0.0,5.0,0.31622776601683794,3.0,arca,56.94511105437836,0.0
0.0,5.0,0.31622776601683794,3.0,orca,68.70689280278322,0.0
0.0,5.0,0.31622776601683794,3.0,combined,59.46354166666667,0.0
0.0,5.0,0.9085175756516861,1.5,arca,,
0.0,5.0,0.9085175756516861,1.5,orca,175.56833457804333,0.0
0.0,5.0,0.9085175756516861,1.5,combined,,
0.0,5.0,0.9085175756516861,1.5625,arca,,
0.0,5.0,0.9085175756516861,1.5625,orca,99.13133892739879,0.0
0.0,5.0,0.9085175756516861,1.5625,combined,,
0.0,5.0,0.9085175756516861,1.625,arca,,
0.0,5.0,0.9085175756516861,1.625,orca,66.82758620689654,0.0
0.0,5.0,0.9085175756516861,1.625,combined,,
0.0,5.0,0.9085175756516861,1.6875,arca,,
0.0,5.0,0.9085175756516861,1.6875,orca,67.53053715967621,0.0
0.0,5.0,0.9085175756516861,1.6875,combined,,
0.0,5.0,0.9085175756516861,1.75,arca,,
0.0,5.0,0.9085175756516861,1.75,orca,54.78584392014519,0.0
0.0,5.0,0.9085175756516861,1.75,combined,,
0.0,5.0,0.9085175756516861,1.8125,arca,,
0.0,5.0,0.9085175756516861,1.8125,orca,59.31560157086755,0.0
0.0,5.0,0.9085175756516861,1.8125,combined,,
0.0,5.0,0.9085175756516861,1.875,arca,,
0.0,5.0,0.9085175756516861,1.875,orca,57.61001080302485,0.0
0.0,5.0,0.9085175756516861,1.875,combined,,
0.0,5.0,0.9085175756516861,1.9375,arca,6545.753139158575,0.0
0.0,5.0,0.9085175756516861,1.9375,orca,61.487320082248125,0.0
0.0,5.0,0.9085175756516861,1.9375,combined,4980.590952110544,0.0
0.0,5.0,0.9085175756516861,2.0,arca,1615.3439835094046,0.0
0.0,5.0,0.9085175756516861,2.0,orca,57.62316242380781,0.0
0.0,5.0,0.9085175756516861,2.0,combined,1232.9208986218619,0.0
0.0,5.0,0.9085175756516861,2.0625,arca,397.714450570586,0.0
0.0,5.0,0.9085175756516861,2.0625,orca,59.89911727616646,0.0
0.0,5.0,0.9085175756516861,2.0625,combined,341.421822272216,0.0
0.0,5.0,0.9085175756516861,2.125,arca,97.54759467758443,0.0
0.0,5.0,0.9085175756516861,2.125,orca,52.53405994550408,0.0
0.0,5.0,0.9085175756516861,2.125,combined,103.72027516965697,0.0
0.0,5.0,0.9085175756516861,2.1875,arca,60.76095311299001,0.0
0.0,5.0,0.9085175756516861,2.1875,orca,64.41006247944755,0.0
0.0,5.0,0.9085175756516861,2.1875,combined,62.29470845345485,0.0
0.0,5.0,0.9085175756516861,2.25,arca,67.59467758444217,0.0
0.0,5.0,0.9085175756516861,2.25,orca,60.2505999314364,0.0
0.0,5.0,0.9085175756516861,2.25,combined,53.79439252336448,0.0
0.0,5.0,0.9085175756516861,2.3125,arca,55.44924571720788,0.0
0.0,5.0,0.9085175756516861,2.3125,orca,59.639566395663955,0.0
0.0,5.0,0.9085175756516861,2.3125,combined,66.2623533594028,0.0
0.0,5.0,0.9085175756516861,2.375,arca,52.69767441860465,0.0
0.0,5.0,0.9085175756516861,2.375,orca,62.56656683909611,0.0
0.0,5.0,0.9085175756516861,2.375,combined,65.25292122125896,0.0
0.0,5.0,0.9085175756516861,2.4375,arca,60.826175869120654,0.0
0.0,5.0,0.9085175756516861,2.4375,orca,63.48076923076924,0.0
0.0,5.0,0.9085175756516861,2.4375,combined,67.05661979805606,0.0
0.0,5.0,0.9085175756516861,2.5,arca,69.25891373801917,0.0
0.0,5.0,0.9085175756516861,2.5,orca,70.9334942343792,0.0
0.0,5.0,0.9085175756516861,2.5,combined,60.05181589020633,0.0
0.0,5.0,0.9085175756516861,2.5625,arca,58.20842911877394,0.0
0.0,5.0,0.9085175756516861,2.5625,orca,70.21527421834955,0.0
0.0,5.0,0.9085175756516861,2.5625,combined,57.14607233558105,0.0
0.0,5.0,0.9085175756516861,2.625,arca,61.48888320981345,0.0
0.0,5.0,0.9085175756516861,2.625,orca,56.016660758596245,0.0
0.0,5.0,0.9085175756516861,2.625,combined,61.378368699077804,0.0
0.0,5.0,0.9085175756516861,2.6875,arca,58.16664538373133,0.0
0.0,5.0,0.9085175756516861,2.6875,orca,71.42215486359879,0.0
0.0,5.0,0.9085175756516861,2.6875,combined,61.592175998676694,0.0
0.0,5.0,0.9085175756516861,2.75,arca,56.94511105437836,0.0
0.0,5.0,0.9085175756516861,2.75,orca,68.70689280278322,0.0
0.0,5.0,0.9085175756516861,2.75,combined,67.48219327807634,0.0
0.0,5.0,0.9085175756516861,2.8125,arca,54.29150159744409,0.0
0.0,5.0,0.9085175756516861,2.8125,orca,54.825208085612374,0.0
0.0,5.0,0.9085175756516861,2.8125,combined,56.85250848736327,0.0
0.0,5.0,0.9085175756516861,2.875,arca,54.41376228775692,0.0
0.0,5.0,0.9085175756516861,2.875,orca,68.70689280278322,0.0
0.0,5.0,0.9085175756516861,2.875,combined,63.00765036217139,0.0
0.0,5.0,0.9085175756516861,2.9375,arca,56.94511105437836,0.0
0.0,5.0,0.9085175756516861,2.9375,orca,68.70689280278322,0.0
0.0,5.0,0.9085175756516861,2.9375,combined,59.46354166666667,0.0
0.0,5.0,0.9085175756516861,3.0,arca,54.1725370086779,0.0
0.0,5.0,0.9085175756516861,3.0,orca,68.70689280278322,0.0
0.0,5.0,0.9085175756516861,3.0,combined,66.64507729861676,0.0
0.0,5.0,2.6101572156825332,1.5,arca,,
0.0,5.0,2.6101572156825332,1.5,orca,957.8313973952831,0.0
0.0,5.0,2.6101572156825332,1.5,combined,,
0.0,5.0,2.6101572156825332,1.5625,arca,,
0.0,5.0,2.6101572156825332,1.5625,orca,434.0285926476049,0.0
0.0,5.0,2.6101572156825332,1.5625,combined,,
0.0,5.0,2.6101572156825332,1.625,arca,,
0.0,5.0,2.6101572156825332,1.625,orca,153.5936920222634,0.0
0.0,5.0,2.6101572156825332,1.625,combined,,
0.0,5.0,2.6101572156825332,1.6875,arca,,
0.0,5.0,2.6101572156825332,1.6875,orca,72.26206896551724,0.0
0.0,5.0,2.6101572156825332,1.6875,combined,,
0.0,5.0,2.6101572156825332,1.75,arca,,
0.0,5.0,2.6101572156825332,1.75,orca,66.4653749551489,0.0
0.0,5.0,2.6101572156825332,1.75,combined,,
0.0,5.0,2.6101572156825332,1.8125,arca,,
0.0,5.0,2.6101572156825332,1.8125,orca,69.6656966169516,0.0
0.0,5.0,2.6101572156825332,1.8125,combined,,
0.0,5.0,2.6101572156825332,1.875,arca,,
0.0,5.0,2.6101572156825332,1.875,orca,60.853485064011366,0.0
0.0,5.0,2.6101572156825332,1.875,combined,,
0.0,5.0,2.6101572156825332,1.9375,arca,,
0.0,5.0,2.6101572156825332,1.9375,orca,65.05265082266908,0.0
0.0,5.0,2.6101572156825332,1.9375,combined,,
0.0,5.0,2.6101572156825332,2.0,arca,,
0.0,5.0,2.6101572156825332,2.0,orca,59.400282885431395,0.0
0.0,5.0,2.6101572156825332,2.0,combined,,
0.0,5.0,2.6101572156825332,2.0625,arca,3148.1594577146543,0.0
0.0,5.0,2.6101572156825332,2.0625,orca,63.674991328477276,0.0
0.0,5.0,2.6101572156825332,2.0625,combined,2388.9017405951718,0.0
0.0,5.0,2.6101572156825332,2.125,arca,826.9997436554729,0.0
0.0,5.0,2.6101572156825332,2.125,orca,59.346030615877545,0.0
0.0,5.0,2.6101572156825332,2.125,combined,697.7732884399552,0.0
0.0,5.0,2.6101572156825332,2.1875,arca,249.55076923076928,0.0
0.0,5.0,2.6101572156825332,2.1875,orca,56.48668280871671,0.0
0.0,5.0,2.6101572156825332,2.1875,combined,219.5437020400524,0.0
0.0,5.0,2.6101572156825332,2.25,arca,87.98106932719367,0.0
0.0,5.0,2.6101572156825332,2.25,orca,60.20729789241901,0.0
0.0,5.0,2.6101572156825332,2.25,combined,86.75309561493343,0.0
0.0,5.0,2.6101572156825332,2.3125,arca,69.96788227767115,0.0
0.0,5.0,2.6101572156825332,2.3125,orca,74.5365141187926,0.0
0.0,5.0,2.6101572156825332,2.3125,combined,57.88460494162368,0.0
0.0,5.0,2.6101572156825332,2.375,arca,68.69461154486113,0.0
0.0,5.0,2.6101572156825332,2.375,orca,64.9395621338267,0.0
0.0,5.0,2.6101572156825332,2.375,combined,56.61983158293121,0.0
0.0,5.0,2.6101572156825332,2.4375,arca,56.22610364683302,0.0
0.0,5.0,2.6101572156825332,2.4375,orca,59.42404006677796,0.0
0.0,5.0,2.6101572156825332,2.4375,combined,61.54990717001148,0.0
0.0,5.0,2.6101572156825332,2.5,arca,64.43171355498721,0.0
0.0,5.0,2.6101572156825332,2.5,orca,59.735054828440056,0.0
0.0,5.0,2.6101572156825332,2.5,combined,61.686899524108824,0.0
0.0,5.0,2.6101572156825332,2.5625,arca,59.13341853035144,0.0
0.0,5.0,2.6101572156825332,2.5625,orca,63.473728575442536,0.0
0.0,5.0,2.6101572156825332,2.5625,combined,61.959013546370265,0.0
0.0,5.0,2.6101572156825332,2.625,arca,59.706107845642734,0.0
0.0,5.0,2.6101572156825332,2.625,orca,56.71511797261871,0.0
0.0,5.0,2.6101572156825332,2.625,combined,68.3813885326983,0.0
0.0,5.0,2.6101572156825332,2.6875,arca,61.930607028754,0.0
0.0,5.0,2.6101572156825332,2.6875,orca,69.93814432989691,0.0
0.0,5.0,2.6101572156825332,2.6875,combined,71.48680881821467,0.0
0.0,5.0,2.6101572156825332,2.75,arca,56.974699718885766,0.0
0.0,5.0,2.6101572156825332,2.75,orca,55.668150031786396,0.0
0.0,5.0,2.6101572156825332,2.75,combined,63.41003055905087,0.0
0.0,5.0,2.6101572156825332,2.8125,arca,55.51015974440895,0.0
0.0,5.0,2.6101572156825332,2.8125,orca,74.84407484407484,0.0
0.0,5.0,2.6101572156825332,2.8125,combined,68.94294294294292,0.0
0.0,5.0,2.6101572156825332,2.875,arca,66.77834525025537,0.0
0.0,5.0,2.6101572156825332,2.875,orca,64.50309510410806,0.0
0.0,5.0,2.6101572156825332,2.875,combined,57.719869706840385,0.0
0.0,5.0,2.6101572156825332,2.9375,arca,54.1725370086779,0.0
0.0,5.0,2.6101572156825332,2.9375,orca,67.76400791034936,0.0
0.0,5.0,2.6101572156825332,2.9375,combined,55.78332387975044,0.0
0.0,5.0,2.6101572156825332,3.0,arca,57.35019157088123,0.0
0.0,5.0,2.6101572156825332,3.0,orca,62.84148783977109,0.0
0.0,5.0,2.6101572156825332,3.0,combined,59.46354166666667,0.0
0.0,5.0,7.498942093324558,1.5,arca,,
0.0,5.0,7.498942093324558,1.5,orca,,
0.0,5.0,7.498942093324558,1.5,combined,,
0.0,5.0,7.498942093324558,1.5625,arca,,
0.0,5.0,7.498942093324558,1.5625,orca,,
0.0,5.0,7.498942093324558,1.5625,combined,,
0.0,5.0,7.498942093324558,1.625,arca,,
0.0,5.0,7.498942093324558,1.625,orca,1172.1000363768644,0.0
0.0,5.0,7.498942093324558,1.625,combined,,
0.0,5.0,7.498942093324558,1.6875,arca,,
0.0,5.0,7.498942093324558,1.6875,orca,561.0240788033565,0.0
0.0,5.0,7.498942093324558,1.6875,combined,,
0.0,5.0,7.498942093324558,1.75,arca,,
0.0,5.0,7.498942093324558,1.75,orca,220.08824633871578,0.0
0.0,5.0,7.498942093324558,1.75,combined,,
0.0,5.0,7.498942093324558,1.8125,arca,,
0.0,5.0,7.498942093324558,1.8125,orca,93.3981934512608,0.0
0.0,5.0,7.498942093324558,1.8125,combined,,
0.0,5.0,7.498942093324558,1.875,arca,,
0.0,5.0,7.498942093324558,1.875,orca,65.99708879184863,0.0
0.0,5.0,7.498942093324558,1.875,combined,,
0.0,5.0,7.498942093324558,1.9375,arca,,
0.0,5.0,7.498942093324558,1.9375,orca,58.94836363636363,0.0
0.0,5.0,7.498942093324558,1.9375,combined,,
0.0,5.0,7.498942093324558,2.0,arca,,
0.0,5.0,7.498942093324558,2.0,orca,61.32616487455198,0.0
0.0,5.0,7.498942093324558,2.0,combined,,
0.0,5.0,7.498942093324558,2.0625,arca,,
0.0,5.0,7.498942093324558,2.0625,orca,57.25874125874125,0.0
0.0,5.0,7.498942093324558,2.0625,combined,,
0.0,5.0,7.498942093324558,2.125,arca,7003.711829347125,0.0
0.0,5.0,7.498942093324558,2.125,orca,58.09944751381216,0.0
0.0,5.0,7.498942093324558,2.125,combined,5077.395056997797,0.0
0.0,5.0,7.498942093324558,2.1875,arca,1853.8598226904794,0.0
0.0,5.0,7.498942093324558,2.1875,orca,58.606545713269284,0.0
0.0,5.0,7.498942093324558,2.1875,combined,1444.5926799358554,0.0
0.0,5.0,7.498942093324558,2.25,arca,483.35903366743776,0.0
0.0,5.0,7.498942093324558,2.25,orca,69.23469732837336,0.0
0.0,5.0,7.498942093324558,2.25,combined,470.3478550366214,0.0
0.0,5.0,7.498942093324558,2.3125,arca,184.81883316274306,0.0
0.0,5.0,7.498942093324558,2.3125,orca,60.72756071805702,0.0
0.0,5.0,7.498942093324558,2.3125,combined,136.05520328235733,0.0
0.0,5.0,7.498942093324558,2.375,arca,82.79900140827039,0.0
0.0,5.0,7.498942093324558,2.375,orca,54.41678321678321,0.0
0.0,5.0,7.498942093324558,2.375,combined,83.29930568586977,0.0
0.0,5.0,7.498942093324558,2.4375,arca,61.48759907951931,0.0
0.0,5.0,7.498942093324558,2.4375,orca,55.48938906752413,0.0
0.0,5.0,7.498942093324558,2.4375,combined,63.77794647940785,0.0
0.0,5.0,7.498942093324558,2.5,arca,56.893190238916574,0.0
0.0,5.0,7.498942093324558,2.5,orca,56.199391171993916,0.0
0.0,5.0,7.498942093324558,2.5,combined,61.11075689953549,0.0
0.0,5.0,7.498942093324558,2.5625,arca,66.06095846645368,0.0
0.0,5.0,7.498942093324558,2.5625,orca,60.905058905058915,0.0
0.0,5.0,7.498942093324558,2.5625,combined,64.39686119725592,0.0
0.0,5.0,7.498942093324558,2.625,arca,63.402862985685076,0.0
0.0,5.0,7.498942093324558,2.625,orca,52.77106993424985,0.0
0.0,5.0,7.498942093324558,2.625,combined,57.198382055524924,0.0
0.0,5.0,7.498942093324558,2.6875,arca,63.598185767216044,0.0
0.0,5.0,7.498942093324558,2.6875,orca,61.656665530173896,0.0
0.0,5.0,7.498942093324558,2.6875,combined,64.12100415387394,0.0
0.0,5.0,7.498942093324558,2.75,arca,58.55302836698186,0.0
0.0,5.0,7.498942093324558,2.75,orca,53.455069515089846,0.0
0.0,5.0,7.498942093324558,2.75,combined,59.47702045683882,0.0
0.0,5.0,7.498942093324558,2.8125,arca,55.29859514687101,0.0
0.0,5.0,7.498942093324558,2.8125,orca,60.590650284686845,0.0
0.0,5.0,7.498942093324558,2.8125,combined,64.62693456421397,0.0
0.0,5.0,7.498942093324558,2.875,arca,58.709726831759006,0.0
0.0,5.0,7.498942093324558,2.875,orca,57.21976634038522,0.0
0.0,5.0,7.498942093324558,2.875,combined,62.09159261790839,0.0
0.0,5.0,7.498942093324558,2.9375,arca,57.70786516853933,0.0
0.0,5.0,7.498942093324558,2.9375,orca,59.59338061465721,0.0
0.0,5.0,7.498942093324558,2.9375,combined,61.08294679399727,0.0
0.0,5.0,7.498942093324558,3.0,arca,58.85562795451642,0.0
0.0,5.0,7.498942093324558,3.0,orca,67.06039363709894,0.0
0.0,5.0,7.498942093324558,3.0,combined,63.795141168745914,0.0
0.0,5.0,21.54434690031882,1.5,arca,,
0.0,5.0,21.54434690031882,1.5,orca,,
0.0,5.0,21.54434690031882,1.5,combined,,
0.0,5.0,21.54434690031882,1.5625,arca,,
0.0,5.0,21.54434690031882,1.5625,orca,,
0.0,5.0,21.54434690031882,1.5625,combined,,
0.0,5.0,21.54434690031882,1.625,arca,,
0.0,5.0,21.54434690031882,1.625,orca,,
0.0,5.0,21.54434690031882,1.625,combined,,
0.0,5.0,21.54434690031882,1.6875,arca,,
0.0,5.0,21.54434690031882,1.6875,orca,,
0.0,5.0,21.54434690031882,1.6875,combined,,
0.0,5.0,21.54434690031882,1.75,arca,,
0.0,5.0,21.54434690031882,1.75,orca,1117.5783709787818,0.0
0.0,5.0,21.54434690031882,1.75,combined,,
0.0,5.0,21.54434690031882,1.8125,arca,,
0.0,5.0,21.54434690031882,1.8125,orca,576.3757867456496,0.0
0.0,5.0,21.54434690031882,1.8125,combined,,
0.0,5.0,21.54434690031882,1.875,arca,,
0.0,5.0,21.54434690031882,1.875,orca,249.7016220294229,0.0
0.0,5.0,21.54434690031882,1.875,combined,,
0.0,5.0,21.54434690031882,1.9375,arca,,
0.0,5.0,21.54434690031882,1.9375,orca,93.9880239520958,0.0
0.0,5.0,21.54434690031882,1.9375,combined,,
0.0,5.0,21.54434690031882,2.0,arca,,
0.0,5.0,21.54434690031882,2.0,orca,76.7625979843225,0.0
0.0,5.0,21.54434690031882,2.0,combined,,
0.0,5.0,21.54434690031882,2.0625,arca,,
0.0,5.0,21.54434690031882,2.0625,orca,61.71620612397312,0.0
0.0,5.0,21.54434690031882,2.0625,combined,,
0.0,5.0,21.54434690031882,2.125,arca,,
0.0,5.0,21.54434690031882,2.125,orca,63.931046802429435,0.0
0.0,5.0,21.54434690031882,2.125,combined,,
0.0,5.0,21.54434690031882,2.1875,arca,,
0.0,5.0,21.54434690031882,2.1875,orca,55.95812274368231,0.0
0.0,5.0,21.54434690031882,2.1875,combined,,
0.0,5.0,21.54434690031882,2.25,arca,3942.3212355212354,0.0
0.0,5.0,21.54434690031882,2.25,orca,55.14809590973201,0.0
0.0,5.0,21.54434690031882,2.25,combined,3297.267025261742,0.0
0.0,5.0,21.54434690031882,2.3125,arca,1249.4403434576443,0.0
0.0,5.0,21.54434690031882,2.3125,orca,68.99037138927098,0.0
0.0,5.0,21.54434690031882,2.3125,combined,959.854359750331,0.0
0.0,5.0,21.54434690031882,2.375,arca,296.55794871794876,0.0
0.0,5.0,21.54434690031882,2.375,orca,58.54548599100657,0.0
0.0,5.0,21.54434690031882,2.375,combined,336.723838307518,0.0
0.0,5.0,21.54434690031882,2.4375,arca,143.3176064441887,0.0
0.0,5.0,21.54434690031882,2.4375,orca,63.18194640338504,0.0
0.0,5.0,21.54434690031882,2.4375,combined,126.96417401194199,0.0
0.0,5.0,21.54434690031882,2.5,arca,74.34426229508198,0.0
0.0,5.0,21.54434690031882,2.5,orca,60.16783216783217,0.0
0.0,5.0,21.54434690031882,2.5,combined,71.90810810810812,0.0
0.0,5.0,21.54434690031882,2.5625,arca,62.06509783859829,0.0
0.0,5.0,21.54434690031882,2.5625,orca,58.951353203151754,0.0
0.0,5.0,21.54434690031882,2.5625,combined,60.13663478837232,0.0
0.0,5.0,21.54434690031882,2.625,arca,60.57539327279703,0.0
0.0,5.0,21.54434690031882,2.625,orca,55.08906589427952,0.0
0.0,5.0,21.54434690031882,2.625,combined,57.416416961772455,0.0
0.0,5.0,21.54434690031882,2.6875,arca,61.038854805725975,0.0
0.0,5.0,21.54434690031882,2.6875,orca,62.010362694300525,0.0
0.0,5.0,21.54434690031882,2.6875,combined,64.71147419235054,0.0
0.0,5.0,21.54434690031882,2.75,arca,60.5851662404092,0.0
0.0,5.0,21.54434690031882,2.75,orca,66.15208034433284,0.0
0.0,5.0,21.54434690031882,2.75,combined,56.7622444127437,0.0
0.0,5.0,21.54434690031882,2.8125,arca,58.47092651757188,0.0
0.0,5.0,21.54434690031882,2.8125,orca,64.93122233571671,0.0
0.0,5.0,21.54434690031882,2.8125,combined,54.37365170093114,0.0
0.0,5.0,21.54434690031882,2.875,arca,58.35497890834718,0.0
0.0,5.0,21.54434690031882,2.875,orca,54.305358661752194,0.0
0.0,5.0,21.54434690031882,2.875,combined,63.59401787342695,0.0
0.0,5.0,21.54434690031882,2.9375,arca,67.5901010359381,0.0
0.0,5.0,21.54434690031882,2.9375,orca,56.74507156359707,0.0
0.0,5.0,21.54434690031882,2.9375,combined,63.20353330879648,0.0
0.0,5.0,21.54434690031882,3.0,arca,59.758937691521965,0.0
0.0,5.0,21.54434690031882,3.0,orca,62.53634085213033,0.0
0.0,5.0,21.54434690031882,3.0,combined,61.086649607341386,0.0
0.0,5.0,61.896581889125976,1.5,arca,,
0.0,5.0,61.896581889125976,1.5,orca,,
0.0,5.0,61.896581889125976,1.5,combined,,
0.0,5.0,61.896581889125976,1.5625,arca,,
0.0,5.0,61.896581889125976,1.5625,orca,,
0.0,5.0,61.896581889125976,1.5625,combined,,
0.0,5.0,61.896581889125976,1.625,arca,,
0.0,5.0,61.896581889125976,1.625,orca,,
0.0,5.0,61.896581889125976,1.625,combined,,
0.0,5.0,61.896581889125976,1.6875,arca,,
0.0,5.0,61.896581889125976,1.6875,orca,,
0.0,5.0,61.896581889125976,1.6875,combined,,
0.0,5.0,61.896581889125976,1.75,arca,,
0.0,5.0,61.896581889125976,1.75,orca,,
0.0,5.0,61.896581889125976,1.75,combined,,
0.0,5.0,61.896581889125976,1.8125,arca,,
0.0,5.0,61.896581889125976,1.8125,orca,,
0.0,5.0,61.896581889125976,1.8125,combined,,
0.0,5.0,61.896581889125976,1.875,arca,,
0.0,5.0,61.896581889125976,1.875,orca,,
0.0,5.0,61.896581889125976,1.875,combined,,
0.0,5.0,61.896581889125976,1.9375,arca,,
0.0,5.0,61.896581889125976,1.9375,orca,705.8504504504505,0.0
0.0,5.0,61.896581889125976,1.9375,combined,,
0.0,5.0,61.896581889125976,2.0,arca,,
0.0,5.0,61.896581889125976,2.0,orca,326.24615384615385,0.0
0.0,5.0,61.896581889125976,2.0,combined,,
0.0,5.0,61.896581889125976,2.0625,arca,,
0.0,5.0,61.896581889125976,2.0625,orca,168.5755315180903,0.0
0.0,5.0,61.896581889125976,2.0625,combined,,
0.0,5.0,61.896581889125976,2.125,arca,,
0.0,5.0,61.896581889125976,2.125,orca,62.68235294117646,0.0
0.0,5.0,61.896581889125976,2.125,combined,,
0.0,5.0,61.896581889125976,2.1875,arca,,
0.0,5.0,61.896581889125976,2.1875,orca,58.42259721203227,0.0
0.0,5.0,61.896581889125976,2.1875,combined,,
0.0,5.0,61.896581889125976,2.25,arca,,
0.0,5.0,61.896581889125976,2.25,orca,59.00652410293586,0.0
0.0,5.0,61.896581889125976,2.25,combined,,
0.0,5.0,61.896581889125976,2.3125,arca,,
0.0,5.0,61.896581889125976,2.3125,orca,57.922367954626026,0.0
0.0,5.0,61.896581889125976,2.3125,combined,,
0.0,5.0,61.896581889125976,2.375,arca,2694.8678175727905,0.0
0.0,5.0,61.896581889125976,2.375,orca,61.86153846153847,0.0
0.0,5.0,61.896581889125976,2.375,combined,2168.6708281711626,0.0
0.0,5.0,61.896581889125976,2.4375,arca,854.2505133470227,0.0
0.0,5.0,61.896581889125976,2.4375,orca,61.45664739884393,0.0
0.0,5.0,61.896581889125976,2.4375,combined,601.5076353978943,0.0
0.0,5.0,61.896581889125976,2.5,arca,260.3534239548602,0.0
0.0,5.0,61.896581889125976,2.5,orca,68.64726631393299,0.0
0.0,5.0,61.896581889125976,2.5,combined,236.3080407701019,0.0
0.0,5.0,61.896581889125976,2.5625,arca,122.11972282817914,0.0
0.0,5.0,61.896581889125976,2.5625,orca,59.238211666084524,0.0
0.0,5.0,61.896581889125976,2.5625,combined,101.6876730640695,0.0
0.0,5.0,61.896581889125976,2.625,arca,71.5795134443022,0.0
0.0,5.0,61.896581889125976,2.625,orca,57.46566164154105,0.0
0.0,5.0,61.896581889125976,2.625,combined,62.911638333644696,0.0
0.0,5.0,61.896581889125976,2.6875,arca,60.8580017909684,0.0
0.0,5.0,61.896581889125976,2.6875,orca,62.6206896551724,0.0
0.0,5.0,61.896581889125976,2.6875,combined,63.81338261776134,0.0
0.0,5.0,61.896581889125976,2.75,arca,61.14658480429778,0.0
0.0,5.0,61.896581889125976,2.75,orca,59.81934846989142,0.0
0.0,5.0,61.896581889125976,2.75,combined,61.79554884949077,0.0
0.0,5.0,61.896581889125976,2.8125,arca,51.79928315412185,0.0
0.0,5.0,61.896581889125976,2.8125,orca,61.83554376657825,0.0
0.0,5.0,61.896581889125976,2.8125,combined,58.87881090321968,0.0
0.0,5.0,61.896581889125976,2.875,arca,54.65489895113841,0.0
0.0,5.0,61.896581889125976,2.875,orca,61.13099870298315,0.0
0.0,5.0,61.896581889125976,2.875,combined,60.93652279749089,0.0
0.0,5.0,61.896581889125976,2.9375,arca,55.2610585527998,0.0
0.0,5.0,61.896581889125976,2.9375,orca,65.36956521739131,0.0
0.0,5.0,61.896581889125976,2.9375,combined,67.99200601899747,0.0
0.0,5.0,61.896581889125976,3.0,arca,65.78310940499041,0.0
0.0,5.0,61.896581889125976,3.0,orca,59.963287302121934,0.0
0.0,5.0,61.896581889125976,3.0,combined,72.92164383561645,0.0
0.0,5.0,177.82794100389228,1.5,arca,,
0.0,5.0,177.82794100389228,1.5,orca,,
0.0,5.0,177.82794100389228,1.5,combined,,
0.0,5.0,177.82794100389228,1.5625,arca,,
0.0,5.0,177.82794100389228,1.5625,orca,,
0.0,5.0,177.82794100389228,1.5625,combined,,
0.0,5.0,177.82794100389228,1.625,arca,,
0.0,5.0,177.82794100389228,1.625,orca,,
0.0,5.0,177.82794100389228,1.625,combined,,
0.0,5.0,177.82794100389228,1.6875,arca,,
0.0,5.0,177.82794100389228,1.6875,orca,,
0.0,5.0,177.82794100389228,1.6875,combined,,
0.0,5.0,177.82794100389228,1.75,arca,,
0.0,5.0,177.82794100389228,1.75,orca,,
0.0,5.0,177.82794100389228,1.75,combined,,
0.0,5.0,177.82794100389228,1.8125,arca,,
0.0,5.0,177.82794100389228,1.8125,orca,,
0.0,5.0,177.82794100389228,1.8125,combined,,
0.0,5.0,177.82794100389228,1.875,arca,,
0.0,5.0,177.82794100389228,1.875,orca,,
0.0,5.0,177.82794100389228,1.875,combined,,
0.0,5.0,177.82794100389228,1.9375,arca,,
0.0,5.0,177.82794100389228,1.9375,orca,,
0.0,5.0,177.82794100389228,1.9375,combined,,
0.0,5.0,177.82794100389228,2.0,arca,,
0.0,5.0,177.82794100389228,2.0,orca,,
0.0,5.0,177.82794100389228,2.0,combined,,
0.0,5.0,177.82794100389228,2.0625,arca,,
0.0,5.0,177.82794100389228,2.0625,orca,767.0548801667246,0.0
0.0,5.0,177.82794100389228,2.0625,combined,,
0.0,5.0,177.82794100389228,2.125,arca,,
0.0,5.0,177.82794100389228,2.125,orca,392.148377688662,0.0
0.0,5.0,177.82794100389228,2.125,combined,,
0.0,5.0,177.82794100389228,2.1875,arca,,
0.0,5.0,177.82794100389228,2.1875,orca,165.5125591554423,0.0
0.0,5.0,177.82794100389228,2.1875,combined,,
0.0,5.0,177.82794100389228,2.25,arca,,
0.0,5.0,177.82794100389228,2.25,orca,98.67018565708047,0.0
0.0,5.0,177.82794100389228,2.25,combined,,
0.0,5.0,177.82794100389228,2.3125,arca,,
0.0,5.0,177.82794100389228,2.3125,orca,64.6700037078235,0.0
0.0,5.0,177.82794100389228,2.3125,combined,,
0.0,5.0,177.82794100389228,2.375,arca,,
0.0,5.0,177.82794100389228,2.375,orca,62.17429837518465,0.0
0.0,5.0,177.82794100389228,2.375,combined,,
0.0,5.0,177.82794100389228,2.4375,arca,7456.11545431012,0.0
0.0,5.0,177.82794100389228,2.4375,orca,55.22300386915229,0.0
0.0,5.0,177.82794100389228,2.4375,combined,5490.8737123235405,0.0
0.0,5.0,177.82794100389228,2.5,arca,2198.630920118725,0.0
0.0,5.0,177.82794100389228,2.5,orca,57.304830053667274,0.0
0.0,5.0,177.82794100389228,2.5,combined,1807.7609485561293,0.0
0.0,5.0,177.82794100389228,2.5625,arca,733.212744090442,0.0
0.0,5.0,177.82794100389228,2.5625,orca,56.11527377521614,0.0
0.0,5.0,177.82794100389228,2.5625,combined,639.4310394196814,0.0
0.0,5.0,177.82794100389228,2.625,arca,231.46763235482626,0.0
0.0,5.0,177.82794100389228,2.625,orca,60.49405178446466,0.0
0.0,5.0,177.82794100389228,2.625,combined,224.4539730993036,0.0
0.0,5.0,177.82794100389228,2.6875,arca,100.56938044034817,0.0
0.0,5.0,177.82794100389228,2.6875,orca,72.02674173117524,0.0
0.0,5.0,177.82794100389228,2.6875,combined,105.61118946873532,0.0
0.0,5.0,177.82794100389228,2.75,arca,67.27975428717686,0.0
0.0,5.0,177.82794100389228,2.75,orca,62.67204695524578,0.0
0.0,5.0,177.82794100389228,2.75,combined,72.09232647694185,0.0
0.0,5.0,177.82794100389228,2.8125,arca,63.828874952003076,0.0
0.0,5.0,177.82794100389228,2.8125,orca,60.71135430916552,0.0
0.0,5.0,177.82794100389228,2.8125,combined,54.33094609875613,0.0
0.0,5.0,177.82794100389228,2.875,arca,57.852572306117224,0.0
0.0,5.0,177.82794100389228,2.875,orca,62.18805545680769,0.0
0.0,5.0,177.82794100389228,2.875,combined,66.37940174176447,0.0
0.0,5.0,177.82794100389228,2.9375,arca,61.55210331159697,0.0
0.0,5.0,177.82794100389228,2.9375,orca,61.84819925950858,0.0
0.0,5.0,177.82794100389228,2.9375,combined,60.41649328541707,0.0
0.0,5.0,177.82794100389228,3.0,arca,63.74338996040362,0.0
0.0,5.0,177.82794100389228,3.0,orca,65.84485190409026,0.0
0.0,5.0,177.82794100389228,3.0,combined,55.37051147728354,0.0
0.0,5.0,510.8969774506914,1.5,arca,,
0.0,5.0,510.8969774506914,1.5,orca,,
0.0,5.0,510.8969774506914,1.5,combined,,
0.0,5.0,510.8969774506914,1.5625,arca,,
0.0,5.0,510.8969774506914,1.5625,orca,,
0.0,5.0,510.8969774506914,1.5625,combined,,
0.0,5.0,510.8969774506914,1.625,arca,,
0.0,5.0,510.8969774506914,1.625,orca,,
0.0,5.0,510.8969774506914,1.625,combined,,
0.0,5.0,510.8969774506914,1.6875,arca,,
0.0,5.0,510.8969774506914,1.6875,orca,,
0.0,5.0,510.8969774506914,1.6875,combined,,
0.0,5.0,510.8969774506914,1.75,arca,,
0.0,5.0,510.8969774506914,1.75,orca,,
0.0,5.0,510.8969774506914,1.75,combined,,
0.0,5.0,510.8969774506914,1.8125,arca,,
0.0,5.0,510.8969774506914,1.8125,orca,,
0.0,5.0,510.8969774506914,1.8125,combined,,
0.0,5.0,510.8969774506914,1.875,arca,,
0.0,5.0,510.8969774506914,1.875,orca,,
0.0,5.0,510.8969774506914,1.875,combined,,
0.0,5.0,510.8969774506914,1.9375,arca,,
0.0,5.0,510.8969774506914,1.9375,orca,,
0.0,5.0,510.8969774506914,1.9375,combined,,
0.0,5.0,510.8969774506914,2.0,arca,,
0.0,5.0,510.8969774506914,2.0,orca,,
0.0,5.0,510.8969774506914,2.0,combined,,
0.0,5.0,510.8969774506914,2.0625,arca,,
0.0,5.0,510.8969774506914,2.0625,orca,,
0.0,5.0,510.8969774506914,2.0625,combined,,
0.0,5.0,510.8969774506914,2.125,arca,,
0.0,5.0,510.8969774506914,2.125,orca,,
0.0,5.0,510.8969774506914,2.125,combined,,
0.0,5.0,510.8969774506914,2.1875,arca,,
0.0,5.0,510.8969774506914,2.1875,orca,1079.0502035278157,0.0
0.0,5.0,510.8969774506914,2.1875,combined,,
0.0,5.0,510.8969774506914,2.25,arca,,
0.0,5.0,510.8969774506914,2.25,orca,593.9199406968125,0.0
0.0,5.0,510.8969774506914,2.25,combined,,
0.0,5.0,510.8969774506914,2.3125,arca,,
0.0,5.0,510.8969774506914,2.3125,orca,365.1294117647059,0.0
0.0,5.0,510.8969774506914,2.3125,combined,,
0.0,5.0,510.8969774506914,2.375,arca,,
0.0,5.0,510.8969774506914,2.375,orca,145.8878228782288,0.0
0.0,5.0,510.8969774506914,2.375,combined,,
0.0,5.0,510.8969774506914,2.4375,arca,,
0.0,5.0,510.8969774506914,2.4375,orca,69.53466814979606,0.0
0.0,5.0,510.8969774506914,2.4375,combined,,
0.0,5.0,510.8969774506914,2.5,arca,,
0.0,5.0,510.8969774506914,2.5,orca,83.94309532439291,0.0
0.0,5.0,510.8969774506914,2.5,combined,,
0.0,5.0,510.8969774506914,2.5625,arca,5882.981893429901,0.0
0.0,5.0,510.8969774506914,2.5625,orca,57.8918225155849,0.0
0.0,5.0,510.8969774506914,2.5625,combined,4801.364090254441,0.0
0.0,5.0,510.8969774506914,2.625,arca,1951.7776777677768,0.0
0.0,5.0,510.8969774506914,2.625,orca,59.640755539411536,0.0
0.0,5.0,510.8969774506914,2.625,combined,1607.4712632686242,0.0
0.0,5.0,510.8969774506914,2.6875,arca,599.6163892445583,0.0
0.0,5.0,510.8969774506914,2.6875,orca,64.81134751773051,0.0
0.0,5.0,510.8969774506914,2.6875,combined,584.2033914451749,0.0
0.0,5.0,510.8969774506914,2.75,arca,250.1999487639298,0.0
0.0,5.0,510.8969774506914,2.75,orca,58.41733941733942,0.0
0.0,5.0,510.8969774506914,2.75,combined,263.48666540571213,0.0
0.0,5.0,510.8969774506914,2.8125,arca,105.32314187028271,0.0
0.0,5.0,510.8969774506914,2.8125,orca,68.73756613756615,0.0
0.0,5.0,510.8969774506914,2.8125,combined,105.26568194897372,0.0
0.0,5.0,510.8969774506914,2.875,arca,69.80650531438086,0.0
0.0,5.0,510.8969774506914,2.875,orca,55.50916784203101,0.0
0.0,5.0,510.8969774506914,2.875,combined,80.0026510130657,0.0
0.0,5.0,510.8969774506914,2.9375,arca,59.29989764585466,0.0
0.0,5.0,510.8969774506914,2.9375,orca,60.280319535221494,0.0
0.0,5.0,510.8969774506914,2.9375,combined,69.41361605020444,0.0
0.0,5.0,510.8969774506914,3.0,arca,57.18672464509528,0.0
0.0,5.0,510.8969774506914,3.0,orca,61.94242317202402,0.0
0.0,5.0,510.8969774506914,3.0,combined,66.58231189892513,0.0
0.0,5.0,1467.7992676220676,1.5,arca,,
0.0,5.0,1467.7992676220676,1.5,orca,,
0.0,5.0,1467.7992676220676,1.5,combined,,
0.0,5.0,1467.7992676220676,1.5625,arca,,
0.0,5.0,1467.7992676220676,1.5625,orca,,
0.0,5.0,1467.7992676220676,1.5625,combined,,
0.0,5.0,1467.7992676220676,1.625,arca,,
0.0,5.0,1467.7992676220676,1.625,orca,,
0.0,5.0,1467.7992676220676,1.625,combined,,
0.0,5.0,1467.7992676220676,1.6875,arca,,
0.0,5.0,1467.7992676220676,1.6875,orca,,
0.0,5.0,1467.7992676220676,1.6875,combined,,
0.0,5.0,1467.7992676220676,1.75,arca,,
0.0,5.0,1467.7992676220676,1.75,orca,,
0.0,5.0,1467.7992676220676,1.75,combined,,
0.0,5.0,1467.7992676220676,1.8125,arca,,
0.0,5.0,1467.7992676220676,1.8125,orca,,
0.0,5.0,1467.7992676220676,1.8125,combined,,
0.0,5.0,1467.7992676220676,1.875,arca,,
0.0,5.0,1467.7992676220676,1.875,orca,,
0.0,5.0,1467.7992676220676,1.875,combined,,
0.0,5.0,1467.7992676220676,1.9375,arca,,
0.0,5.0,1467.7992676220676,1.9375,orca,,
0.0,5.0,1467.7992676220676,1.9375,combined,,
0.0,5.0,1467.7992676220676,2.0,arca,,
0.0,5.0,1467.7992676220676,2.0,orca,,
0.0,5.0,1467.7992676220676,2.0,combined,,
0.0,5.0,1467.7992676220676,2.0625,arca,,
0.0,5.0,1467.7992676220676,2.0625,orca,,
0.0,5.0,1467.7992676220676,2.0625,combined,,
0.0,5.0,1467.7992676220676,2.125,arca,,
0.0,5.0,1467.7992676220676,2.125,orca,,
0.0,5.0,1467.7992676220676,2.125,combined,,
0.0,5.0,1467.7992676220676,2.1875,arca,,
0.0,5.0,1467.7992676220676,2.1875,orca,,
0.0,5.0,1467.7992676220676,2.1875,combined,,
0.0,5.0,1467.7992676220676,2.25,arca,,
0.0,5.0,1467.7992676220676,2.25,orca,,
0.0,5.0,1467.7992676220676,2.25,combined,,
0.0,5.0,1467.7992676220676,2.3125,arca,,
0.0,5.0,1467.7992676220676,2.3125,orca,,
0.0,5.0,1467.7992676220676,2.3125,combined,,
0.0,5.0,1467.7992676220676,2.375,arca,,
0.0,5.0,1467.7992676220676,2.375,orca,980.8871758934829,0.0
0.0,5.0,1467.7992676220676,2.375,combined,,
0.0,5.0,1467.7992676220676,2.4375,arca,,
0.0,5.0,1467.7992676220676,2.4375,orca,467.9221775666788,0.0
0.0,5.0,1467.7992676220676,2.4375,combined,,
0.0,5.0,1467.7992676220676,2.5,arca,,
0.0,5.0,1467.7992676220676,2.5,orca,254.50728862973756,0.0
0.0,5.0,1467.7992676220676,2.5,combined,,
0.0,5.0,1467.7992676220676,2.5625,arca,,
0.0,5.0,1467.7992676220676,2.5625,orca,147.9951618905843,0.0
0.0,5.0,1467.7992676220676,2.5625,combined,,
0.0,5.0,1467.7992676220676,2.625,arca,,
0.0,5.0,1467.7992676220676,2.625,orca,120.09948032665183,0.0
0.0,5.0,1467.7992676220676,2.625,combined,,
0.0,5.0,1467.7992676220676,2.6875,arca,5918.182572614107,0.0
0.0,5.0,1467.7992676220676,2.6875,orca,94.16168527187612,0.0
0.0,5.0,1467.7992676220676,2.6875,combined,4530.33307751343,0.0
0.0,5.0,1467.7992676220676,2.75,arca,1947.769191138588,0.0
0.0,5.0,1467.7992676220676,2.75,orca,62.834591873426824,0.0
0.0,5.0,1467.7992676220676,2.75,combined,1705.2045933014356,0.0
0.0,5.0,1467.7992676220676,2.8125,arca,694.538520702474,0.0
0.0,5.0,1467.7992676220676,2.8125,orca,63.18122031421263,0.0
0.0,5.0,1467.7992676220676,2.8125,combined,586.4812834224599,0.0
0.0,5.0,1467.7992676220676,2.875,arca,290.016393442623,0.0
0.0,5.0,1467.7992676220676,2.875,orca,58.03605855051768,0.0
0.0,5.0,1467.7992676220676,2.875,combined,278.5270437851759,0.0
0.0,5.0,1467.7992676220676,2.9375,arca,99.41834251312923,0.0
0.0,5.0,1467.7992676220676,2.9375,orca,67.46249542627149,0.0
0.0,5.0,1467.7992676220676,2.9375,combined,145.33015449170318,0.0
0.0,5.0,1467.7992676220676,3.0,arca,71.6734170725455,0.0
0.0,5.0,1467.7992676220676,3.0,orca,63.12558983666061,0.0
0.0,5.0,1467.7992676220676,3.0,combined,73.21498184597746,0.0
0.0,5.0,4216.965034285822,1.5,arca,,
0.0,5.0,4216.965034285822,1.5,orca,,
0.0,5.0,4216.965034285822,1.5,combined,,
0.0,5.0,4216.965034285822,1.5625,arca,,
0.0,5.0,4216.965034285822,1.5625,orca,,
0.0,5.0,4216.965034285822,1.5625,combined,,
0.0,5.0,4216.965034285822,1.625,arca,,
0.0,5.0,4216.965034285822,1.625,orca,,
0.0,5.0,4216.965034285822,1.625,combined,,
0.0,5.0,4216.965034285822,1.6875,arca,,
0.0,5.0,4216.965034285822,1.6875,orca,,
0.0,5.0,4216.965034285822,1.6875,combined,,
0.0,5.0,4216.965034285822,1.75,arca,,
0.0,5.0,4216.965034285822,1.75,orca,,
0.0,5.0,4216.965034285822,1.75,combined,,
0.0,5.0,4216.965034285822,1.8125,arca,,
0.0,5.0,4216.965034285822,1.8125,orca,,
0.0,5.0,4216.965034285822,1.8125,combined,,
0.0,5.0,4216.965034285822,1.875,arca,,
0.0,5.0,4216.965034285822,1.875,orca,,
0.0,5.0,4216.965034285822,1.875,combined,,
0.0,5.0,4216.965034285822,1.9375,arca,,
0.0,5.0,4216.965034285822,1.9375,orca,,
0.0,5.0,4216.965034285822,1.9375,combined,,
0.0,5.0,4216.965034285822,2.0,arca,,
0.0,5.0,4216.965034285822,2.0,orca,,
0.0,5.0,4216.965034285822,2.0,combined,,
0.0,5.0,4216.965034285822,2.0625,arca,,
0.0,5.0,4216.965034285822,2.0625,orca,,
0.0,5.0,4216.965034285822,2.0625,combined,,
0.0,5.0,4216.965034285822,2.125,arca,,
0.0,5.0,4216.965034285822,2.125,orca,,
0.0,5.0,4216.965034285822,2.125,combined,,
0.0,5.0,4216.965034285822,2.1875,arca,,
0.0,5.0,4216.965034285822,2.1875,orca,,
0.0,5.0,4216.965034285822,2.1875,combined,,
0.0,5.0,4216.965034285822,2.25,arca,,
0.0,5.0,4216.965034285822,2.25,orca,,
0.0,5.0,4216.965034285822,2.25,combined,,
0.0,5.0,4216.965034285822,2.3125,arca,,
0.0,5.0,4216.965034285822,2.3125,orca,,
0.0,5.0,4216.965034285822,2.3125,combined,,
0.0,5.0,4216.965034285822,2.375,arca,,
0.0,5.0,4216.965034285822,2.375,orca,,
0.0,5.0,4216.965034285822,2.375,combined,,
0.0,5.0,4216.965034285822,2.4375,arca,,
0.0,5.0,4216.965034285822,2.4375,orca,,
0.0,5.0,4216.965034285822,2.4375,combined,,
0.0,5.0,4216.965034285822,2.5,arca,,
0.0,5.0,4216.965034285822,2.5,orca,1877.1046551138297,0.0
0.0,5.0,4216.965034285822,2.5,combined,,
0.0,5.0,4216.965034285822,2.5625,arca,,
0.0,5.0,4216.965034285822,2.5625,orca,868.9795918367348,0.0
0.0,5.0,4216.965034285822,2.5625,combined,,
0.0,5.0,4216.965034285822,2.625,arca,,
0.0,5.0,4216.965034285822,2.625,orca,595.9886524822696,0.0
0.0,5.0,4216.965034285822,2.625,combined,,
0.0,5.0,4216.965034285822,2.6875,arca,,
0.0,5.0,4216.965034285822,2.6875,orca,420.65223825379206,0.0
0.0,5.0,4216.965034285822,2.6875,combined,,
0.0,5.0,4216.965034285822,2.75,arca,,
0.0,5.0,4216.965034285822,2.75,orca,204.7703703703703,0.0
0.0,5.0,4216.965034285822,2.75,combined,,
0.0,5.0,4216.965034285822,2.8125,arca,5960.879468318493,0.0
0.0,5.0,4216.965034285822,2.8125,orca,129.20156191892897,0.0
0.0,5.0,4216.965034285822,2.8125,combined,4827.30493187488,0.0
0.0,5.0,4216.965034285822,2.875,arca,1967.2956499422557,0.0
0.0,5.0,4216.965034285822,2.875,orca,83.55876968143536,0.0
0.0,5.0,4216.965034285822,2.875,combined,1979.7168030813673,0.0
0.0,5.0,4216.965034285822,2.9375,arca,766.8568496664956,0.0
0.0,5.0,4216.965034285822,2.9375,orca,75.45635639261137,0.0
0.0,5.0,4216.965034285822,2.9375,combined,722.4659363889689,0.0
0.0,5.0,4216.965034285822,3.0,arca,345.73869024734074,0.0
0.0,5.0,4216.965034285822,3.0,orca,73.47260529258293,0.0
0.0,5.0,4216.965034285822,3.0,combined,378.26539196940723,0.0
0.0,5.0,12115.276586285852,1.5,arca,,
0.0,5.0,12115.276586285852,1.5,orca,,
0.0,5.0,12115.276586285852,1.5,combined,,
0.0,5.0,12115.276586285852,1.5625,arca,,
0.0,5.0,12115.276586285852,1.5625,orca,,
0.0,5.0,12115.276586285852,1.5625,combined,,
0.0,5.0,12115.276586285852,1.625,arca,,
0.0,5.0,12115.276586285852,1.625,orca,,
0.0,5.0,12115.276586285852,1.625,combined,,
0.0,5.0,12115.276586285852,1.6875,arca,,
0.0,5.0,12115.276586285852,1.6875,orca,,
0.0,5.0,12115.276586285852,1.6875,combined,,
0.0,5.0,12115.276586285852,1.75,arca,,
0.0,5.0,12115.276586285852,1.75,orca,,
0.0,5.0,12115.276586285852,1.75,combined,,
0.0,5.0,12115.276586285852,1.8125,arca,,
0.0,5.0,12115.276586285852,1.8125,orca,,
0.0,5.0,12115.276586285852,1.8125,combined,,
0.0,5.0,12115.276586285852,1.875,arca,,
0.0,5.0,12115.276586285852,1.875,orca,,
0.0,5.0,12115.276586285852,1.875,combined,,
0.0,5.0,12115.276586285852,1.9375,arca,,
0.0,5.0,12115.276586285852,1.9375,orca,,
0.0,5.0,12115.276586285852,1.9375,combined,,
0.0,5.0,12115.276586285852,2.0,arca,,
0.0,5.0,12115.276586285852,2.0,orca,,
0.0,5.0,12115.276586285852,2.0,combined,,
0.0,5.0,12115.276586285852,2.0625,arca,,
0.0,5.0,12115.276586285852,2.0625,orca,,
0.0,5.0,12115.276586285852,2.0625,combined,,
0.0,5.0,12115.276586285852,2.125,arca,,
0.0,5.0,12115.276586285852,2.125,orca,,
0.0,5.0,12115.276586285852,2.125,combined,,
0.0,5.0,12115.276586285852,2.1875,arca,,
0.0,5.0,12115.276586285852,2.1875,orca,,
0.0,5.0,12115.276586285852,2.1875,combined,,
0.0,5.0,12115.276586285852,2.25,arca,,
0.0,5.0,12115.276586285852,2.25,orca,,
0.0,5.0,12115.276586285852,2.25,combined,,
0.0,5.0,12115.276586285852,2.3125,arca,,
0.0,5.0,12115.276586285852,2.3125,orca,,
0.0,5.0,12115.276586285852,2.3125,combined,,
0.0,5.0,12115.276586285852,2.375,arca,,
0.0,5.0,12115.276586285852,2.375,orca,,
0.0,5.0,12115.276586285852,2.375,combined,,
0.0,5.0,12115.276586285852,2.4375,arca,,
0.0,5.0,12115.276586285852,2.4375,orca,,
0.0,5.0,12115.276586285852,2.4375,combined,,
0.0,5.0,12115.276586285852,2.5,arca,,
0.0,5.0,12115.276586285852,2.5,orca,,
0.0,5.0,12115.276586285852,2.5,combined,,
0.0,5.0,12115.276586285852,2.5625,arca,,
0.0,5.0,12115.276586285852,2.5625,orca,,
0.0,5.0,12115.276586285852,2.5625,combined,,
0.0,5.0,12115.276586285852,2.625,arca,,
0.0,5.0,12115.276586285852,2.625,orca,,
0.0,5.0,12115.276586285852,2.625,combined,,
0.0,5.0,12115.276586285852,2.6875,arca,,
0.0,5.0,12115.276586285852,2.6875,orca,,
0.0,5.0,12115.276586285852,2.6875,combined,,
0.0,5.0,12115.276586285852,2.75,arca,,
0.0,5.0,12115.276586285852,2.75,orca,1397.118129054285,0.0
0.0,5.0,12115.276586285852,2.75,combined,,
0.0,5.0,12115.276586285852,2.8125,arca,,
0.0,5.0,12115.276586285852,2.8125,orca,773.9393389030148,0.0
0.0,5.0,12115.276586285852,2.8125,combined,,
0.0,5.0,12115.276586285852,2.875,arca,,
0.0,5.0,12115.276586285852,2.875,orca,495.6478184991275,0.0
0.0,5.0,12115.276586285852,2.875,combined,,
0.0,5.0,12115.276586285852,2.9375,arca,6369.737959606421,0.0
0.0,5.0,12115.276586285852,2.9375,orca,285.1614953271027,0.0
0.0,5.0,12115.276586285852,2.9375,combined,6162.600115406808,0.0
0.0,5.0,12115.276586285852,3.0,arca,2227.7242755956213,0.0
0.0,5.0,12115.276586285852,3.0,orca,190.7946026986507,0.0
0.0,5.0,12115.276586285852,3.0,combined,2464.425100440023,0.0
0.0,5.0,34807.00588428406,1.5,arca,,
0.0,5.0,34807.00588428406,1.5,orca,,
0.0,5.0,34807.00588428406,1.5,combined,,
0.0,5.0,34807.00588428406,1.5625,arca,,
0.0,5.0,34807.00588428406,1.5625,orca,,
0.0,5.0,34807.00588428406,1.5625,combined,,
0.0,5.0,34807.00588428406,1.625,arca,,
0.0,5.0,34807.00588428406,1.625,orca,,
0.0,5.0,34807.00588428406,1.625,combined,,
0.0,5.0,34807.00588428406,1.6875,arca,,
0.0,5.0,34807.00588428406,1.6875,orca,,
0.0,5.0,34807.00588428406,1.6875,combined,,
0.0,5.0,34807.00588428406,1.75,arca,,
0.0,5.0,34807.00588428406,1.75,orca,,
0.0,5.0,34807.00588428406,1.75,combined,,
0.0,5.0,34807.00588428406,1.8125,arca,,
0.0,5.0,34807.00588428406,1.8125,orca,,
0.0,5.0,34807.00588428406,1.8125,combined,,
0.0,5.0,34807.00588428406,1.875,arca,,
0.0,5.0,34807.00588428406,1.875,orca,,
0.0,5.0,34807.00588428406,1.875,combined,,
0.0,5.0,34807.00588428406,1.9375,arca,,
0.0,5.0,34807.00588428406,1.9375,orca,,
0.0,5.0,34807.00588428406,1.9375,combined,,
0.0,5.0,34807.00588428406,2.0,arca,,
0.0,5.0,34807.00588428406,2.0,orca,,
0.0,5.0,34807.00588428406,2.0,combined,,
0.0,5.0,34807.00588428406,2.0625,arca,,
0.0,5.0,34807.00588428406,2.0625,orca,,
0.0,5.0,34807.00588428406,2.0625,combined,,
0.0,5.0,34807.00588428406,2.125,arca,,
0.0,5.0,34807.00588428406,2.125,orca,,
0.0,5.0,34807.00588428406,2.125,combined,,
0.0,5.0,34807.00588428406,2.1875,arca,,
0.0,5.0,34807.00588428406,2.1875,orca,,
0.0,5.0,34807.00588428406,2.1875,combined,,
0.0,5.0,34807.00588428406,2.25,arca,,
0.0,5.0,34807.00588428406,2.25,orca,,
0.0,5.0,34807.00588428406,2.25,combined,,
0.0,5.0,34807.00588428406,2.3125,arca,,
0.0,5.0,34807.00588428406,2.3125,orca,,
0.0,5.0,34807.00588428406,2.3125,combined,,
0.0,5.0,34807.00588428406,2.375,arca,,
0.0,5.0,34807.00588428406,2.375,orca,,
0.0,5.0,34807.00588428406,2.375,combined,,
0.0,5.0,34807.00588428406,2.4375,arca,,
0.0,5.0,34807.00588428406,2.4375,orca,,
0.0,5.0,34807.00588428406,2.4375,combined,,
0.0,5.0,34807.00588428406,2.5,arca,,
0.0,5.0,34807.00588428406,2.5,orca,,
0.0,5.0,34807.00588428406,2.5,combined,,
0.0,5.0,34807.00588428406,2.5625,arca,,
0.0,5.0,34807.00588428406,2.5625,orca,,
0.0,5.0,34807.00588428406,2.5625,combined,,
0.0,5.0,34807.00588428406,2.625,arca,,
0.0,5.0,34807.00588428406,2.625,orca,,
0.0,5.0,34807.00588428406,2.625,combined,,
0.0,5.0,34807.00588428406,2.6875,arca,,
0.0,5.0,34807.00588428406,2.6875,orca,,
0.0,5.0,34807.00588428406,2.6875,combined,,
0.0,5.0,34807.00588428406,2.75,arca,,
0.0,5.0,34807.00588428406,2.75,orca,,
0.0,5.0,34807.00588428406,2.75,combined,,
0.0,5.0,34807.00588428406,2.8125,arca,,
0.0,5.0,34807.00588428406,2.8125,orca,,
0.0,5.0,34807.00588428406,2.8125,combined,,
0.0,5.0,34807.00588428406,2.875,arca,,
0.0,5.0,34807.00588428406,2.875,orca,,
0.0,5.0,34807.00588428406,2.875,combined,,
0.0,5.0,34807.00588428406,2.9375,arca,,
0.0,5.0,34807.00588428406,2.9375,orca,,
0.0,5.0,34807.00588428406,2.9375,combined,,
0.0,5.0,34807.00588428406,3.0,arca,,
0.0,5.0,34807.00588428406,3.0,orca,1409.7026121902213,0.0
0.0,5.0,34807.00588428406,3.0,combined,,
0.0,5.0,100000.0,1.5,arca,,
0.0,5.0,100000.0,1.5,orca,,
0.0,5.0,100000.0,1.5,combined,,
0.0,5.0,100000.0,1.5625,arca,,
0.0,5.0,100000.0,1.5625,orca,,
0.0,5.0,100000.0,1.5625,combined,,
0.0,5.0,100000.0,1.625,arca,,
0.0,5.0,100000.0,1.625,orca,,
0.0,5.0,100000.0,1.625,combined,,
0.0,5.0,100000.0,1.6875,arca,,
0.0,5.0,100000.0,1.6875,orca,,
0.0,5.0,100000.0,1.6875,combined,,
0.0,5.0,100000.0,1.75,arca,,
0.0,5.0,100000.0,1.75,orca,,
0.0,5.0,100000.0,1.75,combined,,
0.0,5.0,100000.0,1.8125,arca,,
0.0,5.0,100000.0,1.8125,orca,,
0.0,5.0,100000.0,1.8125,combined,,
0.0,5.0,100000.0,1.875,arca,,
0.0,5.0,100000.0,1.875,orca,,
0.0,5.0,100000.0,1.875,combined,,
0.0,5.0,100000.0,1.9375,arca,,
0.0,5.0,100000.0,1.9375,orca,,
0.0,5.0,100000.0,1.9375,combined,,
0.0,5.0,100000.0,2.0,arca,,
0.0,5.0,100000.0,2.0,orca,,
0.0,5.0,100000.0,2.0,combined,,
0.0,5.0,100000.0,2.0625,arca,,
0.0,5.0,100000.0,2.0625,orca,,
0.0,5.0,100000.0,2.0625,combined,,
0.0,5.0,100000.0,2.125,arca,,
0.0,5.0,100000.0,2.125,orca,,
0.0,5.0,100000.0,2.125,combined,,
0.0,5.0,100000.0,2.1875,arca,,
0.0,5.0,100000.0,2.1875,orca,,
0.0,5.0,100000.0,2.1875,combined,,
0.0,5.0,100000.0,2.25,arca,,
0.0,5.0,100000.0,2.25,orca,,
0.0,5.0,100000.0,2.25,combined,,
0.0,5.0,100000.0,2.3125,arca,,
0.0,5.0,100000.0,2.3125,orca,,
0.0,5.0,100000.0,2.3125,combined,,
0.0,5.0,100000.0,2.375,arca,,
0.0,5.0,100000.0,2.375,orca,,
0.0,5.0,100000.0,2.375,combined,,
0.0,5.0,100000.0,2.4375,arca,,
0.0,5.0,100000.0,2.4375,orca,,
0.0,5.0,100000.0,2.4375,combined,,
0.0,5.0,100000.0,2.5,arca,,
0.0,5.0,100000.0,2.5,orca,,
0.0,5.0,100000.0,2.5,combined,,
0.0,5.0,100000.0,2.5625,arca,,
0.0,5.0,100000.0,2.5625,orca,,
0.0,5.0,100000.0,2.5625,combined,,
0.0,5.0,100000.0,2.625,arca,,
0.0,5.0,100000.0,2.625,orca,,
0.0,5.0,100000.0,2.625,combined,,
0.0,5.0,100000.0,2.6875,arca,,
0.0,5.0,100000.0,2.6875,orca,,
0.0,5.0,100000.0,2.6875,combined,,
0.0,5.0,100000.0,2.75,arca,,
0.0,5.0,100000.0,2.75,orca,,
0.0,5.0,100000.0,2.75,combined,,
0.0,5.0,100000.0,2.8125,arca,,
0.0,5.0,100000.0,2.8125,orca,,
0.0,5.0,100000.0,2.8125,combined,,
0.0,5.0,100000.0,2.875,arca,,
0.0,5.0,100000.0,2.875,orca,,
0.0,5.0,100000.0,2.875,combined,,
0.0,5.0,100000.0,2.9375,arca,,
0.0,5.0,100000.0,2.9375,orca,,
0.0,5.0,100000.0,2.9375,combined,,
0.0,5.0,100000.0,3.0,arca,,
0.0,5.0,100000.0,3.0,orca,,
0.0,5.0,100000.0,3.0,combined,,
