zenith_cut,angle,phi0,gamma,detector,mean_max_efstat,mean_max_efstat_error
15.0,30.0,1e-06,1.5,arca,59.65862215501991,0.0
15.0,30.0,1e-06,1.5,orca,57.91946380126602,0.0
15.0,30.0,1e-06,1.5,combined,69.14923611775588,0.0
15.0,30.0,1e-06,1.5625,arca,60.754240835280584,0.0
15.0,30.0,1e-06,1.5625,orca,57.91946380126602,0.0
15.0,30.0,1e-06,1.5625,combined,68.70099538852048,0.0
15.0,30.0,1e-06,1.625,arca,70.28201042349139,0.0
15.0,30.0,1e-06,1.625,orca,57.91946380126602,0.0
15.0,30.0,1e-06,1.625,combined,63.60683742512266,0.0
15.0,30.0,1e-06,1.6875,arca,70.28201042349139,0.0
15.0,30.0,1e-06,1.6875,orca,57.91946380126602,0.0
15.0,30.0,1e-06,1.6875,combined,81.62701729125767,0.0
15.0,30.0,1e-06,1.75,arca,70.28201042349139,0.0
15.0,30.0,1e-06,1.75,orca,57.91946380126602,0.0
15.0,30.0,1e-06,1.75,combined,73.02489783120494,0.0
15.0,30.0,1e-06,1.8125,arca,70.28201042349139,0.0
15.0,30.0,1e-06,1.8125,orca,57.91946380126602,0.0
15.0,30.0,1e-06,1.8125,combined,81.62701729125767,0.0
15.0,30.0,1e-06,1.875,arca,70.28201042349139,0.0
15.0,30.0,1e-06,1.875,orca,57.91946380126602,0.0
15.0,30.0,1e-06,1.875,combined,81.62701729125767,0.0
15.0,30.0,1e-06,1.9375,arca,70.28201042349139,0.0
15.0,30.0,1e-06,1.9375,orca,57.91946380126602,0.0
15.0,30.0,1e-06,1.9375,combined,81.62701729125767,0.0
15.0,30.0,1e-06,2.0,arca,70.28201042349139,0.0
15.0,30.0,1e-06,2.0,orca,57.91946380126602,0.0
15.0,30.0,1e-06,2.0,combined,81.62701729125767,0.0
15.0,30.0,1e-06,2.0625,arca,70.28201042349139,0.0
15.0,30.0,1e-06,2.0625,orca,57.91946380126602,0.0
15.0,30.0,1e-06,2.0625,combined,81.62701729125767,0.0
15.0,30.0,1e-06,2.125,arca,70.28201042349139,0.0
15.0,30.0,1e-06,2.125,orca,57.91946380126602,0.0
15.0,30.0,1e-06,2.125,combined,81.62701729125767,0.0
15.0,30.0,1e-06,2.1875,arca,70.28201042349139,0.0
15.0,30.0,1e-06,2.1875,orca,57.91946380126602,0.0
15.0,30.0,1e-06,2.1875,combined,81.62701729125767,0.0
15.0,30.0,1e-06,2.25,arca,70.28201042349139,0.0
15.0,30.0,1e-06,2.25,orca,57.91946380126602,0.0
15.0,30.0,1e-06,2.25,combined,81.62701729125767,0.0
15.0,30.0,1e-06,2.3125,arca,70.28201042349139,0.0
15.0,30.0,1e-06,2.3125,orca,57.91946380126602,0.0
15.0,30.0,1e-06,2.3125,combined,81.62701729125767,0.0
15.0,30.0,1e-06,2.375,arca,70.28201042349139,0.0
15.0,30.0,1e-06,2.375,orca,57.91946380126602,0.0
15.0,30.0,1e-06,2.375,combined,81.62701729125767,0.0
15.0,30.0,1e-06,2.4375,arca,70.28201042349139,0.0
15.0,30.0,1e-06,2.4375,orca,57.91946380126602,0.0
15.0,30.0,1e-06,2.4375,combined,81.62701729125767,0.0
15.0,30.0,1e-06,2.5,arca,70.28201042349139,0.0
15.0,30.0,1e-06,2.5,orca,57.91946380126602,0.0
15.0,30.0,1e-06,2.5,combined,81.62701729125767,0.0
15.0,30.0,1e-06,2.5625,arca,70.28201042349139,0.0
15.0,30.0,1e-06,2.5625,orca,57.91946380126602,0.0
15.0,30.0,1e-06,2.5625,combined,81.62701729125767,0.0
15.0,30.0,1e-06,2.625,arca,70.28201042349139,0.0
15.0,30.0,1e-06,2.625,orca,57.91946380126602,0.0
15.0,30.0,1e-06,2.625,combined,81.62701729125767,0.0
15.0,30.0,1e-06,2.6875,arca,70.28201042349139,0.0
15.0,30.0,1e-06,2.6875,orca,57.91946380126602,0.0
15.0,30.0,1e-06,2.6875,combined,81.62701729125767,0.0
15.0,30.0,1e-06,2.75,arca,70.28201042349139,0.0
15.0,30.0,1e-06,2.75,orca,57.91946380126602,0.0
15.0,30.0,1e-06,2.75,combined,81.62701729125767,0.0
15.0,30.0,1e-06,2.8125,arca,70.28201042349139,0.0
15.0,30.0,1e-06,2.8125,orca,57.91946380126602,0.0
15.0,30.0,1e-06,2.8125,combined,81.62701729125767,0.0
15.0,30.0,1e-06,2.875,arca,70.28201042349139,0.0
15.0,30.0,1e-06,2.875,orca,57.91946380126602,0.0
15.0,30.0,1e-06,2.875,combined,81.62701729125767,0.0
15.0,30.0,1e-06,2.9375,arca,70.28201042349139,0.0
15.0,30.0,1e-06,2.9375,orca,57.91946380126602,0.0
15.0,30.0,1e-06,2.9375,combined,81.62701729125767,0.0
15.0,30.0,1e-06,3.0,arca,70.28201042349139,0.0
15.0,30.0,1e-06,3.0,orca,57.91946380126602,0.0
15.0,30.0,1e-06,3.0,combined,81.62701729125767,0.0
15.0,30.0,2.8729848333536627e-06,1.5,arca,60.30745188027933,0.0
15.0,30.0,2.8729848333536627e-06,1.5,orca,57.91946380126602,0.0
15.0,30.0,2.8729848333536627e-06,1.5,combined,57.81171715022737,0.0
15.0,30.0,2.8729848333536627e-06,1.5625,arca,60.63112399525629,0.0
15.0,30.0,2.8729848333536627e-06,1.5625,orca,57.91946380126602,0.0
15.0,30.0,2.8729848333536627e-06,1.5625,combined,59.05147068601872,0.0
15.0,30.0,2.8729848333536627e-06,1.625,arca,71.19644865052018,0.0
15.0,30.0,2.8729848333536627e-06,1.625,orca,57.91946380126602,0.0
15.0,30.0,2.8729848333536627e-06,1.625,combined,75.26660821044243,0.0
15.0,30.0,2.8729848333536627e-06,1.6875,arca,66.00726406609806,0.0
15.0,30.0,2.8729848333536627e-06,1.6875,orca,57.91946380126602,0.0
15.0,30.0,2.8729848333536627e-06,1.6875,combined,73.9067997895822,0.0
15.0,30.0,2.8729848333536627e-06,1.75,arca,70.32569449246158,0.0
15.0,30.0,2.8729848333536627e-06,1.75,orca,57.91946380126602,0.0
15.0,30.0,2.8729848333536627e-06,1.75,combined,63.74974545744553,0.0
15.0,30.0,2.8729848333536627e-06,1.8125,arca,70.28201042349139,0.0
15.0,30.0,2.8729848333536627e-06,1.8125,orca,57.91946380126602,0.0
15.0,30.0,2.8729848333536627e-06,1.8125,combined,81.62701729125767,0.0
15.0,30.0,2.8729848333536627e-06,1.875,arca,70.28201042349139,0.0
15.0,30.0,2.8729848333536627e-06,1.875,orca,57.91946380126602,0.0
15.0,30.0,2.8729848333536627e-06,1.875,combined,81.62701729125767,0.0
15.0,30.0,2.8729848333536627e-06,1.9375,arca,70.28201042349139,0.0
15.0,30.0,2.8729848333536627e-06,1.9375,orca,57.91946380126602,0.0
15.0,30.0,2.8729848333536627e-06,1.9375,combined,81.62701729125767,0.0
15.0,30.0,2.8729848333536627e-06,2.0,arca,70.28201042349139,0.0
15.0,30.0,2.8729848333536627e-06,2.0,orca,57.91946380126602,0.0
15.0,30.0,2.8729848333536627e-06,2.0,combined,81.62701729125767,0.0
15.0,30.0,2.8729848333536627e-06,2.0625,arca,70.28201042349139,0.0
15.0,30.0,2.8729848333536627e-06,2.0625,orca,57.91946380126602,0.0
15.0,30.0,2.8729848333536627e-06,2.0625,combined,81.62701729125767,0.0
15.0,30.0,2.8729848333536627e-06,2.125,arca,66.36511626375507,0.0
15.0,30.0,2.8729848333536627e-06,2.125,orca,57.91946380126602,0.0
15.0,30.0,2.8729848333536627e-06,2.125,combined,81.62701729125767,0.0
15.0,30.0,2.8729848333536627e-06,2.1875,arca,70.28201042349139,0.0
15.0,30.0,2.8729848333536627e-06,2.1875,orca,57.91946380126602,0.0
15.0,30.0,2.8729848333536627e-06,2.1875,combined,81.62701729125767,0.0
15.0,30.0,2.8729848333536627e-06,2.25,arca,70.28201042349139,0.0
15.0,30.0,2.8729848333536627e-06,2.25,orca,57.91946380126602,0.0
15.0,30.0,2.8729848333536627e-06,2.25,combined,81.62701729125767,0.0
15.0,30.0,2.8729848333536627e-06,2.3125,arca,70.28201042349139,0.0
15.0,30.0,2.8729848333536627e-06,2.3125,orca,57.91946380126602,0.0
15.0,30.0,2.8729848333536627e-06,2.3125,combined,81.62701729125767,0.0
15.0,30.0,2.8729848333536627e-06,2.375,arca,70.28201042349139,0.0
15.0,30.0,2.8729848333536627e-06,2.375,orca,57.91946380126602,0.0
15.0,30.0,2.8729848333536627e-06,2.375,combined,81.62701729125767,0.0
15.0,30.0,2.8729848333536627e-06,2.4375,arca,70.28201042349139,0.0
15.0,30.0,2.8729848333536627e-06,2.4375,orca,57.91946380126602,0.0
15.0,30.0,2.8729848333536627e-06,2.4375,combined,81.62701729125767,0.0
15.0,30.0,2.8729848333536627e-06,2.5,arca,70.28201042349139,0.0
15.0,30.0,2.8729848333536627e-06,2.5,orca,57.91946380126602,0.0
15.0,30.0,2.8729848333536627e-06,2.5,combined,81.62701729125767,0.0
15.0,30.0,2.8729848333536627e-06,2.5625,arca,70.28201042349139,0.0
15.0,30.0,2.8729848333536627e-06,2.5625,orca,57.91946380126602,0.0
15.0,30.0,2.8729848333536627e-06,2.5625,combined,81.62701729125767,0.0
15.0,30.0,2.8729848333536627e-06,2.625,arca,70.28201042349139,0.0
15.0,30.0,2.8729848333536627e-06,2.625,orca,57.91946380126602,0.0
15.0,30.0,2.8729848333536627e-06,2.625,combined,81.62701729125767,0.0
15.0,30.0,2.8729848333536627e-06,2.6875,arca,70.28201042349139,0.0
15.0,30.0,2.8729848333536627e-06,2.6875,orca,57.91946380126602,0.0
15.0,30.0,2.8729848333536627e-06,2.6875,combined,81.62701729125767,0.0
15.0,30.0,2.8729848333536627e-06,2.75,arca,70.28201042349139,0.0
15.0,30.0,2.8729848333536627e-06,2.75,orca,57.91946380126602,0.0
15.0,30.0,2.8729848333536627e-06,2.75,combined,81.62701729125767,0.0
15.0,30.0,2.8729848333536627e-06,2.8125,arca,70.28201042349139,0.0
15.0,30.0,2.8729848333536627e-06,2.8125,orca,57.91946380126602,0.0
15.0,30.0,2.8729848333536627e-06,2.8125,combined,81.62701729125767,0.0
15.0,30.0,2.8729848333536627e-06,2.875,arca,70.28201042349139,0.0
15.0,30.0,2.8729848333536627e-06,2.875,orca,57.91946380126602,0.0
15.0,30.0,2.8729848333536627e-06,2.875,combined,81.62701729125767,0.0
15.0,30.0,2.8729848333536627e-06,2.9375,arca,70.28201042349139,0.0
15.0,30.0,2.8729848333536627e-06,2.9375,orca,57.91946380126602,0.0
15.0,30.0,2.8729848333536627e-06,2.9375,combined,81.62701729125767,0.0
15.0,30.0,2.8729848333536627e-06,3.0,arca,70.28201042349139,0.0
15.0,30.0,2.8729848333536627e-06,3.0,orca,57.91946380126602,0.0
15.0,30.0,2.8729848333536627e-06,3.0,combined,81.62701729125767,0.0
15.0,30.0,8.254041852680188e-06,1.5,arca,59.24054543236658,0.0
15.0,30.0,8.254041852680188e-06,1.5,orca,57.91946380126602,0.0
15.0,30.0,8.254041852680188e-06,1.5,combined,55.74706856980248,0.0
15.0,30.0,8.254041852680188e-06,1.5625,arca,56.334741545782286,0.0
15.0,30.0,8.254041852680188e-06,1.5625,orca,57.91946380126602,0.0
15.0,30.0,8.254041852680188e-06,1.5625,combined,74.22759695115954,0.0
15.0,30.0,8.254041852680188e-06,1.625,arca,66.13632723017848,0.0
15.0,30.0,8.254041852680188e-06,1.625,orca,57.91946380126602,0.0
15.0,30.0,8.254041852680188e-06,1.625,combined,71.46937652372964,0.0
15.0,30.0,8.254041852680188e-06,1.6875,arca,62.375943491023875,0.0
15.0,30.0,8.254041852680188e-06,1.6875,orca,57.91946380126602,0.0
15.0,30.0,8.254041852680188e-06,1.6875,combined,81.62701729125767,0.0
15.0,30.0,8.254041852680188e-06,1.75,arca,70.26501962230358,0.0
15.0,30.0,8.254041852680188e-06,1.75,orca,57.91946380126602,0.0
15.0,30.0,8.254041852680188e-06,1.75,combined,65.43834822532321,0.0
15.0,30.0,8.254041852680188e-06,1.8125,arca,70.28201042349139,0.0
15.0,30.0,8.254041852680188e-06,1.8125,orca,57.91946380126602,0.0
15.0,30.0,8.254041852680188e-06,1.8125,combined,81.62701729125767,0.0
15.0,30.0,8.254041852680188e-06,1.875,arca,70.28201042349139,0.0
15.0,30.0,8.254041852680188e-06,1.875,orca,57.91946380126602,0.0
15.0,30.0,8.254041852680188e-06,1.875,combined,81.62701729125767,0.0
15.0,30.0,8.254041852680188e-06,1.9375,arca,70.28201042349139,0.0
15.0,30.0,8.254041852680188e-06,1.9375,orca,57.91946380126602,0.0
15.0,30.0,8.254041852680188e-06,1.9375,combined,81.62701729125767,0.0
15.0,30.0,8.254041852680188e-06,2.0,arca,70.28201042349139,0.0
15.0,30.0,8.254041852680188e-06,2.0,orca,57.91946380126602,0.0
15.0,30.0,8.254041852680188e-06,2.0,combined,81.62701729125767,0.0
15.0,30.0,8.254041852680188e-06,2.0625,arca,70.28201042349139,0.0
15.0,30.0,8.254041852680188e-06,2.0625,orca,57.91946380126602,0.0
15.0,30.0,8.254041852680188e-06,2.0625,combined,81.62701729125767,0.0
15.0,30.0,8.254041852680188e-06,2.125,arca,70.28201042349139,0.0
15.0,30.0,8.254041852680188e-06,2.125,orca,57.91946380126602,0.0
15.0,30.0,8.254041852680188e-06,2.125,combined,81.62701729125767,0.0
15.0,30.0,8.254041852680188e-06,2.1875,arca,70.28201042349139,0.0
15.0,30.0,8.254041852680188e-06,2.1875,orca,57.91946380126602,0.0
15.0,30.0,8.254041852680188e-06,2.1875,combined,81.62701729125767,0.0
15.0,30.0,8.254041852680188e-06,2.25,arca,70.28201042349139,0.0
15.0,30.0,8.254041852680188e-06,2.25,orca,57.91946380126602,0.0
15.0,30.0,8.254041852680188e-06,2.25,combined,81.62701729125767,0.0
15.0,30.0,8.254041852680188e-06,2.3125,arca,70.28201042349139,0.0
15.0,30.0,8.254041852680188e-06,2.3125,orca,57.91946380126602,0.0
15.0,30.0,8.254041852680188e-06,2.3125,combined,81.62701729125767,0.0
15.0,30.0,8.254041852680188e-06,2.375,arca,70.28201042349139,0.0
15.0,30.0,8.254041852680188e-06,2.375,orca,57.91946380126602,0.0
15.0,30.0,8.254041852680188e-06,2.375,combined,81.62701729125767,0.0
15.0,30.0,8.254041852680188e-06,2.4375,arca,70.28201042349139,0.0
15.0,30.0,8.254041852680188e-06,2.4375,orca,57.91946380126602,0.0
15.0,30.0,8.254041852680188e-06,2.4375,combined,81.62701729125767,0.0
15.0,30.0,8.254041852680188e-06,2.5,arca,70.28201042349139,0.0
15.0,30.0,8.254041852680188e-06,2.5,orca,57.91946380126602,0.0
15.0,30.0,8.254041852680188e-06,2.5,combined,81.62701729125767,0.0
15.0,30.0,8.254041852680188e-06,2.5625,arca,70.28201042349139,0.0
15.0,30.0,8.254041852680188e-06,2.5625,orca,57.91946380126602,0.0
15.0,30.0,8.254041852680188e-06,2.5625,combined,81.62701729125767,0.0
15.0,30.0,8.254041852680188e-06,2.625,arca,70.28201042349139,0.0
15.0,30.0,8.254041852680188e-06,2.625,orca,57.91946380126602,0.0
15.0,30.0,8.254041852680188e-06,2.625,combined,81.62701729125767,0.0
15.0,30.0,8.254041852680188e-06,2.6875,arca,70.28201042349139,0.0
15.0,30.0,8.254041852680188e-06,2.6875,orca,57.91946380126602,0.0
15.0,30.0,8.254041852680188e-06,2.6875,combined,81.62701729125767,0.0
15.0,30.0,8.254041852680188e-06,2.75,arca,70.28201042349139,0.0
15.0,30.0,8.254041852680188e-06,2.75,orca,57.91946380126602,0.0
15.0,30.0,8.254041852680188e-06,2.75,combined,81.62701729125767,0.0
15.0,30.0,8.254041852680188e-06,2.8125,arca,70.28201042349139,0.0
15.0,30.0,8.254041852680188e-06,2.8125,orca,57.91946380126602,0.0
15.0,30.0,8.254041852680188e-06,2.8125,combined,81.62701729125767,0.0
15.0,30.0,8.254041852680188e-06,2.875,arca,70.28201042349139,0.0
15.0,30.0,8.254041852680188e-06,2.875,orca,57.91946380126602,0.0
15.0,30.0,8.254041852680188e-06,2.875,combined,81.62701729125767,0.0
15.0,30.0,8.254041852680188e-06,2.9375,arca,70.28201042349139,0.0
15.0,30.0,8.254041852680188e-06,2.9375,orca,57.91946380126602,0.0
15.0,30.0,8.254041852680188e-06,2.9375,combined,81.62701729125767,0.0
15.0,30.0,8.254041852680188e-06,3.0,arca,70.28201042349139,0.0
15.0,30.0,8.254041852680188e-06,3.0,orca,57.91946380126602,0.0
15.0,30.0,8.254041852680188e-06,3.0,combined,81.62701729125767,0.0
15.0,30.0,2.371373705661655e-05,1.5,arca,62.666298590212236,0.0
15.0,30.0,2.371373705661655e-05,1.5,orca,57.91946380126602,0.0
15.0,30.0,2.371373705661655e-05,1.5,combined,62.7652471782215,0.0
15.0,30.0,2.371373705661655e-05,1.5625,arca,59.69108272903248,0.0
15.0,30.0,2.371373705661655e-05,1.5625,orca,57.91946380126602,0.0
15.0,30.0,2.371373705661655e-05,1.5625,combined,71.92877917896433,0.0
15.0,30.0,2.371373705661655e-05,1.625,arca,72.42370746920112,0.0
15.0,30.0,2.371373705661655e-05,1.625,orca,57.91946380126602,0.0
15.0,30.0,2.371373705661655e-05,1.625,combined,55.62592614261932,0.0
15.0,30.0,2.371373705661655e-05,1.6875,arca,58.093545813580874,0.0
15.0,30.0,2.371373705661655e-05,1.6875,orca,57.91946380126602,0.0
15.0,30.0,2.371373705661655e-05,1.6875,combined,58.903752872096,0.0
15.0,30.0,2.371373705661655e-05,1.75,arca,62.61190990130009,0.0
15.0,30.0,2.371373705661655e-05,1.75,orca,57.91946380126602,0.0
15.0,30.0,2.371373705661655e-05,1.75,combined,67.7592431168279,0.0
15.0,30.0,2.371373705661655e-05,1.8125,arca,70.28201042349139,0.0
15.0,30.0,2.371373705661655e-05,1.8125,orca,57.91946380126602,0.0
15.0,30.0,2.371373705661655e-05,1.8125,combined,63.20314843376059,0.0
15.0,30.0,2.371373705661655e-05,1.875,arca,57.68416683685906,0.0
15.0,30.0,2.371373705661655e-05,1.875,orca,57.91946380126602,0.0
15.0,30.0,2.371373705661655e-05,1.875,combined,71.33506965668634,0.0
15.0,30.0,2.371373705661655e-05,1.9375,arca,56.79019079855905,0.0
15.0,30.0,2.371373705661655e-05,1.9375,orca,57.91946380126602,0.0
15.0,30.0,2.371373705661655e-05,1.9375,combined,81.62701729125767,0.0
15.0,30.0,2.371373705661655e-05,2.0,arca,71.3585223718434,0.0
15.0,30.0,2.371373705661655e-05,2.0,orca,57.91946380126602,0.0
15.0,30.0,2.371373705661655e-05,2.0,combined,81.62701729125767,0.0
15.0,30.0,2.371373705661655e-05,2.0625,arca,70.28201042349139,0.0
15.0,30.0,2.371373705661655e-05,2.0625,orca,57.91946380126602,0.0
15.0,30.0,2.371373705661655e-05,2.0625,combined,81.62701729125767,0.0
15.0,30.0,2.371373705661655e-05,2.125,arca,70.28201042349139,0.0
15.0,30.0,2.371373705661655e-05,2.125,orca,57.91946380126602,0.0
15.0,30.0,2.371373705661655e-05,2.125,combined,81.62701729125767,0.0
15.0,30.0,2.371373705661655e-05,2.1875,arca,70.28201042349139,0.0
15.0,30.0,2.371373705661655e-05,2.1875,orca,57.91946380126602,0.0
15.0,30.0,2.371373705661655e-05,2.1875,combined,81.62701729125767,0.0
15.0,30.0,2.371373705661655e-05,2.25,arca,70.28201042349139,0.0
15.0,30.0,2.371373705661655e-05,2.25,orca,57.91946380126602,0.0
15.0,30.0,2.371373705661655e-05,2.25,combined,81.62701729125767,0.0
15.0,30.0,2.371373705661655e-05,2.3125,arca,70.28201042349139,0.0
15.0,30.0,2.371373705661655e-05,2.3125,orca,57.91946380126602,0.0
15.0,30.0,2.371373705661655e-05,2.3125,combined,81.62701729125767,0.0
15.0,30.0,2.371373705661655e-05,2.375,arca,70.28201042349139,0.0
15.0,30.0,2.371373705661655e-05,2.375,orca,57.91946380126602,0.0
15.0,30.0,2.371373705661655e-05,2.375,combined,81.62701729125767,0.0
15.0,30.0,2.371373705661655e-05,2.4375,arca,70.28201042349139,0.0
15.0,30.0,2.371373705661655e-05,2.4375,orca,57.91946380126602,0.0
15.0,30.0,2.371373705661655e-05,2.4375,combined,81.62701729125767,0.0
15.0,30.0,2.371373705661655e-05,2.5,arca,70.28201042349139,0.0
15.0,30.0,2.371373705661655e-05,2.5,orca,57.91946380126602,0.0
15.0,30.0,2.371373705661655e-05,2.5,combined,81.62701729125767,0.0
15.0,30.0,2.371373705661655e-05,2.5625,arca,70.28201042349139,0.0
15.0,30.0,2.371373705661655e-05,2.5625,orca,57.91946380126602,0.0
15.0,30.0,2.371373705661655e-05,2.5625,combined,81.62701729125767,0.0
15.0,30.0,2.371373705661655e-05,2.625,arca,70.28201042349139,0.0
15.0,30.0,2.371373705661655e-05,2.625,orca,57.91946380126602,0.0
15.0,30.0,2.371373705661655e-05,2.625,combined,81.62701729125767,0.0
15.0,30.0,2.371373705661655e-05,2.6875,arca,70.28201042349139,0.0
15.0,30.0,2.371373705661655e-05,2.6875,orca,57.91946380126602,0.0
15.0,30.0,2.371373705661655e-05,2.6875,combined,81.62701729125767,0.0
15.0,30.0,2.371373705661655e-05,2.75,arca,70.28201042349139,0.0
15.0,30.0,2.371373705661655e-05,2.75,orca,57.91946380126602,0.0
15.0,30.0,2.371373705661655e-05,2.75,combined,81.62701729125767,0.0
15.0,30.0,2.371373705661655e-05,2.8125,arca,70.28201042349139,0.0
15.0,30.0,2.371373705661655e-05,2.8125,orca,57.91946380126602,0.0
15.0,30.0,2.371373705661655e-05,2.8125,combined,81.62701729125767,0.0
15.0,30.0,2.371373705661655e-05,2.875,arca,70.28201042349139,0.0
15.0,30.0,2.371373705661655e-05,2.875,orca,57.91946380126602,0.0
15.0,30.0,2.371373705661655e-05,2.875,combined,81.62701729125767,0.0
15.0,30.0,2.371373705661655e-05,2.9375,arca,70.28201042349139,0.0
15.0,30.0,2.371373705661655e-05,2.9375,orca,57.91946380126602,0.0
15.0,30.0,2.371373705661655e-05,2.9375,combined,81.62701729125767,0.0
15.0,30.0,2.371373705661655e-05,3.0,arca,70.28201042349139,0.0
15.0,30.0,2.371373705661655e-05,3.0,orca,57.91946380126602,0.0
15.0,30.0,2.371373705661655e-05,3.0,combined,81.62701729125767,0.0
15.0,30.0,6.812920690579608e-05,1.5,arca,60.42212183661694,0.0
15.0,30.0,6.812920690579608e-05,1.5,orca,56.01481670494173,0.0
15.0,30.0,6.812920690579608e-05,1.5,combined,67.62876964123734,0.0
15.0,30.0,6.812920690579608e-05,1.5625,arca,57.164926428649146,0.0
15.0,30.0,6.812920690579608e-05,1.5625,orca,62.88565574507091,0.0
15.0,30.0,6.812920690579608e-05,1.5625,combined,63.55328678768535,0.0
15.0,30.0,6.812920690579608e-05,1.625,arca,58.641853839965165,0.0
15.0,30.0,6.812920690579608e-05,1.625,orca,57.91946380126602,0.0
15.0,30.0,6.812920690579608e-05,1.625,combined,66.19800529262356,0.0
15.0,30.0,6.812920690579608e-05,1.6875,arca,58.044316945296266,0.0
15.0,30.0,6.812920690579608e-05,1.6875,orca,57.91946380126602,0.0
15.0,30.0,6.812920690579608e-05,1.6875,combined,60.37905632177183,0.0
15.0,30.0,6.812920690579608e-05,1.75,arca,58.23472963484302,0.0
15.0,30.0,6.812920690579608e-05,1.75,orca,55.642119546468564,0.0
15.0,30.0,6.812920690579608e-05,1.75,combined,59.96748012881369,0.0
15.0,30.0,6.812920690579608e-05,1.8125,arca,74.901790860911,0.0
15.0,30.0,6.812920690579608e-05,1.8125,orca,57.91946380126602,0.0
15.0,30.0,6.812920690579608e-05,1.8125,combined,66.9817917376819,0.0
15.0,30.0,6.812920690579608e-05,1.875,arca,63.20858620655553,0.0
15.0,30.0,6.812920690579608e-05,1.875,orca,57.91946380126602,0.0
15.0,30.0,6.812920690579608e-05,1.875,combined,69.00250432008508,0.0
15.0,30.0,6.812920690579608e-05,1.9375,arca,73.79634464751958,0.0
15.0,30.0,6.812920690579608e-05,1.9375,orca,57.91946380126602,0.0
15.0,30.0,6.812920690579608e-05,1.9375,combined,81.62701729125767,0.0
15.0,30.0,6.812920690579608e-05,2.0,arca,70.28201042349139,0.0
15.0,30.0,6.812920690579608e-05,2.0,orca,57.91946380126602,0.0
15.0,30.0,6.812920690579608e-05,2.0,combined,81.62701729125767,0.0
15.0,30.0,6.812920690579608e-05,2.0625,arca,70.28201042349139,0.0
15.0,30.0,6.812920690579608e-05,2.0625,orca,57.91946380126602,0.0
15.0,30.0,6.812920690579608e-05,2.0625,combined,81.62701729125767,0.0
15.0,30.0,6.812920690579608e-05,2.125,arca,70.28201042349139,0.0
15.0,30.0,6.812920690579608e-05,2.125,orca,57.91946380126602,0.0
15.0,30.0,6.812920690579608e-05,2.125,combined,81.62701729125767,0.0
15.0,30.0,6.812920690579608e-05,2.1875,arca,70.28201042349139,0.0
15.0,30.0,6.812920690579608e-05,2.1875,orca,57.91946380126602,0.0
15.0,30.0,6.812920690579608e-05,2.1875,combined,81.62701729125767,0.0
15.0,30.0,6.812920690579608e-05,2.25,arca,70.28201042349139,0.0
15.0,30.0,6.812920690579608e-05,2.25,orca,57.91946380126602,0.0
15.0,30.0,6.812920690579608e-05,2.25,combined,81.62701729125767,0.0
15.0,30.0,6.812920690579608e-05,2.3125,arca,70.28201042349139,0.0
15.0,30.0,6.812920690579608e-05,2.3125,orca,57.91946380126602,0.0
15.0,30.0,6.812920690579608e-05,2.3125,combined,81.62701729125767,0.0
15.0,30.0,6.812920690579608e-05,2.375,arca,70.28201042349139,0.0
15.0,30.0,6.812920690579608e-05,2.375,orca,57.91946380126602,0.0
15.0,30.0,6.812920690579608e-05,2.375,combined,81.62701729125767,0.0
15.0,30.0,6.812920690579608e-05,2.4375,arca,70.28201042349139,0.0
15.0,30.0,6.812920690579608e-05,2.4375,orca,57.91946380126602,0.0
15.0,30.0,6.812920690579608e-05,2.4375,combined,81.62701729125767,0.0
15.0,30.0,6.812920690579608e-05,2.5,arca,70.28201042349139,0.0
15.0,30.0,6.812920690579608e-05,2.5,orca,57.91946380126602,0.0
15.0,30.0,6.812920690579608e-05,2.5,combined,81.62701729125767,0.0
15.0,30.0,6.812920690579608e-05,2.5625,arca,70.28201042349139,0.0
15.0,30.0,6.812920690579608e-05,2.5625,orca,57.91946380126602,0.0
15.0,30.0,6.812920690579608e-05,2.5625,combined,81.62701729125767,0.0
15.0,30.0,6.812920690579608e-05,2.625,arca,70.28201042349139,0.0
15.0,30.0,6.812920690579608e-05,2.625,orca,57.91946380126602,0.0
15.0,30.0,6.812920690579608e-05,2.625,combined,81.62701729125767,0.0
15.0,30.0,6.812920690579608e-05,2.6875,arca,70.28201042349139,0.0
15.0,30.0,6.812920690579608e-05,2.6875,orca,57.91946380126602,0.0
15.0,30.0,6.812920690579608e-05,2.6875,combined,81.62701729125767,0.0
15.0,30.0,6.812920690579608e-05,2.75,arca,70.28201042349139,0.0
15.0,30.0,6.812920690579608e-05,2.75,orca,57.91946380126602,0.0
15.0,30.0,6.812920690579608e-05,2.75,combined,81.62701729125767,0.0
15.0,30.0,6.812920690579608e-05,2.8125,arca,70.28201042349139,0.0
15.0,30.0,6.812920690579608e-05,2.8125,orca,57.91946380126602,0.0
15.0,30.0,6.812920690579608e-05,2.8125,combined,81.62701729125767,0.0
15.0,30.0,6.812920690579608e-05,2.875,arca,70.28201042349139,0.0
15.0,30.0,6.812920690579608e-05,2.875,orca,57.91946380126602,0.0
15.0,30.0,6.812920690579608e-05,2.875,combined,81.62701729125767,0.0
15.0,30.0,6.812920690579608e-05,2.9375,arca,70.28201042349139,0.0
15.0,30.0,6.812920690579608e-05,2.9375,orca,57.91946380126602,0.0
15.0,30.0,6.812920690579608e-05,2.9375,combined,81.62701729125767,0.0
15.0,30.0,6.812920690579608e-05,3.0,arca,70.28201042349139,0.0
15.0,30.0,6.812920690579608e-05,3.0,orca,57.91946380126602,0.0
15.0,30.0,6.812920690579608e-05,3.0,combined,81.62701729125767,0.0
15.0,30.0,0.00019573417814876596,1.5,arca,61.63747135154743,0.0
15.0,30.0,0.00019573417814876596,1.5,orca,59.29223878165975,0.0
15.0,30.0,0.00019573417814876596,1.5,combined,61.7526411541285,0.0
15.0,30.0,0.00019573417814876596,1.5625,arca,58.62003013488162,0.0
15.0,30.0,0.00019573417814876596,1.5625,orca,63.5384513567174,0.0
15.0,30.0,0.00019573417814876596,1.5625,combined,65.92296105013988,0.0
15.0,30.0,0.00019573417814876596,1.625,arca,65.22306865325126,0.0
15.0,30.0,0.00019573417814876596,1.625,orca,60.28835750520976,0.0
15.0,30.0,0.00019573417814876596,1.625,combined,58.86695388543162,0.0
15.0,30.0,0.00019573417814876596,1.6875,arca,60.48741820099888,0.0
15.0,30.0,0.00019573417814876596,1.6875,orca,56.901431303239264,0.0
15.0,30.0,0.00019573417814876596,1.6875,combined,61.45359283825979,0.0
15.0,30.0,0.00019573417814876596,1.75,arca,67.99808489107612,0.0
15.0,30.0,0.00019573417814876596,1.75,orca,57.91946380126602,0.0
15.0,30.0,0.00019573417814876596,1.75,combined,57.246033793541834,0.0
15.0,30.0,0.00019573417814876596,1.8125,arca,61.00572960107076,0.0
15.0,30.0,0.00019573417814876596,1.8125,orca,57.91946380126602,0.0
15.0,30.0,0.00019573417814876596,1.8125,combined,58.104519834095505,0.0
15.0,30.0,0.00019573417814876596,1.875,arca,61.4132893605385,0.0
15.0,30.0,0.00019573417814876596,1.875,orca,57.91946380126602,0.0
15.0,30.0,0.00019573417814876596,1.875,combined,68.451407724135,0.0
15.0,30.0,0.00019573417814876596,1.9375,arca,71.19235611688629,0.0
15.0,30.0,0.00019573417814876596,1.9375,orca,57.91946380126602,0.0
15.0,30.0,0.00019573417814876596,1.9375,combined,58.14150953429261,0.0
15.0,30.0,0.00019573417814876596,2.0,arca,70.28201042349139,0.0
15.0,30.0,0.00019573417814876596,2.0,orca,57.91946380126602,0.0
15.0,30.0,0.00019573417814876596,2.0,combined,91.23376623376625,0.0
15.0,30.0,0.00019573417814876596,2.0625,arca,57.90642848903317,0.0
15.0,30.0,0.00019573417814876596,2.0625,orca,57.91946380126602,0.0
15.0,30.0,0.00019573417814876596,2.0625,combined,78.42062403657044,0.0
15.0,30.0,0.00019573417814876596,2.125,arca,63.37322595420352,0.0
15.0,30.0,0.00019573417814876596,2.125,orca,57.91946380126602,0.0
15.0,30.0,0.00019573417814876596,2.125,combined,81.62701729125767,0.0
15.0,30.0,0.00019573417814876596,2.1875,arca,70.28201042349139,0.0
15.0,30.0,0.00019573417814876596,2.1875,orca,57.91946380126602,0.0
15.0,30.0,0.00019573417814876596,2.1875,combined,81.62701729125767,0.0
15.0,30.0,0.00019573417814876596,2.25,arca,70.28201042349139,0.0
15.0,30.0,0.00019573417814876596,2.25,orca,57.91946380126602,0.0
15.0,30.0,0.00019573417814876596,2.25,combined,76.49789854571925,0.0
15.0,30.0,0.00019573417814876596,2.3125,arca,70.28201042349139,0.0
15.0,30.0,0.00019573417814876596,2.3125,orca,57.91946380126602,0.0
15.0,30.0,0.00019573417814876596,2.3125,combined,81.62701729125767,0.0
15.0,30.0,0.00019573417814876596,2.375,arca,70.28201042349139,0.0
15.0,30.0,0.00019573417814876596,2.375,orca,57.91946380126602,0.0
15.0,30.0,0.00019573417814876596,2.375,combined,81.62701729125767,0.0
15.0,30.0,0.00019573417814876596,2.4375,arca,70.28201042349139,0.0
15.0,30.0,0.00019573417814876596,2.4375,orca,57.91946380126602,0.0
15.0,30.0,0.00019573417814876596,2.4375,combined,81.62701729125767,0.0
15.0,30.0,0.00019573417814876596,2.5,arca,70.28201042349139,0.0
15.0,30.0,0.00019573417814876596,2.5,orca,57.91946380126602,0.0
15.0,30.0,0.00019573417814876596,2.5,combined,81.62701729125767,0.0
15.0,30.0,0.00019573417814876596,2.5625,arca,70.28201042349139,0.0
15.0,30.0,0.00019573417814876596,2.5625,orca,57.91946380126602,0.0
15.0,30.0,0.00019573417814876596,2.5625,combined,81.62701729125767,0.0
15.0,30.0,0.00019573417814876596,2.625,arca,70.28201042349139,0.0
15.0,30.0,0.00019573417814876596,2.625,orca,57.91946380126602,0.0
15.0,30.0,0.00019573417814876596,2.625,combined,81.62701729125767,0.0
15.0,30.0,0.00019573417814876596,2.6875,arca,70.28201042349139,0.0
15.0,30.0,0.00019573417814876596,2.6875,orca,57.91946380126602,0.0
15.0,30.0,0.00019573417814876596,2.6875,combined,81.62701729125767,0.0
15.0,30.0,0.00019573417814876596,2.75,arca,70.28201042349139,0.0
15.0,30.0,0.00019573417814876596,2.75,orca,57.91946380126602,0.0
15.0,30.0,0.00019573417814876596,2.75,combined,81.62701729125767,0.0
15.0,30.0,0.00019573417814876596,2.8125,arca,70.28201042349139,0.0
15.0,30.0,0.00019573417814876596,2.8125,orca,57.91946380126602,0.0
15.0,30.0,0.00019573417814876596,2.8125,combined,81.62701729125767,0.0
15.0,30.0,0.00019573417814876596,2.875,arca,70.28201042349139,0.0
15.0,30.0,0.00019573417814876596,2.875,orca,57.91946380126602,0.0
15.0,30.0,0.00019573417814876596,2.875,combined,81.62701729125767,0.0
15.0,30.0,0.00019573417814876596,2.9375,arca,70.28201042349139,0.0
15.0,30.0,0.00019573417814876596,2.9375,orca,57.91946380126602,0.0
15.0,30.0,0.00019573417814876596,2.9375,combined,81.62701729125767,0.0
15.0,30.0,0.00019573417814876596,3.0,arca,70.28201042349139,0.0
15.0,30.0,0.00019573417814876596,3.0,orca,57.91946380126602,0.0
15.0,30.0,0.00019573417814876596,3.0,combined,81.62701729125767,0.0
15.0,30.0,0.000562341325190349,1.5,arca,63.447098165700396,0.0
15.0,30.0,0.000562341325190349,1.5,orca,56.38905285752617,0.0
15.0,30.0,0.000562341325190349,1.5,combined,57.32347343809473,0.0
15.0,30.0,0.000562341325190349,1.5625,arca,62.15735672360351,0.0
15.0,30.0,0.000562341325190349,1.5625,orca,54.662150335483446,0.0
15.0,30.0,0.000562341325190349,1.5625,combined,59.646421125781785,0.0
15.0,30.0,0.000562341325190349,1.625,arca,63.448169776666916,0.0
15.0,30.0,0.000562341325190349,1.625,orca,56.803015274747075,0.0
15.0,30.0,0.000562341325190349,1.625,combined,59.87920555797175,0.0
15.0,30.0,0.000562341325190349,1.6875,arca,68.49387483223799,0.0
15.0,30.0,0.000562341325190349,1.6875,orca,59.156098324722095,0.0
15.0,30.0,0.000562341325190349,1.6875,combined,62.55700747813717,0.0
15.0,30.0,0.000562341325190349,1.75,arca,71.52693189125024,0.0
15.0,30.0,0.000562341325190349,1.75,orca,56.12424954320021,0.0
15.0,30.0,0.000562341325190349,1.75,combined,53.73189062969572,0.0
15.0,30.0,0.000562341325190349,1.8125,arca,66.94751923184721,0.0
15.0,30.0,0.000562341325190349,1.8125,orca,56.81960264492363,0.0
15.0,30.0,0.000562341325190349,1.8125,combined,59.79431975321775,0.0
15.0,30.0,0.000562341325190349,1.875,arca,63.665612075073724,0.0
15.0,30.0,0.000562341325190349,1.875,orca,53.044143121677315,0.0
15.0,30.0,0.000562341325190349,1.875,combined,62.316625442166014,0.0
15.0,30.0,0.000562341325190349,1.9375,arca,58.50149760284694,0.0
15.0,30.0,0.000562341325190349,1.9375,orca,57.91946380126602,0.0
15.0,30.0,0.000562341325190349,1.9375,combined,63.58646800455179,0.0
15.0,30.0,0.000562341325190349,2.0,arca,59.62817440829524,0.0
15.0,30.0,0.000562341325190349,2.0,orca,57.91946380126602,0.0
15.0,30.0,0.000562341325190349,2.0,combined,77.20222527641812,0.0
15.0,30.0,0.000562341325190349,2.0625,arca,66.42942456001582,0.0
15.0,30.0,0.000562341325190349,2.0625,orca,57.91946380126602,0.0
15.0,30.0,0.000562341325190349,2.0625,combined,71.29577824072106,0.0
15.0,30.0,0.000562341325190349,2.125,arca,59.15295358649789,0.0
15.0,30.0,0.000562341325190349,2.125,orca,57.91946380126602,0.0
15.0,30.0,0.000562341325190349,2.125,combined,77.47341749951502,0.0
15.0,30.0,0.000562341325190349,2.1875,arca,70.28201042349139,0.0
15.0,30.0,0.000562341325190349,2.1875,orca,57.91946380126602,0.0
15.0,30.0,0.000562341325190349,2.1875,combined,81.62701729125767,0.0
15.0,30.0,0.000562341325190349,2.25,arca,70.28201042349139,0.0
15.0,30.0,0.000562341325190349,2.25,orca,57.91946380126602,0.0
15.0,30.0,0.000562341325190349,2.25,combined,81.62701729125767,0.0
15.0,30.0,0.000562341325190349,2.3125,arca,70.28201042349139,0.0
15.0,30.0,0.000562341325190349,2.3125,orca,57.91946380126602,0.0
15.0,30.0,0.000562341325190349,2.3125,combined,81.62701729125767,0.0
15.0,30.0,0.000562341325190349,2.375,arca,70.28201042349139,0.0
15.0,30.0,0.000562341325190349,2.375,orca,57.91946380126602,0.0
15.0,30.0,0.000562341325190349,2.375,combined,81.62701729125767,0.0
15.0,30.0,0.000562341325190349,2.4375,arca,70.28201042349139,0.0
15.0,30.0,0.000562341325190349,2.4375,orca,57.91946380126602,0.0
15.0,30.0,0.000562341325190349,2.4375,combined,81.62701729125767,0.0
15.0,30.0,0.000562341325190349,2.5,arca,70.28201042349139,0.0
15.0,30.0,0.000562341325190349,2.5,orca,57.91946380126602,0.0
15.0,30.0,0.000562341325190349,2.5,combined,81.62701729125767,0.0
15.0,30.0,0.000562341325190349,2.5625,arca,70.28201042349139,0.0
15.0,30.0,0.000562341325190349,2.5625,orca,57.91946380126602,0.0
15.0,30.0,0.000562341325190349,2.5625,combined,81.62701729125767,0.0
15.0,30.0,0.000562341325190349,2.625,arca,70.28201042349139,0.0
15.0,30.0,0.000562341325190349,2.625,orca,57.91946380126602,0.0
15.0,30.0,0.000562341325190349,2.625,combined,81.62701729125767,0.0
15.0,30.0,0.000562341325190349,2.6875,arca,70.28201042349139,0.0
15.0,30.0,0.000562341325190349,2.6875,orca,57.91946380126602,0.0
15.0,30.0,0.000562341325190349,2.6875,combined,81.62701729125767,0.0
15.0,30.0,0.000562341325190349,2.75,arca,70.28201042349139,0.0
15.0,30.0,0.000562341325190349,2.75,orca,57.91946380126602,0.0
15.0,30.0,0.000562341325190349,2.75,combined,81.62701729125767,0.0
15.0,30.0,0.000562341325190349,2.8125,arca,70.28201042349139,0.0
15.0,30.0,0.000562341325190349,2.8125,orca,57.91946380126602,0.0
15.0,30.0,0.000562341325190349,2.8125,combined,81.62701729125767,0.0
15.0,30.0,0.000562341325190349,2.875,arca,70.28201042349139,0.0
15.0,30.0,0.000562341325190349,2.875,orca,57.91946380126602,0.0
15.0,30.0,0.000562341325190349,2.875,combined,81.62701729125767,0.0
15.0,30.0,0.000562341325190349,2.9375,arca,70.28201042349139,0.0
15.0,30.0,0.000562341325190349,2.9375,orca,57.91946380126602,0.0
15.0,30.0,0.000562341325190349,2.9375,combined,81.62701729125767,0.0
15.0,30.0,0.000562341325190349,3.0,arca,70.28201042349139,0.0
15.0,30.0,0.000562341325190349,3.0,orca,57.91946380126602,0.0
15.0,30.0,0.000562341325190349,3.0,combined,81.62701729125767,0.0
15.0,30.0,0.0016155980984398728,1.5,arca,142.92672654052038,0.0
15.0,30.0,0.0016155980984398728,1.5,orca,65.17036059195442,0.0
15.0,30.0,0.0016155980984398728,1.5,combined,135.7468897406938,0.0
15.0,30.0,0.0016155980984398728,1.5625,arca,63.25448033402152,0.0
15.0,30.0,0.0016155980984398728,1.5625,orca,60.04997300083454,0.0
15.0,30.0,0.0016155980984398728,1.5625,combined,60.45991849014361,0.0
15.0,30.0,0.0016155980984398728,1.625,arca,59.50186139606353,0.0
15.0,30.0,0.0016155980984398728,1.625,orca,55.9621045541887,0.0
15.0,30.0,0.0016155980984398728,1.625,combined,62.95255851794097,0.0
15.0,30.0,0.0016155980984398728,1.6875,arca,61.01160693382399,0.0
15.0,30.0,0.0016155980984398728,1.6875,orca,68.88739495798319,0.0
15.0,30.0,0.0016155980984398728,1.6875,combined,70.95750977218549,0.0
15.0,30.0,0.0016155980984398728,1.75,arca,57.724687384582914,0.0
15.0,30.0,0.0016155980984398728,1.75,orca,58.48693301291679,0.0
15.0,30.0,0.0016155980984398728,1.75,combined,56.7535068558044,0.0
15.0,30.0,0.0016155980984398728,1.8125,arca,60.198987128086095,0.0
15.0,30.0,0.0016155980984398728,1.8125,orca,57.91946380126602,0.0
15.0,30.0,0.0016155980984398728,1.8125,combined,64.04511118204064,0.0
15.0,30.0,0.0016155980984398728,1.875,arca,55.83746002439749,0.0
15.0,30.0,0.0016155980984398728,1.875,orca,57.36619835397789,0.0
15.0,30.0,0.0016155980984398728,1.875,combined,72.31815658883204,0.0
15.0,30.0,0.0016155980984398728,1.9375,arca,65.29371740520726,0.0
15.0,30.0,0.0016155980984398728,1.9375,orca,60.11680278776001,0.0
15.0,30.0,0.0016155980984398728,1.9375,combined,59.9098832494463,0.0
15.0,30.0,0.0016155980984398728,2.0,arca,69.21685047828365,0.0
15.0,30.0,0.0016155980984398728,2.0,orca,57.91946380126602,0.0
15.0,30.0,0.0016155980984398728,2.0,combined,59.17053298871481,0.0
15.0,30.0,0.0016155980984398728,2.0625,arca,63.59741449477856,0.0
15.0,30.0,0.0016155980984398728,2.0625,orca,57.91946380126602,0.0
15.0,30.0,0.0016155980984398728,2.0625,combined,56.83209724212939,0.0
15.0,30.0,0.0016155980984398728,2.125,arca,63.378107386532186,0.0
15.0,30.0,0.0016155980984398728,2.125,orca,57.91946380126602,0.0
15.0,30.0,0.0016155980984398728,2.125,combined,64.81127862717163,0.0
15.0,30.0,0.0016155980984398728,2.1875,arca,67.79783668344191,0.0
15.0,30.0,0.0016155980984398728,2.1875,orca,57.91946380126602,0.0
15.0,30.0,0.0016155980984398728,2.1875,combined,61.46883253321276,0.0
15.0,30.0,0.0016155980984398728,2.25,arca,70.28201042349139,0.0
15.0,30.0,0.0016155980984398728,2.25,orca,57.91946380126602,0.0
15.0,30.0,0.0016155980984398728,2.25,combined,81.62701729125767,0.0
15.0,30.0,0.0016155980984398728,2.3125,arca,70.28201042349139,0.0
15.0,30.0,0.0016155980984398728,2.3125,orca,57.91946380126602,0.0
15.0,30.0,0.0016155980984398728,2.3125,combined,81.62701729125767,0.0
15.0,30.0,0.0016155980984398728,2.375,arca,70.28201042349139,0.0
15.0,30.0,0.0016155980984398728,2.375,orca,57.91946380126602,0.0
15.0,30.0,0.0016155980984398728,2.375,combined,81.62701729125767,0.0
15.0,30.0,0.0016155980984398728,2.4375,arca,70.28201042349139,0.0
15.0,30.0,0.0016155980984398728,2.4375,orca,57.91946380126602,0.0
15.0,30.0,0.0016155980984398728,2.4375,combined,81.62701729125767,0.0
15.0,30.0,0.0016155980984398728,2.5,arca,70.28201042349139,0.0
15.0,30.0,0.0016155980984398728,2.5,orca,57.91946380126602,0.0
15.0,30.0,0.0016155980984398728,2.5,combined,81.62701729125767,0.0
15.0,30.0,0.0016155980984398728,2.5625,arca,70.28201042349139,0.0
15.0,30.0,0.0016155980984398728,2.5625,orca,57.91946380126602,0.0
15.0,30.0,0.0016155980984398728,2.5625,combined,81.62701729125767,0.0
15.0,30.0,0.0016155980984398728,2.625,arca,70.28201042349139,0.0
15.0,30.0,0.0016155980984398728,2.625,orca,57.91946380126602,0.0
15.0,30.0,0.0016155980984398728,2.625,combined,81.62701729125767,0.0
15.0,30.0,0.0016155980984398728,2.6875,arca,70.28201042349139,0.0
15.0,30.0,0.0016155980984398728,2.6875,orca,57.91946380126602,0.0
15.0,30.0,0.0016155980984398728,2.6875,combined,81.62701729125767,0.0
15.0,30.0,0.0016155980984398728,2.75,arca,70.28201042349139,0.0
15.0,30.0,0.0016155980984398728,2.75,orca,57.91946380126602,0.0
15.0,30.0,0.0016155980984398728,2.75,combined,81.62701729125767,0.0
15.0,30.0,0.0016155980984398728,2.8125,arca,70.28201042349139,0.0
15.0,30.0,0.0016155980984398728,2.8125,orca,57.91946380126602,0.0
15.0,30.0,0.0016155980984398728,2.8125,combined,81.62701729125767,0.0
15.0,30.0,0.0016155980984398728,2.875,arca,70.28201042349139,0.0
15.0,30.0,0.0016155980984398728,2.875,orca,57.91946380126602,0.0
15.0,30.0,0.0016155980984398728,2.875,combined,81.62701729125767,0.0
15.0,30.0,0.0016155980984398728,2.9375,arca,70.28201042349139,0.0
15.0,30.0,0.0016155980984398728,2.9375,orca,57.91946380126602,0.0
15.0,30.0,0.0016155980984398728,2.9375,combined,81.62701729125767,0.0
15.0,30.0,0.0016155980984398728,3.0,arca,70.28201042349139,0.0
15.0,30.0,0.0016155980984398728,3.0,orca,57.91946380126602,0.0
15.0,30.0,0.0016155980984398728,3.0,combined,81.62701729125767,0.0
15.0,30.0,0.004641588833612777,1.5,arca,957.4194945872201,0.0
15.0,30.0,0.004641588833612777,1.5,orca,64.80728796530009,0.0
15.0,30.0,0.004641588833612777,1.5,combined,801.74557976041,0.0
15.0,30.0,0.004641588833612777,1.5625,arca,159.94395725805126,0.0
15.0,30.0,0.004641588833612777,1.5625,orca,65.08655882103837,0.0
15.0,30.0,0.004641588833612777,1.5625,combined,181.57814694924573,0.0
15.0,30.0,0.004641588833612777,1.625,arca,64.45120527617478,0.0
15.0,30.0,0.004641588833612777,1.625,orca,54.300287445457755,0.0
15.0,30.0,0.004641588833612777,1.625,combined,75.47995571662096,0.0
15.0,30.0,0.004641588833612777,1.6875,arca,65.59257866985864,0.0
15.0,30.0,0.004641588833612777,1.6875,orca,55.881433601852294,0.0
15.0,30.0,0.004641588833612777,1.6875,combined,66.71072206777367,0.0
15.0,30.0,0.004641588833612777,1.75,arca,61.66786019261266,0.0
15.0,30.0,0.004641588833612777,1.75,orca,58.374074583194215,0.0
15.0,30.0,0.004641588833612777,1.75,combined,54.232754822355346,0.0
15.0,30.0,0.004641588833612777,1.8125,arca,67.12017410802613,0.0
15.0,30.0,0.004641588833612777,1.8125,orca,57.31191016432298,0.0
15.0,30.0,0.004641588833612777,1.8125,combined,58.902489583914445,0.0
15.0,30.0,0.004641588833612777,1.875,arca,60.024434150442616,0.0
15.0,30.0,0.004641588833612777,1.875,orca,58.05334494497663,0.0
15.0,30.0,0.004641588833612777,1.875,combined,54.06866346575872,0.0
15.0,30.0,0.004641588833612777,1.9375,arca,64.72770912735568,0.0
15.0,30.0,0.004641588833612777,1.9375,orca,56.70424161926486,0.0
15.0,30.0,0.004641588833612777,1.9375,combined,54.932308254805235,0.0
15.0,30.0,0.004641588833612777,2.0,arca,61.49569154566831,0.0
15.0,30.0,0.004641588833612777,2.0,orca,55.28113217758374,0.0
15.0,30.0,0.004641588833612777,2.0,combined,60.39260586786924,0.0
15.0,30.0,0.004641588833612777,2.0625,arca,59.88037189060878,0.0
15.0,30.0,0.004641588833612777,2.0625,orca,57.91946380126602,0.0
15.0,30.0,0.004641588833612777,2.0625,combined,60.75378150142962,0.0
15.0,30.0,0.004641588833612777,2.125,arca,70.25426847363735,0.0
15.0,30.0,0.004641588833612777,2.125,orca,57.03344834340298,0.0
15.0,30.0,0.004641588833612777,2.125,combined,63.327464180908,0.0
15.0,30.0,0.004641588833612777,2.1875,arca,67.45798800975031,0.0
15.0,30.0,0.004641588833612777,2.1875,orca,57.91946380126602,0.0
15.0,30.0,0.004641588833612777,2.1875,combined,63.85469644689482,0.0
15.0,30.0,0.004641588833612777,2.25,arca,60.24274896696257,0.0
15.0,30.0,0.004641588833612777,2.25,orca,57.91946380126602,0.0
15.0,30.0,0.004641588833612777,2.25,combined,60.43837416511366,0.0
15.0,30.0,0.004641588833612777,2.3125,arca,70.28201042349139,0.0
15.0,30.0,0.004641588833612777,2.3125,orca,57.91946380126602,0.0
15.0,30.0,0.004641588833612777,2.3125,combined,66.68887955264005,0.0
15.0,30.0,0.004641588833612777,2.375,arca,70.28201042349139,0.0
15.0,30.0,0.004641588833612777,2.375,orca,57.91946380126602,0.0
15.0,30.0,0.004641588833612777,2.375,combined,61.27122914828243,0.0
15.0,30.0,0.004641588833612777,2.4375,arca,70.28201042349139,0.0
15.0,30.0,0.004641588833612777,2.4375,orca,57.91946380126602,0.0
15.0,30.0,0.004641588833612777,2.4375,combined,81.62701729125767,0.0
15.0,30.0,0.004641588833612777,2.5,arca,70.28201042349139,0.0
15.0,30.0,0.004641588833612777,2.5,orca,57.91946380126602,0.0
15.0,30.0,0.004641588833612777,2.5,combined,81.62701729125767,0.0
15.0,30.0,0.004641588833612777,2.5625,arca,70.28201042349139,0.0
15.0,30.0,0.004641588833612777,2.5625,orca,57.91946380126602,0.0
15.0,30.0,0.004641588833612777,2.5625,combined,81.62701729125767,0.0
15.0,30.0,0.004641588833612777,2.625,arca,70.28201042349139,0.0
15.0,30.0,0.004641588833612777,2.625,orca,57.91946380126602,0.0
15.0,30.0,0.004641588833612777,2.625,combined,81.62701729125767,0.0
15.0,30.0,0.004641588833612777,2.6875,arca,70.28201042349139,0.0
15.0,30.0,0.004641588833612777,2.6875,orca,57.91946380126602,0.0
15.0,30.0,0.004641588833612777,2.6875,combined,81.62701729125767,0.0
15.0,30.0,0.004641588833612777,2.75,arca,70.28201042349139,0.0
15.0,30.0,0.004641588833612777,2.75,orca,57.91946380126602,0.0
15.0,30.0,0.004641588833612777,2.75,combined,84.30779329467033,0.0
15.0,30.0,0.004641588833612777,2.8125,arca,70.28201042349139,0.0
15.0,30.0,0.004641588833612777,2.8125,orca,57.91946380126602,0.0
15.0,30.0,0.004641588833612777,2.8125,combined,81.62701729125767,0.0
15.0,30.0,0.004641588833612777,2.875,arca,70.28201042349139,0.0
15.0,30.0,0.004641588833612777,2.875,orca,57.91946380126602,0.0
15.0,30.0,0.004641588833612777,2.875,combined,81.62701729125767,0.0
15.0,30.0,0.004641588833612777,2.9375,arca,70.28201042349139,0.0
15.0,30.0,0.004641588833612777,2.9375,orca,57.91946380126602,0.0
15.0,30.0,0.004641588833612777,2.9375,combined,81.62701729125767,0.0
15.0,30.0,0.004641588833612777,3.0,arca,70.28201042349139,0.0
15.0,30.0,0.004641588833612777,3.0,orca,57.91946380126602,0.0
15.0,30.0,0.004641588833612777,3.0,combined,81.62701729125767,0.0
15.0,30.0,0.013335214321633239,1.5,arca,8105.267796688542,0.0
15.0,30.0,0.013335214321633239,1.5,orca,57.8099662814342,0.0
15.0,30.0,0.013335214321633239,1.5,combined,6906.674395811153,0.0
15.0,30.0,0.013335214321633239,1.5625,arca,1388.0364447553739,0.0
15.0,30.0,0.013335214321633239,1.5625,orca,61.93943999381777,0.0
15.0,30.0,0.013335214321633239,1.5625,combined,1187.0606162992995,0.0
15.0,30.0,0.013335214321633239,1.625,arca,250.65567627830882,0.0
15.0,30.0,0.013335214321633239,1.625,orca,55.89636572405138,0.0
15.0,30.0,0.013335214321633239,1.625,combined,213.515260974308,0.0
15.0,30.0,0.013335214321633239,1.6875,arca,69.43202369096223,0.0
15.0,30.0,0.013335214321633239,1.6875,orca,54.18734406894987,0.0
15.0,30.0,0.013335214321633239,1.6875,combined,74.65854595511733,0.0
15.0,30.0,0.013335214321633239,1.75,arca,60.06965318490869,0.0
15.0,30.0,0.013335214321633239,1.75,orca,59.4082527010023,0.0
15.0,30.0,0.013335214321633239,1.75,combined,56.94233236623397,0.0
15.0,30.0,0.013335214321633239,1.8125,arca,60.69848981059145,0.0
15.0,30.0,0.013335214321633239,1.8125,orca,69.34791204680863,0.0
15.0,30.0,0.013335214321633239,1.8125,combined,72.40832466670193,0.0
15.0,30.0,0.013335214321633239,1.875,arca,63.857588518702954,0.0
15.0,30.0,0.013335214321633239,1.875,orca,55.634709704464484,0.0
15.0,30.0,0.013335214321633239,1.875,combined,64.3075849311415,0.0
15.0,30.0,0.013335214321633239,1.9375,arca,57.04930984680116,0.0
15.0,30.0,0.013335214321633239,1.9375,orca,59.75803549612386,0.0
15.0,30.0,0.013335214321633239,1.9375,combined,64.85427448538854,0.0
15.0,30.0,0.013335214321633239,2.0,arca,59.79681400991666,0.0
15.0,30.0,0.013335214321633239,2.0,orca,58.411703343102666,0.0
15.0,30.0,0.013335214321633239,2.0,combined,62.64447238305716,0.0
15.0,30.0,0.013335214321633239,2.0625,arca,65.20798190486867,0.0
15.0,30.0,0.013335214321633239,2.0625,orca,58.13361532719583,0.0
15.0,30.0,0.013335214321633239,2.0625,combined,63.41059462279685,0.0
15.0,30.0,0.013335214321633239,2.125,arca,57.08614301348911,0.0
15.0,30.0,0.013335214321633239,2.125,orca,57.91946380126602,0.0
15.0,30.0,0.013335214321633239,2.125,combined,65.46214941117577,0.0
15.0,30.0,0.013335214321633239,2.1875,arca,58.568550274596674,0.0
15.0,30.0,0.013335214321633239,2.1875,orca,60.0275205468305,0.0
15.0,30.0,0.013335214321633239,2.1875,combined,59.6715173176751,0.0
15.0,30.0,0.013335214321633239,2.25,arca,60.957851994186015,0.0
15.0,30.0,0.013335214321633239,2.25,orca,58.948178047799374,0.0
15.0,30.0,0.013335214321633239,2.25,combined,55.15590975021023,0.0
15.0,30.0,0.013335214321633239,2.3125,arca,55.17380149973289,0.0
15.0,30.0,0.013335214321633239,2.3125,orca,57.64205793590507,0.0
15.0,30.0,0.013335214321633239,2.3125,combined,65.74921310080816,0.0
15.0,30.0,0.013335214321633239,2.375,arca,59.34182057830134,0.0
15.0,30.0,0.013335214321633239,2.375,orca,57.91946380126602,0.0
15.0,30.0,0.013335214321633239,2.375,combined,73.2096836831252,0.0
15.0,30.0,0.013335214321633239,2.4375,arca,70.28201042349139,0.0
15.0,30.0,0.013335214321633239,2.4375,orca,61.18433100112293,0.0
15.0,30.0,0.013335214321633239,2.4375,combined,59.5030915004348,0.0
15.0,30.0,0.013335214321633239,2.5,arca,68.30563080431588,0.0
15.0,30.0,0.013335214321633239,2.5,orca,57.91946380126602,0.0
15.0,30.0,0.013335214321633239,2.5,combined,81.62701729125767,0.0
15.0,30.0,0.013335214321633239,2.5625,arca,70.28201042349139,0.0
15.0,30.0,0.013335214321633239,2.5625,orca,57.91946380126602,0.0
15.0,30.0,0.013335214321633239,2.5625,combined,81.24392228551045,0.0
15.0,30.0,0.013335214321633239,2.625,arca,64.49498111740165,0.0
15.0,30.0,0.013335214321633239,2.625,orca,57.91946380126602,0.0
15.0,30.0,0.013335214321633239,2.625,combined,81.62701729125767,0.0
15.0,30.0,0.013335214321633239,2.6875,arca,70.28201042349139,0.0
15.0,30.0,0.013335214321633239,2.6875,orca,56.05405612989447,0.0
15.0,30.0,0.013335214321633239,2.6875,combined,81.62701729125767,0.0
15.0,30.0,0.013335214321633239,2.75,arca,70.28201042349139,0.0
15.0,30.0,0.013335214321633239,2.75,orca,57.91946380126602,0.0
15.0,30.0,0.013335214321633239,2.75,combined,81.62701729125767,0.0
15.0,30.0,0.013335214321633239,2.8125,arca,70.28201042349139,0.0
15.0,30.0,0.013335214321633239,2.8125,orca,57.91946380126602,0.0
15.0,30.0,0.013335214321633239,2.8125,combined,81.62701729125767,0.0
15.0,30.0,0.013335214321633239,2.875,arca,70.28201042349139,0.0
15.0,30.0,0.013335214321633239,2.875,orca,57.91946380126602,0.0
15.0,30.0,0.013335214321633239,2.875,combined,81.62701729125767,0.0
15.0,30.0,0.013335214321633239,2.9375,arca,70.28201042349139,0.0
15.0,30.0,0.013335214321633239,2.9375,orca,57.91946380126602,0.0
15.0,30.0,0.013335214321633239,2.9375,combined,81.62701729125767,0.0
15.0,30.0,0.013335214321633239,3.0,arca,70.28201042349139,0.0
15.0,30.0,0.013335214321633239,3.0,orca,57.91946380126602,0.0
15.0,30.0,0.013335214321633239,3.0,combined,81.62701729125767,0.0
15.0,30.0,0.03831186849557285,1.5,arca,64705.44559654196,0.0
15.0,30.0,0.03831186849557285,1.5,orca,60.5379026135994,0.0
15.0,30.0,0.03831186849557285,1.5,combined,58979.0309446593,0.0
15.0,30.0,0.03831186849557285,1.5625,arca,10693.138704264064,0.0
15.0,30.0,0.03831186849557285,1.5625,orca,56.5537939459753,0.0
15.0,30.0,0.03831186849557285,1.5625,combined,9779.094207833945,0.0
15.0,30.0,0.03831186849557285,1.625,arca,2050.045415080698,0.0
15.0,30.0,0.03831186849557285,1.625,orca,55.50677863768593,0.0
15.0,30.0,0.03831186849557285,1.625,combined,1774.3718582867948,0.0
15.0,30.0,0.03831186849557285,1.6875,arca,399.4094149941767,0.0
15.0,30.0,0.03831186849557285,1.6875,orca,57.962527515214305,0.0
15.0,30.0,0.03831186849557285,1.6875,combined,350.3028135880305,0.0
15.0,30.0,0.03831186849557285,1.75,arca,93.95087492497345,0.0
15.0,30.0,0.03831186849557285,1.75,orca,54.173149630041976,0.0
15.0,30.0,0.03831186849557285,1.75,combined,96.65220064289102,0.0
15.0,30.0,0.03831186849557285,1.8125,arca,63.441043599839084,0.0
15.0,30.0,0.03831186849557285,1.8125,orca,57.01053809568218,0.0
15.0,30.0,0.03831186849557285,1.8125,combined,59.266698669196025,0.0
15.0,30.0,0.03831186849557285,1.875,arca,58.45717828475698,0.0
15.0,30.0,0.03831186849557285,1.875,orca,68.4476194897746,0.0
15.0,30.0,0.03831186849557285,1.875,combined,68.37701056753723,0.0
15.0,30.0,0.03831186849557285,1.9375,arca,59.68542823600798,0.0
15.0,30.0,0.03831186849557285,1.9375,orca,62.14878070252664,0.0
15.0,30.0,0.03831186849557285,1.9375,combined,57.569267348889255,0.0
15.0,30.0,0.03831186849557285,2.0,arca,74.79202279202282,0.0
15.0,30.0,0.03831186849557285,2.0,orca,59.811977686109394,0.0
15.0,30.0,0.03831186849557285,2.0,combined,59.28215076479311,0.0
15.0,30.0,0.03831186849557285,2.0625,arca,56.283656794666356,0.0
15.0,30.0,0.03831186849557285,2.0625,orca,58.109914355531316,0.0
15.0,30.0,0.03831186849557285,2.0625,combined,66.28574728307944,0.0
15.0,30.0,0.03831186849557285,2.125,arca,63.83228756920015,0.0
15.0,30.0,0.03831186849557285,2.125,orca,61.74811930259314,0.0
15.0,30.0,0.03831186849557285,2.125,combined,71.75544240277472,0.0
15.0,30.0,0.03831186849557285,2.1875,arca,62.78181446480739,0.0
15.0,30.0,0.03831186849557285,2.1875,orca,59.791224422803374,0.0
15.0,30.0,0.03831186849557285,2.1875,combined,63.93891462989259,0.0
15.0,30.0,0.03831186849557285,2.25,arca,70.79161844851289,0.0
15.0,30.0,0.03831186849557285,2.25,orca,58.82584674513572,0.0
15.0,30.0,0.03831186849557285,2.25,combined,63.57231827882061,0.0
15.0,30.0,0.03831186849557285,2.3125,arca,63.5625465498718,0.0
15.0,30.0,0.03831186849557285,2.3125,orca,57.91946380126602,0.0
15.0,30.0,0.03831186849557285,2.3125,combined,64.87827034883722,0.0
15.0,30.0,0.03831186849557285,2.375,arca,63.775085455857976,0.0
15.0,30.0,0.03831186849557285,2.375,orca,57.91946380126602,0.0
15.0,30.0,0.03831186849557285,2.375,combined,63.32025947440482,0.0
15.0,30.0,0.03831186849557285,2.4375,arca,59.20227406765531,0.0
15.0,30.0,0.03831186849557285,2.4375,orca,57.206439770554496,0.0
15.0,30.0,0.03831186849557285,2.4375,combined,77.05574816547912,0.0
15.0,30.0,0.03831186849557285,2.5,arca,70.28201042349139,0.0
15.0,30.0,0.03831186849557285,2.5,orca,57.91946380126602,0.0
15.0,30.0,0.03831186849557285,2.5,combined,71.41833253626655,0.0
15.0,30.0,0.03831186849557285,2.5625,arca,57.58669162796676,0.0
15.0,30.0,0.03831186849557285,2.5625,orca,57.91946380126602,0.0
15.0,30.0,0.03831186849557285,2.5625,combined,80.08671438668091,0.0
15.0,30.0,0.03831186849557285,2.625,arca,65.05211584811727,0.0
15.0,30.0,0.03831186849557285,2.625,orca,57.91946380126602,0.0
15.0,30.0,0.03831186849557285,2.625,combined,81.62701729125767,0.0
15.0,30.0,0.03831186849557285,2.6875,arca,72.4713994981328,0.0
15.0,30.0,0.03831186849557285,2.6875,orca,57.91946380126602,0.0
15.0,30.0,0.03831186849557285,2.6875,combined,81.62701729125767,0.0
15.0,30.0,0.03831186849557285,2.75,arca,70.28201042349139,0.0
15.0,30.0,0.03831186849557285,2.75,orca,63.30063965884861,0.0
15.0,30.0,0.03831186849557285,2.75,combined,77.32378422994212,0.0
15.0,30.0,0.03831186849557285,2.8125,arca,70.28201042349139,0.0
15.0,30.0,0.03831186849557285,2.8125,orca,57.91946380126602,0.0
15.0,30.0,0.03831186849557285,2.8125,combined,81.62701729125767,0.0
15.0,30.0,0.03831186849557285,2.875,arca,70.28201042349139,0.0
15.0,30.0,0.03831186849557285,2.875,orca,57.91946380126602,0.0
15.0,30.0,0.03831186849557285,2.875,combined,81.62701729125767,0.0
15.0,30.0,0.03831186849557285,2.9375,arca,70.28201042349139,0.0
15.0,30.0,0.03831186849557285,2.9375,orca,57.91946380126602,0.0
15.0,30.0,0.03831186849557285,2.9375,combined,81.62701729125767,0.0
15.0,30.0,0.03831186849557285,3.0,arca,70.28201042349139,0.0
15.0,30.0,0.03831186849557285,3.0,orca,57.91946380126602,0.0
15.0,30.0,0.03831186849557285,3.0,combined,81.62701729125767,0.0
15.0,30.0,0.11006941712522081,1.5,arca,,
15.0,30.0,0.11006941712522081,1.5,orca,51.39715481171548,0.0
15.0,30.0,0.11006941712522081,1.5,combined,,
15.0,30.0,0.11006941712522081,1.5625,arca,93553.28330358269,0.0
15.0,30.0,0.11006941712522081,1.5625,orca,59.70068027210884,0.0
15.0,30.0,0.11006941712522081,1.5625,combined,84427.24827217191,0.0
15.0,30.0,0.11006941712522081,1.625,arca,17042.178872350203,0.0
15.0,30.0,0.11006941712522081,1.625,orca,56.045080190723894,0.0
15.0,30.0,0.11006941712522081,1.625,combined,15025.749095911602,0.0
15.0,30.0,0.11006941712522081,1.6875,arca,3145.8573946800298,0.0
15.0,30.0,0.11006941712522081,1.6875,orca,58.48086832584145,0.0
15.0,30.0,0.11006941712522081,1.6875,combined,2891.3169725734956,0.0
15.0,30.0,0.11006941712522081,1.75,arca,578.0073639063014,0.0
15.0,30.0,0.11006941712522081,1.75,orca,63.538090010976944,0.0
15.0,30.0,0.11006941712522081,1.75,combined,596.3758563777238,0.0
15.0,30.0,0.11006941712522081,1.8125,arca,148.43998970714856,0.0
15.0,30.0,0.11006941712522081,1.8125,orca,56.041441731797065,0.0
15.0,30.0,0.11006941712522081,1.8125,combined,140.18554325914346,0.0
15.0,30.0,0.11006941712522081,1.875,arca,74.45452686501693,0.0
15.0,30.0,0.11006941712522081,1.875,orca,58.70833558424721,0.0
15.0,30.0,0.11006941712522081,1.875,combined,68.28876984863618,0.0
15.0,30.0,0.11006941712522081,1.9375,arca,60.658619268248444,0.0
15.0,30.0,0.11006941712522081,1.9375,orca,54.53399938831684,0.0
15.0,30.0,0.11006941712522081,1.9375,combined,55.88407216022196,0.0
15.0,30.0,0.11006941712522081,2.0,arca,67.40779381796838,0.0
15.0,30.0,0.11006941712522081,2.0,orca,65.50277604879872,0.0
15.0,30.0,0.11006941712522081,2.0,combined,68.84525357607282,0.0
15.0,30.0,0.11006941712522081,2.0625,arca,62.24581364755842,0.0
15.0,30.0,0.11006941712522081,2.0625,orca,55.51013267240122,0.0
15.0,30.0,0.11006941712522081,2.0625,combined,58.020861429412506,0.0
15.0,30.0,0.11006941712522081,2.125,arca,61.6545320249024,0.0
15.0,30.0,0.11006941712522081,2.125,orca,52.52502808638121,0.0
15.0,30.0,0.11006941712522081,2.125,combined,71.99074730614095,0.0
15.0,30.0,0.11006941712522081,2.1875,arca,55.31013912567477,0.0
15.0,30.0,0.11006941712522081,2.1875,orca,54.406786611307595,0.0
15.0,30.0,0.11006941712522081,2.1875,combined,65.34133126300222,0.0
15.0,30.0,0.11006941712522081,2.25,arca,64.47488748578117,0.0
15.0,30.0,0.11006941712522081,2.25,orca,56.94039075365443,0.0
15.0,30.0,0.11006941712522081,2.25,combined,61.7232022996766,0.0
15.0,30.0,0.11006941712522081,2.3125,arca,58.13853092146255,0.0
15.0,30.0,0.11006941712522081,2.3125,orca,64.42810670136629,0.0
15.0,30.0,0.11006941712522081,2.3125,combined,54.931251357870636,0.0
15.0,30.0,0.11006941712522081,2.375,arca,63.28479574778173,0.0
15.0,30.0,0.11006941712522081,2.375,orca,63.93032672208049,0.0
15.0,30.0,0.11006941712522081,2.375,combined,64.50850213571402,0.0
15.0,30.0,0.11006941712522081,2.4375,arca,57.76291491947836,0.0
15.0,30.0,0.11006941712522081,2.4375,orca,59.941763095851044,0.0
15.0,30.0,0.11006941712522081,2.4375,combined,67.1220565734455,0.0
15.0,30.0,0.11006941712522081,2.5,arca,71.8251945560562,0.0
15.0,30.0,0.11006941712522081,2.5,orca,57.91946380126602,0.0
15.0,30.0,0.11006941712522081,2.5,combined,68.51679108943279,0.0
15.0,30.0,0.11006941712522081,2.5625,arca,54.9225324484797,0.0
15.0,30.0,0.11006941712522081,2.5625,orca,57.91946380126602,0.0
15.0,30.0,0.11006941712522081,2.5625,combined,61.84831324756671,0.0
15.0,30.0,0.11006941712522081,2.625,arca,70.28201042349139,0.0
15.0,30.0,0.11006941712522081,2.625,orca,57.91946380126602,0.0
15.0,30.0,0.11006941712522081,2.625,combined,74.3939008929632,0.0
15.0,30.0,0.11006941712522081,2.6875,arca,70.28201042349139,0.0
15.0,30.0,0.11006941712522081,2.6875,orca,54.607187876411096,0.0
15.0,30.0,0.11006941712522081,2.6875,combined,81.96079577767975,0.0
15.0,30.0,0.11006941712522081,2.75,arca,70.28201042349139,0.0
15.0,30.0,0.11006941712522081,2.75,orca,57.91946380126602,0.0
15.0,30.0,0.11006941712522081,2.75,combined,81.60700471798359,0.0
15.0,30.0,0.11006941712522081,2.8125,arca,70.28201042349139,0.0
15.0,30.0,0.11006941712522081,2.8125,orca,57.91946380126602,0.0
15.0,30.0,0.11006941712522081,2.8125,combined,58.16684167572727,0.0
15.0,30.0,0.11006941712522081,2.875,arca,70.28201042349139,0.0
15.0,30.0,0.11006941712522081,2.875,orca,57.91946380126602,0.0
15.0,30.0,0.11006941712522081,2.875,combined,81.62701729125767,0.0
15.0,30.0,0.11006941712522081,2.9375,arca,70.28201042349139,0.0
15.0,30.0,0.11006941712522081,2.9375,orca,53.60469670222077,0.0
15.0,30.0,0.11006941712522081,2.9375,combined,70.43780643520847,0.0
15.0,30.0,0.11006941712522081,3.0,arca,69.28097704233653,0.0
15.0,30.0,0.11006941712522081,3.0,orca,57.91946380126602,0.0
15.0,30.0,0.11006941712522081,3.0,combined,81.60700471798359,0.0
15.0,30.0,0.31622776601683794,1.5,arca,,
15.0,30.0,0.31622776601683794,1.5,orca,61.582228267029365,0.0
15.0,30.0,0.31622776601683794,1.5,combined,,
15.0,30.0,0.31622776601683794,1.5625,arca,,
15.0,30.0,0.31622776601683794,1.5625,orca,65.85491366926738,0.0
15.0,30.0,0.31622776601683794,1.5625,combined,,
15.0,30.0,0.31622776601683794,1.625,arca,140396.71451355662,0.0
15.0,30.0,0.31622776601683794,1.625,orca,63.7581721055108,0.0
15.0,30.0,0.31622776601683794,1.625,combined,124303.09716086072,0.0
15.0,30.0,0.31622776601683794,1.6875,arca,26185.21707889415,0.0
15.0,30.0,0.31622776601683794,1.6875,orca,74.19939736744729,0.0
15.0,30.0,0.31622776601683794,1.6875,combined,23902.482892803608,0.0
15.0,30.0,0.31622776601683794,1.75,arca,5194.368537129725,0.0
15.0,30.0,0.31622776601683794,1.75,orca,54.66068973258129,0.0
15.0,30.0,0.31622776601683794,1.75,combined,4577.72094119321,0.0
15.0,30.0,0.31622776601683794,1.8125,arca,1017.19583474958,0.0
15.0,30.0,0.31622776601683794,1.8125,orca,59.51729957805906,0.0
15.0,30.0,0.31622776601683794,1.8125,combined,1032.6539005497402,0.0
15.0,30.0,0.31622776601683794,1.875,arca,264.58201295531603,0.0
15.0,30.0,0.31622776601683794,1.875,orca,53.06424054144013,0.0
15.0,30.0,0.31622776601683794,1.875,combined,206.37143566756947,0.0
15.0,30.0,0.31622776601683794,1.9375,arca,82.11877743370565,0.0
15.0,30.0,0.31622776601683794,1.9375,orca,59.71741740174331,0.0
15.0,30.0,0.31622776601683794,1.9375,combined,83.06791216653707,0.0
15.0,30.0,0.31622776601683794,2.0,arca,57.92707653138626,0.0
15.0,30.0,0.31622776601683794,2.0,orca,61.88734970054406,0.0
15.0,30.0,0.31622776601683794,2.0,combined,56.057870500448075,0.0
15.0,30.0,0.31622776601683794,2.0625,arca,61.76495261460538,0.0
15.0,30.0,0.31622776601683794,2.0625,orca,55.92474959779959,0.0
15.0,30.0,0.31622776601683794,2.0625,combined,55.04807508140203,0.0
15.0,30.0,0.31622776601683794,2.125,arca,66.34897587004052,0.0
15.0,30.0,0.31622776601683794,2.125,orca,56.91216245040741,0.0
15.0,30.0,0.31622776601683794,2.125,combined,57.80986485608087,0.0
15.0,30.0,0.31622776601683794,2.1875,arca,63.9499759309449,0.0
15.0,30.0,0.31622776601683794,2.1875,orca,68.29576192831189,0.0
15.0,30.0,0.31622776601683794,2.1875,combined,69.89844780124453,0.0
15.0,30.0,0.31622776601683794,2.25,arca,64.96196838502476,0.0
15.0,30.0,0.31622776601683794,2.25,orca,61.59740142560679,0.0
15.0,30.0,0.31622776601683794,2.25,combined,57.21905334441359,0.0
15.0,30.0,0.31622776601683794,2.3125,arca,60.76531443171516,0.0
15.0,30.0,0.31622776601683794,2.3125,orca,63.76840123916709,0.0
15.0,30.0,0.31622776601683794,2.3125,combined,62.99251747167492,0.0
15.0,30.0,0.31622776601683794,2.375,arca,64.9287155080355,0.0
15.0,30.0,0.31622776601683794,2.375,orca,64.30200722264213,0.0
15.0,30.0,0.31622776601683794,2.375,combined,64.98517878775584,0.0
15.0,30.0,0.31622776601683794,2.4375,arca,58.24213503703777,0.0
15.0,30.0,0.31622776601683794,2.4375,orca,61.76994030387126,0.0
15.0,30.0,0.31622776601683794,2.4375,combined,62.958764928633855,0.0
15.0,30.0,0.31622776601683794,2.5,arca,60.898795355492126,0.0
15.0,30.0,0.31622776601683794,2.5,orca,55.78105166957198,0.0
15.0,30.0,0.31622776601683794,2.5,combined,52.68650635000298,0.0
15.0,30.0,0.31622776601683794,2.5625,arca,61.00024383653726,0.0
15.0,30.0,0.31622776601683794,2.5625,orca,57.91946380126602,0.0
15.0,30.0,0.31622776601683794,2.5625,combined,77.03454596650856,0.0
15.0,30.0,0.31622776601683794,2.625,arca,59.632528592092726,0.0
15.0,30.0,0.31622776601683794,2.625,orca,62.37637474541753,0.0
15.0,30.0,0.31622776601683794,2.625,combined,66.05503989534948,0.0
15.0,30.0,0.31622776601683794,2.6875,arca,57.762112752606356,0.0
15.0,30.0,0.31622776601683794,2.6875,orca,57.91946380126602,0.0
15.0,30.0,0.31622776601683794,2.6875,combined,69.38443286169614,0.0
15.0,30.0,0.31622776601683794,2.75,arca,58.01315152413417,0.0
15.0,30.0,0.31622776601683794,2.75,orca,62.022609762509845,0.0
15.0,30.0,0.31622776601683794,2.75,combined,74.32414649215465,0.0
15.0,30.0,0.31622776601683794,2.8125,arca,62.64578459348495,0.0
15.0,30.0,0.31622776601683794,2.8125,orca,57.91946380126602,0.0
15.0,30.0,0.31622776601683794,2.8125,combined,64.56866392264297,0.0
15.0,30.0,0.31622776601683794,2.875,arca,70.28201042349139,0.0
15.0,30.0,0.31622776601683794,2.875,orca,57.91946380126602,0.0
15.0,30.0,0.31622776601683794,2.875,combined,81.62701729125767,0.0
15.0,30.0,0.31622776601683794,2.9375,arca,70.28201042349139,0.0
15.0,30.0,0.31622776601683794,2.9375,orca,55.00822241636261,0.0
15.0,30.0,0.31622776601683794,2.9375,combined,67.0263435758673,0.0
15.0,30.0,0.31622776601683794,3.0,arca,70.28201042349139,0.0
15.0,30.0,0.31622776601683794,3.0,orca,56.17779155278804,0.0
15.0,30.0,0.31622776601683794,3.0,combined,76.19937777825211,0.0
15.0,30.0,0.9085175756516861,1.5,arca,,
15.0,30.0,0.9085175756516861,1.5,orca,72.17141554593117,0.0
15.0,30.0,0.9085175756516861,1.5,combined,,
15.0,30.0,0.9085175756516861,1.5625,arca,,
15.0,30.0,0.9085175756516861,1.5625,orca,58.492119979664466,0.0
15.0,30.0,0.9085175756516861,1.5625,combined,,
15.0,30.0,0.9085175756516861,1.625,arca,,
15.0,30.0,0.9085175756516861,1.625,orca,54.76200370001423,0.0
15.0,30.0,0.9085175756516861,1.625,combined,,
15.0,30.0,0.9085175756516861,1.6875,arca,218684.68351766898,0.0
15.0,30.0,0.9085175756516861,1.6875,orca,51.06792537775402,0.0
15.0,30.0,0.9085175756516861,1.6875,combined,198852.91727114323,0.0
15.0,30.0,0.9085175756516861,1.75,arca,43848.53637510722,0.0
15.0,30.0,0.9085175756516861,1.75,orca,59.24578244816813,0.0
15.0,30.0,0.9085175756516861,1.75,combined,38550.20207811993,0.0
15.0,30.0,0.9085175756516861,1.8125,arca,8959.47514527633,0.0
15.0,30.0,0.9085175756516861,1.8125,orca,59.24943651389932,0.0
15.0,30.0,0.9085175756516861,1.8125,combined,7900.9154217529995,0.0
15.0,30.0,0.9085175756516861,1.875,arca,1991.2784703148104,0.0
15.0,30.0,0.9085175756516861,1.875,orca,54.68636134312462,0.0
15.0,30.0,0.9085175756516861,1.875,combined,1896.494358196755,0.0
15.0,30.0,0.9085175756516861,1.9375,arca,386.95746435569754,0.0
15.0,30.0,0.9085175756516861,1.9375,orca,59.65712087066453,0.0
15.0,30.0,0.9085175756516861,1.9375,combined,399.6043559317018,0.0
15.0,30.0,0.9085175756516861,2.0,arca,134.9395506707613,0.0
15.0,30.0,0.9085175756516861,2.0,orca,55.78728695021499,0.0
15.0,30.0,0.9085175756516861,2.0,combined,102.24804906878686,0.0
15.0,30.0,0.9085175756516861,2.0625,arca,56.2568702063535,0.0
15.0,30.0,0.9085175756516861,2.0625,orca,56.456066243321104,0.0
15.0,30.0,0.9085175756516861,2.0625,combined,70.2823259864518,0.0
15.0,30.0,0.9085175756516861,2.125,arca,54.071281121187134,0.0
15.0,30.0,0.9085175756516861,2.125,orca,56.045906886032895,0.0
15.0,30.0,0.9085175756516861,2.125,combined,62.21292095491964,0.0
15.0,30.0,0.9085175756516861,2.1875,arca,59.708964280061195,0.0
15.0,30.0,0.9085175756516861,2.1875,orca,68.63233532934133,0.0
15.0,30.0,0.9085175756516861,2.1875,combined,58.82926743428963,0.0
15.0,30.0,0.9085175756516861,2.25,arca,56.787540641961634,0.0
15.0,30.0,0.9085175756516861,2.25,orca,60.20275921742056,0.0
15.0,30.0,0.9085175756516861,2.25,combined,56.17889170262265,0.0
15.0,30.0,0.9085175756516861,2.3125,arca,56.36309474746209,0.0
15.0,30.0,0.9085175756516861,2.3125,orca,56.18672179673917,0.0
15.0,30.0,0.9085175756516861,2.3125,combined,62.726808016773056,0.0
15.0,30.0,0.9085175756516861,2.375,arca,62.088912333915786,0.0
15.0,30.0,0.9085175756516861,2.375,orca,59.51545847842144,0.0
15.0,30.0,0.9085175756516861,2.375,combined,61.49253202106774,0.0
15.0,30.0,0.9085175756516861,2.4375,arca,62.39958851535815,0.0
15.0,30.0,0.9085175756516861,2.4375,orca,57.23991681497331,0.0
15.0,30.0,0.9085175756516861,2.4375,combined,59.069936764966606,0.0
15.0,30.0,0.9085175756516861,2.5,arca,64.25630002769245,0.0
15.0,30.0,0.9085175756516861,2.5,orca,53.80595742771909,0.0
15.0,30.0,0.9085175756516861,2.5,combined,56.217475845445364,0.0
15.0,30.0,0.9085175756516861,2.5625,arca,64.96668326348382,0.0
15.0,30.0,0.9085175756516861,2.5625,orca,59.47559230402288,0.0
15.0,30.0,0.9085175756516861,2.5625,combined,56.88609837165595,0.0
15.0,30.0,0.9085175756516861,2.625,arca,61.541724496019235,0.0
15.0,30.0,0.9085175756516861,2.625,orca,66.9602891268897,0.0
15.0,30.0,0.9085175756516861,2.625,combined,70.67358135617013,0.0
15.0,30.0,0.9085175756516861,2.6875,arca,65.83358477887067,0.0
15.0,30.0,0.9085175756516861,2.6875,orca,56.8776928889262,0.0
15.0,30.0,0.9085175756516861,2.6875,combined,62.471870969164456,0.0
15.0,30.0,0.9085175756516861,2.75,arca,70.14158711748017,0.0
15.0,30.0,0.9085175756516861,2.75,orca,58.44388525415198,0.0
15.0,30.0,0.9085175756516861,2.75,combined,67.15625824842951,0.0
15.0,30.0,0.9085175756516861,2.8125,arca,60.58646695849375,0.0
15.0,30.0,0.9085175756516861,2.8125,orca,53.588406456012734,0.0
15.0,30.0,0.9085175756516861,2.8125,combined,59.68549207531647,0.0
15.0,30.0,0.9085175756516861,2.875,arca,70.26501962230358,0.0
15.0,30.0,0.9085175756516861,2.875,orca,55.16709335207402,0.0
15.0,30.0,0.9085175756516861,2.875,combined,73.51700879106056,0.0
15.0,30.0,0.9085175756516861,2.9375,arca,58.769863338648676,0.0
15.0,30.0,0.9085175756516861,2.9375,orca,58.720473892057925,0.0
15.0,30.0,0.9085175756516861,2.9375,combined,74.11261072709377,0.0
15.0,30.0,0.9085175756516861,3.0,arca,67.12800453066762,0.0
15.0,30.0,0.9085175756516861,3.0,orca,57.91946380126602,0.0
15.0,30.0,0.9085175756516861,3.0,combined,71.31952091020398,0.0
15.0,30.0,2.6101572156825332,1.5,arca,,
15.0,30.0,2.6101572156825332,1.5,orca,152.8160200250313,0.0
15.0,30.0,2.6101572156825332,1.5,combined,,
15.0,30.0,2.6101572156825332,1.5625,arca,,
15.0,30.0,2.6101572156825332,1.5625,orca,128.62692679597296,0.0
15.0,30.0,2.6101572156825332,1.5625,combined,,
15.0,30.0,2.6101572156825332,1.625,arca,,
15.0,30.0,2.6101572156825332,1.625,orca,75.36964184195564,0.0
15.0,30.0,2.6101572156825332,1.625,combined,,
15.0,30.0,2.6101572156825332,1.6875,arca,,
15.0,30.0,2.6101572156825332,1.6875,orca,68.01075390857758,0.0
15.0,30.0,2.6101572156825332,1.6875,combined,,
15.0,30.0,2.6101572156825332,1.75,arca,,
15.0,30.0,2.6101572156825332,1.75,orca,60.68946894689469,0.0
15.0,30.0,2.6101572156825332,1.75,combined,,
15.0,30.0,2.6101572156825332,1.8125,arca,73672.01498217987,0.0
15.0,30.0,2.6101572156825332,1.8125,orca,62.10052341208092,0.0
15.0,30.0,2.6101572156825332,1.8125,combined,67618.60745000193,0.0
15.0,30.0,2.6101572156825332,1.875,arca,16030.140557336948,0.0
15.0,30.0,2.6101572156825332,1.875,orca,53.50950023508587,0.0
15.0,30.0,2.6101572156825332,1.875,combined,14389.21576891204,0.0
15.0,30.0,2.6101572156825332,1.9375,arca,3508.914750613192,0.0
15.0,30.0,2.6101572156825332,1.9375,orca,56.241427183118155,0.0
15.0,30.0,2.6101572156825332,1.9375,combined,3274.0246599193397,0.0
15.0,30.0,2.6101572156825332,2.0,arca,863.2292901995332,0.0
15.0,30.0,2.6101572156825332,2.0,orca,56.731935250597985,0.0
15.0,30.0,2.6101572156825332,2.0,combined,761.6116736574703,0.0
15.0,30.0,2.6101572156825332,2.0625,arca,212.43582419394738,0.0
15.0,30.0,2.6101572156825332,2.0625,orca,58.386812402164054,0.0
15.0,30.0,2.6101572156825332,2.0625,combined,195.03487671809967,0.0
15.0,30.0,2.6101572156825332,2.125,arca,81.48925357087498,0.0
15.0,30.0,2.6101572156825332,2.125,orca,61.214057420711896,0.0
15.0,30.0,2.6101572156825332,2.125,combined,81.21419802335818,0.0
15.0,30.0,2.6101572156825332,2.1875,arca,62.493505979512015,0.0
15.0,30.0,2.6101572156825332,2.1875,orca,59.03986813639641,0.0
15.0,30.0,2.6101572156825332,2.1875,combined,76.34531168243777,0.0
15.0,30.0,2.6101572156825332,2.25,arca,59.991030798654634,0.0
15.0,30.0,2.6101572156825332,2.25,orca,57.79977634591832,0.0
15.0,30.0,2.6101572156825332,2.25,combined,58.55350995138817,0.0
15.0,30.0,2.6101572156825332,2.3125,arca,73.61294492405708,0.0
15.0,30.0,2.6101572156825332,2.3125,orca,56.71393007901288,0.0
15.0,30.0,2.6101572156825332,2.3125,combined,60.26055421238609,0.0
15.0,30.0,2.6101572156825332,2.375,arca,59.047385895673216,0.0
15.0,30.0,2.6101572156825332,2.375,orca,60.523640726400174,0.0
15.0,30.0,2.6101572156825332,2.375,combined,65.73616679083737,0.0
15.0,30.0,2.6101572156825332,2.4375,arca,66.85808336053117,0.0
15.0,30.0,2.6101572156825332,2.4375,orca,63.973927199654064,0.0
15.0,30.0,2.6101572156825332,2.4375,combined,62.01744790822535,0.0
15.0,30.0,2.6101572156825332,2.5,arca,55.00056707845794,0.0
15.0,30.0,2.6101572156825332,2.5,orca,59.518043816134046,0.0
15.0,30.0,2.6101572156825332,2.5,combined,63.3491743858236,0.0
15.0,30.0,2.6101572156825332,2.5625,arca,55.17993088712444,0.0
15.0,30.0,2.6101572156825332,2.5625,orca,73.47661055743646,0.0
15.0,30.0,2.6101572156825332,2.5625,combined,58.18063587171091,0.0
15.0,30.0,2.6101572156825332,2.625,arca,61.269818083496276,0.0
15.0,30.0,2.6101572156825332,2.625,orca,59.00915285673963,0.0
15.0,30.0,2.6101572156825332,2.625,combined,61.92985249356123,0.0
15.0,30.0,2.6101572156825332,2.6875,arca,68.69403737763275,0.0
15.0,30.0,2.6101572156825332,2.6875,orca,57.166109012412306,0.0
15.0,30.0,2.6101572156825332,2.6875,combined,58.202090009753384,0.0
15.0,30.0,2.6101572156825332,2.75,arca,54.82607320215777,0.0
15.0,30.0,2.6101572156825332,2.75,orca,59.17918919580163,0.0
15.0,30.0,2.6101572156825332,2.75,combined,57.49720530286215,0.0
15.0,30.0,2.6101572156825332,2.8125,arca,67.32936982528277,0.0
15.0,30.0,2.6101572156825332,2.8125,orca,57.26212222813144,0.0
15.0,30.0,2.6101572156825332,2.8125,combined,78.84097825485532,0.0
15.0,30.0,2.6101572156825332,2.875,arca,73.1595767474824,0.0
15.0,30.0,2.6101572156825332,2.875,orca,62.582535859210566,0.0
15.0,30.0,2.6101572156825332,2.875,combined,57.675680633825024,0.0
15.0,30.0,2.6101572156825332,2.9375,arca,59.127529697161464,0.0
15.0,30.0,2.6101572156825332,2.9375,orca,57.25228994685061,0.0
15.0,30.0,2.6101572156825332,2.9375,combined,56.8461756277679,0.0
15.0,30.0,2.6101572156825332,3.0,arca,72.72472968167631,0.0
15.0,30.0,2.6101572156825332,3.0,orca,55.43790352468449,0.0
15.0,30.0,2.6101572156825332,3.0,combined,86.57146008426531,0.0
15.0,30.0,7.498942093324558,1.5,arca,,
15.0,30.0,7.498942093324558,1.5,orca,850.4449486641331,0.0
15.0,30.0,7.498942093324558,1.5,combined,,
15.0,30.0,7.498942093324558,1.5625,arca,,
15.0,30.0,7.498942093324558,1.5625,orca,375.17189801699726,0.0
15.0,30.0,7.498942093324558,1.5625,combined,,
15.0,30.0,7.498942093324558,1.625,arca,,
15.0,30.0,7.498942093324558,1.625,orca,202.40906778223757,0.0
15.0,30.0,7.498942093324558,1.625,combined,,
15.0,30.0,7.498942093324558,1.6875,arca,,
15.0,30.0,7.498942093324558,1.6875,orca,86.59556208006325,0.0
15.0,30.0,7.498942093324558,1.6875,combined,,
15.0,30.0,7.498942093324558,1.75,arca,,
15.0,30.0,7.498942093324558,1.75,orca,77.75361907465228,0.0
15.0,30.0,7.498942093324558,1.75,combined,,
15.0,30.0,7.498942093324558,1.8125,arca,,
15.0,30.0,7.498942093324558,1.8125,orca,72.35088665058873,0.0
15.0,30.0,7.498942093324558,1.8125,combined,,
15.0,30.0,7.498942093324558,1.875,arca,133587.6143668302,0.0
15.0,30.0,7.498942093324558,1.875,orca,61.13561639932762,0.0
15.0,30.0,7.498942093324558,1.875,combined,121029.43346727248,0.0
15.0,30.0,7.498942093324558,1.9375,arca,30298.335190632337,0.0
15.0,30.0,7.498942093324558,1.9375,orca,57.60251798561152,0.0
15.0,30.0,7.498942093324558,1.9375,combined,27178.86191510284,0.0
15.0,30.0,7.498942093324558,2.0,arca,6872.044439160359,0.0
15.0,30.0,7.498942093324558,2.0,orca,62.38835358190198,0.0
15.0,30.0,7.498942093324558,2.0,combined,6397.154265661307,0.0
15.0,30.0,7.498942093324558,2.0625,arca,1699.6274790667585,0.0
15.0,30.0,7.498942093324558,2.0625,orca,54.630136986301366,0.0
15.0,30.0,7.498942093324558,2.0625,combined,1674.0812696156804,0.0
15.0,30.0,7.498942093324558,2.125,arca,471.22949456828326,0.0
15.0,30.0,7.498942093324558,2.125,orca,58.07019498607244,0.0
15.0,30.0,7.498942093324558,2.125,combined,450.74109978717047,0.0
15.0,30.0,7.498942093324558,2.1875,arca,147.22677304555185,0.0
15.0,30.0,7.498942093324558,2.1875,orca,61.96623549289532,0.0
15.0,30.0,7.498942093324558,2.1875,combined,123.29716533337276,0.0
15.0,30.0,7.498942093324558,2.25,arca,64.5266856387241,0.0
15.0,30.0,7.498942093324558,2.25,orca,68.23747980613891,0.0
15.0,30.0,7.498942093324558,2.25,combined,65.0010407050924,0.0
15.0,30.0,7.498942093324558,2.3125,arca,64.2173740997705,0.0
15.0,30.0,7.498942093324558,2.3125,orca,58.20169297521761,0.0
15.0,30.0,7.498942093324558,2.3125,combined,59.357411782728335,0.0
15.0,30.0,7.498942093324558,2.375,arca,72.62989469379407,0.0
15.0,30.0,7.498942093324558,2.375,orca,59.32204524160085,0.0
15.0,30.0,7.498942093324558,2.375,combined,58.80020985371961,0.0
15.0,30.0,7.498942093324558,2.4375,arca,61.850051112943106,0.0
15.0,30.0,7.498942093324558,2.4375,orca,65.53303379471942,0.0
15.0,30.0,7.498942093324558,2.4375,combined,65.00776791097634,0.0
15.0,30.0,7.498942093324558,2.5,arca,61.8135279083189,0.0
15.0,30.0,7.498942093324558,2.5,orca,63.511535401750194,0.0
15.0,30.0,7.498942093324558,2.5,combined,58.38021208748752,0.0
15.0,30.0,7.498942093324558,2.5625,arca,59.29054807077242,0.0
15.0,30.0,7.498942093324558,2.5625,orca,64.57711774436463,0.0
15.0,30.0,7.498942093324558,2.5625,combined,60.52488451171349,0.0
15.0,30.0,7.498942093324558,2.625,arca,61.1977579214613,0.0
15.0,30.0,7.498942093324558,2.625,orca,62.58547194432361,0.0
15.0,30.0,7.498942093324558,2.625,combined,55.42531308537835,0.0
15.0,30.0,7.498942093324558,2.6875,arca,69.97367466582257,0.0
15.0,30.0,7.498942093324558,2.6875,orca,58.464295259615625,0.0
15.0,30.0,7.498942093324558,2.6875,combined,58.677106259733236,0.0
15.0,30.0,7.498942093324558,2.75,arca,57.886179290697825,0.0
15.0,30.0,7.498942093324558,2.75,orca,57.46495143082174,0.0
15.0,30.0,7.498942093324558,2.75,combined,59.096867831841344,0.0
15.0,30.0,7.498942093324558,2.8125,arca,59.32979400236688,0.0
15.0,30.0,7.498942093324558,2.8125,orca,55.18161419884668,0.0
15.0,30.0,7.498942093324558,2.8125,combined,62.14146520873591,0.0
15.0,30.0,7.498942093324558,2.875,arca,57.54194807292336,0.0
15.0,30.0,7.498942093324558,2.875,orca,58.34951906362268,0.0
15.0,30.0,7.498942093324558,2.875,combined,64.21963766430983,0.0
15.0,30.0,7.498942093324558,2.9375,arca,56.78196787228011,0.0
15.0,30.0,7.498942093324558,2.9375,orca,59.869557157092196,0.0
15.0,30.0,7.498942093324558,2.9375,combined,57.32530870244139,0.0
15.0,30.0,7.498942093324558,3.0,arca,63.35102016595623,0.0
15.0,30.0,7.498942093324558,3.0,orca,55.30907412393737,0.0
15.0,30.0,7.498942093324558,3.0,combined,60.06359939690227,0.0
15.0,30.0,21.54434690031882,1.5,arca,,
15.0,30.0,21.54434690031882,1.5,orca,,
15.0,30.0,21.54434690031882,1.5,combined,,
15.0,30.0,21.54434690031882,1.5625,arca,,
15.0,30.0,21.54434690031882,1.5625,orca,,
15.0,30.0,21.54434690031882,1.5625,combined,,
15.0,30.0,21.54434690031882,1.625,arca,,
15.0,30.0,21.54434690031882,1.625,orca,1052.1136030654795,0.0
15.0,30.0,21.54434690031882,1.625,combined,,
15.0,30.0,21.54434690031882,1.6875,arca,,
15.0,30.0,21.54434690031882,1.6875,orca,453.19731528354487,0.0
15.0,30.0,21.54434690031882,1.6875,combined,,
15.0,30.0,21.54434690031882,1.75,arca,,
15.0,30.0,21.54434690031882,1.75,orca,178.78076379066476,0.0
15.0,30.0,21.54434690031882,1.75,combined,,
15.0,30.0,21.54434690031882,1.8125,arca,,
15.0,30.0,21.54434690031882,1.8125,orca,108.28431984563872,0.0
15.0,30.0,21.54434690031882,1.8125,combined,,
15.0,30.0,21.54434690031882,1.875,arca,,
15.0,30.0,21.54434690031882,1.875,orca,99.17786729454484,0.0
15.0,30.0,21.54434690031882,1.875,combined,,
15.0,30.0,21.54434690031882,1.9375,arca,251334.07778870355,0.0
15.0,30.0,21.54434690031882,1.9375,orca,57.15866741953698,0.0
15.0,30.0,21.54434690031882,1.9375,combined,226422.40376109502,0.0
15.0,30.0,21.54434690031882,2.0,arca,59158.777500107724,0.0
15.0,30.0,21.54434690031882,2.0,orca,64.14848510614178,0.0
15.0,30.0,21.54434690031882,2.0,combined,53511.38232625929,0.0
15.0,30.0,21.54434690031882,2.0625,arca,13980.04975915524,0.0
15.0,30.0,21.54434690031882,2.0625,orca,54.50923317683882,0.0
15.0,30.0,21.54434690031882,2.0625,combined,13061.868510705168,0.0
15.0,30.0,21.54434690031882,2.125,arca,3424.5283162785167,0.0
15.0,30.0,21.54434690031882,2.125,orca,53.20009628182257,0.0
15.0,30.0,21.54434690031882,2.125,combined,3378.846756507314,0.0
15.0,30.0,21.54434690031882,2.1875,arca,942.9167975296587,0.0
15.0,30.0,21.54434690031882,2.1875,orca,50.87720223066893,0.0
15.0,30.0,21.54434690031882,2.1875,combined,895.3857431164928,0.0
15.0,30.0,21.54434690031882,2.25,arca,263.22763932641715,0.0
15.0,30.0,21.54434690031882,2.25,orca,55.72173840460755,0.0
15.0,30.0,21.54434690031882,2.25,combined,239.38612538692817,0.0
15.0,30.0,21.54434690031882,2.3125,arca,107.5872563569803,0.0
15.0,30.0,21.54434690031882,2.3125,orca,63.875066335223295,0.0
15.0,30.0,21.54434690031882,2.3125,combined,113.97960754591854,0.0
15.0,30.0,21.54434690031882,2.375,arca,56.67874950534231,0.0
15.0,30.0,21.54434690031882,2.375,orca,62.420997950186724,0.0
15.0,30.0,21.54434690031882,2.375,combined,59.10387825175012,0.0
15.0,30.0,21.54434690031882,2.4375,arca,62.06970378529546,0.0
15.0,30.0,21.54434690031882,2.4375,orca,64.30520841624877,0.0
15.0,30.0,21.54434690031882,2.4375,combined,59.221730855185854,0.0
15.0,30.0,21.54434690031882,2.5,arca,62.84073393769313,0.0
15.0,30.0,21.54434690031882,2.5,orca,60.75030964839109,0.0
15.0,30.0,21.54434690031882,2.5,combined,65.24502123587821,0.0
15.0,30.0,21.54434690031882,2.5625,arca,60.688129177341864,0.0
15.0,30.0,21.54434690031882,2.5625,orca,59.87107370149866,0.0
15.0,30.0,21.54434690031882,2.5625,combined,58.80660903431386,0.0
15.0,30.0,21.54434690031882,2.625,arca,58.20660219655579,0.0
15.0,30.0,21.54434690031882,2.625,orca,58.351520379555744,0.0
15.0,30.0,21.54434690031882,2.625,combined,62.00095934483767,0.0
15.0,30.0,21.54434690031882,2.6875,arca,58.99775782535438,0.0
15.0,30.0,21.54434690031882,2.6875,orca,65.02522475570032,0.0
15.0,30.0,21.54434690031882,2.6875,combined,60.33607981337171,0.0
15.0,30.0,21.54434690031882,2.75,arca,57.65858636482034,0.0
15.0,30.0,21.54434690031882,2.75,orca,61.46734470875009,0.0
15.0,30.0,21.54434690031882,2.75,combined,63.601782062603974,0.0
15.0,30.0,21.54434690031882,2.8125,arca,58.58229004210535,0.0
15.0,30.0,21.54434690031882,2.8125,orca,53.984866278168,0.0
15.0,30.0,21.54434690031882,2.8125,combined,61.58460443419589,0.0
15.0,30.0,21.54434690031882,2.875,arca,67.5515210667581,0.0
15.0,30.0,21.54434690031882,2.875,orca,57.88317719160885,0.0
15.0,30.0,21.54434690031882,2.875,combined,68.4745248070106,0.0
15.0,30.0,21.54434690031882,2.9375,arca,61.28749567253005,0.0
15.0,30.0,21.54434690031882,2.9375,orca,59.6424151909537,0.0
15.0,30.0,21.54434690031882,2.9375,combined,60.26042026405972,0.0
15.0,30.0,21.54434690031882,3.0,arca,71.98326486743113,0.0
15.0,30.0,21.54434690031882,3.0,orca,58.91574729531188,0.0
15.0,30.0,21.54434690031882,3.0,combined,60.41832457366019,0.0
15.0,30.0,61.896581889125976,1.5,arca,,
15.0,30.0,61.896581889125976,1.5,orca,,
15.0,30.0,61.896581889125976,1.5,combined,,
15.0,30.0,61.896581889125976,1.5625,arca,,
15.0,30.0,61.896581889125976,1.5625,orca,,
15.0,30.0,61.896581889125976,1.5625,combined,,
15.0,30.0,61.896581889125976,1.625,arca,,
15.0,30.0,61.896581889125976,1.625,orca,,
15.0,30.0,61.896581889125976,1.625,combined,,
15.0,30.0,61.896581889125976,1.6875,arca,,
15.0,30.0,61.896581889125976,1.6875,orca,,
15.0,30.0,61.896581889125976,1.6875,combined,,
15.0,30.0,61.896581889125976,1.75,arca,,
15.0,30.0,61.896581889125976,1.75,orca,1221.5937659393594,0.0
15.0,30.0,61.896581889125976,1.75,combined,,
15.0,30.0,61.896581889125976,1.8125,arca,,
15.0,30.0,61.896581889125976,1.8125,orca,500.7271721555612,0.0
15.0,30.0,61.896581889125976,1.8125,combined,,
15.0,30.0,61.896581889125976,1.875,arca,,
15.0,30.0,61.896581889125976,1.875,orca,239.91370356707063,0.0
15.0,30.0,61.896581889125976,1.875,combined,,
15.0,30.0,61.896581889125976,1.9375,arca,,
15.0,30.0,61.896581889125976,1.9375,orca,112.70940414729455,0.0
15.0,30.0,61.896581889125976,1.9375,combined,,
15.0,30.0,61.896581889125976,2.0,arca,,
15.0,30.0,61.896581889125976,2.0,orca,64.39986364411112,0.0
15.0,30.0,61.896581889125976,2.0,combined,,
15.0,30.0,61.896581889125976,2.0625,arca,120072.26590964192,0.0
15.0,30.0,61.896581889125976,2.0625,orca,70.54745844034886,0.0
15.0,30.0,61.896581889125976,2.0625,combined,106683.61362442074,0.0
15.0,30.0,61.896581889125976,2.125,arca,29943.784754921264,0.0
15.0,30.0,61.896581889125976,2.125,orca,62.350287583173575,0.0
15.0,30.0,61.896581889125976,2.125,combined,27489.87179685501,0.0
15.0,30.0,61.896581889125976,2.1875,arca,8063.601087082225,0.0
15.0,30.0,61.896581889125976,2.1875,orca,51.01842187811903,0.0
15.0,30.0,61.896581889125976,2.1875,combined,7443.993352957934,0.0
15.0,30.0,61.896581889125976,2.25,arca,2107.513188593756,0.0
15.0,30.0,61.896581889125976,2.25,orca,56.3014459257589,0.0
15.0,30.0,61.896581889125976,2.25,combined,2031.7639187150585,0.0
15.0,30.0,61.896581889125976,2.3125,arca,578.1373603531671,0.0
15.0,30.0,61.896581889125976,2.3125,orca,62.88066184665506,0.0
15.0,30.0,61.896581889125976,2.3125,combined,562.6907243417774,0.0
15.0,30.0,61.896581889125976,2.375,arca,200.85653590890502,0.0
15.0,30.0,61.896581889125976,2.375,orca,63.88336520076482,0.0
15.0,30.0,61.896581889125976,2.375,combined,200.0496593686927,0.0
15.0,30.0,61.896581889125976,2.4375,arca,76.4296560139837,0.0
15.0,30.0,61.896581889125976,2.4375,orca,54.80573418325798,0.0
15.0,30.0,61.896581889125976,2.4375,combined,93.87854935262172,0.0
15.0,30.0,61.896581889125976,2.5,arca,71.77084178482261,0.0
15.0,30.0,61.896581889125976,2.5,orca,55.02872803935347,0.0
15.0,30.0,61.896581889125976,2.5,combined,67.5530099177366,0.0
15.0,30.0,61.896581889125976,2.5625,arca,62.85785188287553,0.0
15.0,30.0,61.896581889125976,2.5625,orca,63.44492990072726,0.0
15.0,30.0,61.896581889125976,2.5625,combined,59.26344146368841,0.0
15.0,30.0,61.896581889125976,2.625,arca,59.57889390891404,0.0
15.0,30.0,61.896581889125976,2.625,orca,63.18903124297595,0.0
15.0,30.0,61.896581889125976,2.625,combined,54.57133172887638,0.0
15.0,30.0,61.896581889125976,2.6875,arca,58.37947860720138,0.0
15.0,30.0,61.896581889125976,2.6875,orca,56.14284285285586,0.0
15.0,30.0,61.896581889125976,2.6875,combined,62.94838421164121,0.0
15.0,30.0,61.896581889125976,2.75,arca,68.85844250483893,0.0
15.0,30.0,61.896581889125976,2.75,orca,71.88578781206061,0.0
15.0,30.0,61.896581889125976,2.75,combined,61.557328062869104,0.0
15.0,30.0,61.896581889125976,2.8125,arca,56.85838630548888,0.0
15.0,30.0,61.896581889125976,2.8125,orca,61.50149548752895,0.0
15.0,30.0,61.896581889125976,2.8125,combined,72.97271709314106,0.0
15.0,30.0,61.896581889125976,2.875,arca,63.09475266718536,0.0
15.0,30.0,61.896581889125976,2.875,orca,62.83653898249986,0.0
15.0,30.0,61.896581889125976,2.875,combined,70.79559519207217,0.0
15.0,30.0,61.896581889125976,2.9375,arca,62.26978788508272,0.0
15.0,30.0,61.896581889125976,2.9375,orca,56.952820789013074,0.0
15.0,30.0,61.896581889125976,2.9375,combined,58.31198291021964,0.0
15.0,30.0,61.896581889125976,3.0,arca,56.04318159343377,0.0
15.0,30.0,61.896581889125976,3.0,orca,60.29944767512592,0.0
15.0,30.0,61.896581889125976,3.0,combined,58.46306253309018,0.0
15.0,30.0,177.82794100389228,1.5,arca,,
15.0,30.0,177.82794100389228,1.5,orca,,
15.0,30.0,177.82794100389228,1.5,combined,,
15.0,30.0,177.82794100389228,1.5625,arca,,
15.0,30.0,177.82794100389228,1.5625,orca,,
15.0,30.0,177.82794100389228,1.5625,combined,,
15.0,30.0,177.82794100389228,1.625,arca,,
15.0,30.0,177.82794100389228,1.625,orca,,
15.0,30.0,177.82794100389228,1.625,combined,,
15.0,30.0,177.82794100389228,1.6875,arca,,
15.0,30.0,177.82794100389228,1.6875,orca,,
15.0,30.0,177.82794100389228,1.6875,combined,,
15.0,30.0,177.82794100389228,1.75,arca,,
15.0,30.0,177.82794100389228,1.75,orca,,
15.0,30.0,177.82794100389228,1.75,combined,,
15.0,30.0,177.82794100389228,1.8125,arca,,
15.0,30.0,177.82794100389228,1.8125,orca,,
15.0,30.0,177.82794100389228,1.8125,combined,,
15.0,30.0,177.82794100389228,1.875,arca,,
15.0,30.0,177.82794100389228,1.875,orca,1450.6371942568526,0.0
15.0,30.0,177.82794100389228,1.875,combined,,
15.0,30.0,177.82794100389228,1.9375,arca,,
15.0,30.0,177.82794100389228,1.9375,orca,587.6407110808202,0.0
15.0,30.0,177.82794100389228,1.9375,combined,,
15.0,30.0,177.82794100389228,2.0,arca,,
15.0,30.0,177.82794100389228,2.0,orca,290.09245380170483,0.0
15.0,30.0,177.82794100389228,2.0,combined,,
15.0,30.0,177.82794100389228,2.0625,arca,,
15.0,30.0,177.82794100389228,2.0625,orca,167.88009267107415,0.0
15.0,30.0,177.82794100389228,2.0625,combined,,
15.0,30.0,177.82794100389228,2.125,arca,251573.13311511913,0.0
15.0,30.0,177.82794100389228,2.125,orca,132.59377219649406,0.0
15.0,30.0,177.82794100389228,2.125,combined,229369.61540673036,0.0
15.0,30.0,177.82794100389228,2.1875,arca,67861.16328803817,0.0
15.0,30.0,177.82794100389228,2.1875,orca,86.107997265892,0.0
15.0,30.0,177.82794100389228,2.1875,combined,60285.88178752057,0.0
15.0,30.0,177.82794100389228,2.25,arca,18476.922117257276,0.0
15.0,30.0,177.82794100389228,2.25,orca,61.7117076471915,0.0
15.0,30.0,177.82794100389228,2.25,combined,16289.149212464992,0.0
15.0,30.0,177.82794100389228,2.3125,arca,5157.395324032032,0.0
15.0,30.0,177.82794100389228,2.3125,orca,54.56553821889257,0.0
15.0,30.0,177.82794100389228,2.3125,combined,4518.466661525044,0.0
15.0,30.0,177.82794100389228,2.375,arca,1628.558937669949,0.0
15.0,30.0,177.82794100389228,2.375,orca,62.28498438830542,0.0
15.0,30.0,177.82794100389228,2.375,combined,1322.7324363970424,0.0
15.0,30.0,177.82794100389228,2.4375,arca,451.5038418776207,0.0
15.0,30.0,177.82794100389228,2.4375,orca,55.79022713182665,0.0
15.0,30.0,177.82794100389228,2.4375,combined,433.40405358514516,0.0
15.0,30.0,177.82794100389228,2.5,arca,159.4508847441416,0.0
15.0,30.0,177.82794100389228,2.5,orca,53.93764562298901,0.0
15.0,30.0,177.82794100389228,2.5,combined,147.7507209986794,0.0
15.0,30.0,177.82794100389228,2.5625,arca,89.42011358164753,0.0
15.0,30.0,177.82794100389228,2.5625,orca,56.1987653634392,0.0
15.0,30.0,177.82794100389228,2.5625,combined,64.0630040800835,0.0
15.0,30.0,177.82794100389228,2.625,arca,73.24058960280951,0.0
15.0,30.0,177.82794100389228,2.625,orca,59.33672982456142,0.0
15.0,30.0,177.82794100389228,2.625,combined,58.739920536702925,0.0
15.0,30.0,177.82794100389228,2.6875,arca,57.33104235236695,0.0
15.0,30.0,177.82794100389228,2.6875,orca,53.34772019258002,0.0
15.0,30.0,177.82794100389228,2.6875,combined,62.07258250293862,0.0
15.0,30.0,177.82794100389228,2.75,arca,61.62809710217098,0.0
15.0,30.0,177.82794100389228,2.75,orca,58.08919190790209,0.0
15.0,30.0,177.82794100389228,2.75,combined,66.48711622402513,0.0
15.0,30.0,177.82794100389228,2.8125,arca,55.502184803004965,0.0
15.0,30.0,177.82794100389228,2.8125,orca,59.53796409856171,0.0
15.0,30.0,177.82794100389228,2.8125,combined,66.65738253646845,0.0
15.0,30.0,177.82794100389228,2.875,arca,68.62019581139057,0.0
15.0,30.0,177.82794100389228,2.875,orca,60.190631895153786,0.0
15.0,30.0,177.82794100389228,2.875,combined,73.80792961170067,0.0
15.0,30.0,177.82794100389228,2.9375,arca,60.65854575308862,0.0
15.0,30.0,177.82794100389228,2.9375,orca,70.84536717265011,0.0
15.0,30.0,177.82794100389228,2.9375,combined,65.08867146056821,0.0
15.0,30.0,177.82794100389228,3.0,arca,65.77492539282122,0.0
15.0,30.0,177.82794100389228,3.0,orca,71.13226208616153,0.0
15.0,30.0,177.82794100389228,3.0,combined,64.9996640270193,0.0
15.0,30.0,510.8969774506914,1.5,arca,,
15.0,30.0,510.8969774506914,1.5,orca,,
15.0,30.0,510.8969774506914,1.5,combined,,
15.0,30.0,510.8969774506914,1.5625,arca,,
15.0,30.0,510.8969774506914,1.5625,orca,,
15.0,30.0,510.8969774506914,1.5625,combined,,
15.0,30.0,510.8969774506914,1.625,arca,,
15.0,30.0,510.8969774506914,1.625,orca,,
15.0,30.0,510.8969774506914,1.625,combined,,
15.0,30.0,510.8969774506914,1.6875,arca,,
15.0,30.0,510.8969774506914,1.6875,orca,,
15.0,30.0,510.8969774506914,1.6875,combined,,
15.0,30.0,510.8969774506914,1.75,arca,,
15.0,30.0,510.8969774506914,1.75,orca,,
15.0,30.0,510.8969774506914,1.75,combined,,
15.0,30.0,510.8969774506914,1.8125,arca,,
15.0,30.0,510.8969774506914,1.8125,orca,,
15.0,30.0,510.8969774506914,1.8125,combined,,
15.0,30.0,510.8969774506914,1.875,arca,,
15.0,30.0,510.8969774506914,1.875,orca,,
15.0,30.0,510.8969774506914,1.875,combined,,
15.0,30.0,510.8969774506914,1.9375,arca,,
15.0,30.0,510.8969774506914,1.9375,orca,,
15.0,30.0,510.8969774506914,1.9375,combined,,
15.0,30.0,510.8969774506914,2.0,arca,,
15.0,30.0,510.8969774506914,2.0,orca,1852.9060528028524,0.0
15.0,30.0,510.8969774506914,2.0,combined,,
15.0,30.0,510.8969774506914,2.0625,arca,,
15.0,30.0,510.8969774506914,2.0625,orca,841.22865224155,0.0
15.0,30.0,510.8969774506914,2.0625,combined,,
15.0,30.0,510.8969774506914,2.125,arca,,
15.0,30.0,510.8969774506914,2.125,orca,396.92807503248775,0.0
15.0,30.0,510.8969774506914,2.125,combined,,
15.0,30.0,510.8969774506914,2.1875,arca,,
15.0,30.0,510.8969774506914,2.1875,orca,191.43552456274622,0.0
15.0,30.0,510.8969774506914,2.1875,combined,,
15.0,30.0,510.8969774506914,2.25,arca,153635.6686787636,0.0
15.0,30.0,510.8969774506914,2.25,orca,111.7816693199909,0.0
15.0,30.0,510.8969774506914,2.25,combined,140485.12226192324,0.0
15.0,30.0,510.8969774506914,2.3125,arca,42663.394772315514,0.0
15.0,30.0,510.8969774506914,2.3125,orca,61.02036147334706,0.0
15.0,30.0,510.8969774506914,2.3125,combined,39291.45961387388,0.0
15.0,30.0,510.8969774506914,2.375,arca,12456.871854439225,0.0
15.0,30.0,510.8969774506914,2.375,orca,58.83731019522777,0.0
15.0,30.0,510.8969774506914,2.375,combined,11320.919407430307,0.0
15.0,30.0,510.8969774506914,2.4375,arca,3715.299390837805,0.0
15.0,30.0,510.8969774506914,2.4375,orca,53.971978585260274,0.0
15.0,30.0,510.8969774506914,2.4375,combined,3695.2853656074253,0.0
15.0,30.0,510.8969774506914,2.5,arca,1119.6981401058645,0.0
15.0,30.0,510.8969774506914,2.5,orca,70.91577574227942,0.0
15.0,30.0,510.8969774506914,2.5,combined,1092.820707580199,0.0
15.0,30.0,510.8969774506914,2.5625,arca,391.13187980341064,0.0
15.0,30.0,510.8969774506914,2.5625,orca,54.64014054813772,0.0
15.0,30.0,510.8969774506914,2.5625,combined,332.1671092564492,0.0
15.0,30.0,510.8969774506914,2.625,arca,131.4158165705258,0.0
15.0,30.0,510.8969774506914,2.625,orca,61.01480980938705,0.0
15.0,30.0,510.8969774506914,2.625,combined,124.52859828022555,0.0
15.0,30.0,510.8969774506914,2.6875,arca,72.32172433239998,0.0
15.0,30.0,510.8969774506914,2.6875,orca,54.1058975947727,0.0
15.0,30.0,510.8969774506914,2.6875,combined,61.14780428380503,0.0
15.0,30.0,510.8969774506914,2.75,arca,60.81450894771212,0.0
15.0,30.0,510.8969774506914,2.75,orca,64.33496429892188,0.0
15.0,30.0,510.8969774506914,2.75,combined,55.88330254883765,0.0
15.0,30.0,510.8969774506914,2.8125,arca,55.32349411097483,0.0
15.0,30.0,510.8969774506914,2.8125,orca,55.88497835017209,0.0
15.0,30.0,510.8969774506914,2.8125,combined,64.00710308966613,0.0
15.0,30.0,510.8969774506914,2.875,arca,62.33883817865245,0.0
15.0,30.0,510.8969774506914,2.875,orca,68.35172723194259,0.0
15.0,30.0,510.8969774506914,2.875,combined,74.27484395944421,0.0
15.0,30.0,510.8969774506914,2.9375,arca,59.752603565516196,0.0
15.0,30.0,510.8969774506914,2.9375,orca,59.50316325692219,0.0
15.0,30.0,510.8969774506914,2.9375,combined,64.61938271239605,0.0
15.0,30.0,510.8969774506914,3.0,arca,56.11777526452366,0.0
15.0,30.0,510.8969774506914,3.0,orca,56.31205496910758,0.0
15.0,30.0,510.8969774506914,3.0,combined,61.40134607316539,0.0
15.0,30.0,1467.7992676220676,1.5,arca,,
15.0,30.0,1467.7992676220676,1.5,orca,,
15.0,30.0,1467.7992676220676,1.5,combined,,
15.0,30.0,1467.7992676220676,1.5625,arca,,
15.0,30.0,1467.7992676220676,1.5625,orca,,
15.0,30.0,1467.7992676220676,1.5625,combined,,
15.0,30.0,1467.7992676220676,1.625,arca,,
15.0,30.0,1467.7992676220676,1.625,orca,,
15.0,30.0,1467.7992676220676,1.625,combined,,
15.0,30.0,1467.7992676220676,1.6875,arca,,
15.0,30.0,1467.7992676220676,1.6875,orca,,
15.0,30.0,1467.7992676220676,1.6875,combined,,
15.0,30.0,1467.7992676220676,1.75,arca,,
15.0,30.0,1467.7992676220676,1.75,orca,,
15.0,30.0,1467.7992676220676,1.75,combined,,
15.0,30.0,1467.7992676220676,1.8125,arca,,
15.0,30.0,1467.7992676220676,1.8125,orca,,
15.0,30.0,1467.7992676220676,1.8125,combined,,
15.0,30.0,1467.7992676220676,1.875,arca,,
15.0,30.0,1467.7992676220676,1.875,orca,,
15.0,30.0,1467.7992676220676,1.875,combined,,
15.0,30.0,1467.7992676220676,1.9375,arca,,
15.0,30.0,1467.7992676220676,1.9375,orca,,
15.0,30.0,1467.7992676220676,1.9375,combined,,
15.0,30.0,1467.7992676220676,2.0,arca,,
15.0,30.0,1467.7992676220676,2.0,orca,,
15.0,30.0,1467.7992676220676,2.0,combined,,
15.0,30.0,1467.7992676220676,2.0625,arca,,
15.0,30.0,1467.7992676220676,2.0625,orca,,
15.0,30.0,1467.7992676220676,2.0625,combined,,
15.0,30.0,1467.7992676220676,2.125,arca,,
15.0,30.0,1467.7992676220676,2.125,orca,2508.1467948897157,0.0
15.0,30.0,1467.7992676220676,2.125,combined,,
15.0,30.0,1467.7992676220676,2.1875,arca,,
15.0,30.0,1467.7992676220676,2.1875,orca,1125.5013719555316,0.0
15.0,30.0,1467.7992676220676,2.1875,combined,,
15.0,30.0,1467.7992676220676,2.25,arca,,
15.0,30.0,1467.7992676220676,2.25,orca,553.8757182078061,0.0
15.0,30.0,1467.7992676220676,2.25,combined,,
15.0,30.0,1467.7992676220676,2.3125,arca,,
15.0,30.0,1467.7992676220676,2.3125,orca,280.6306367937974,0.0
15.0,30.0,1467.7992676220676,2.3125,combined,,
15.0,30.0,1467.7992676220676,2.375,arca,103600.3827435979,0.0
15.0,30.0,1467.7992676220676,2.375,orca,181.62993692106605,0.0
15.0,30.0,1467.7992676220676,2.375,combined,95091.52532492895,0.0
15.0,30.0,1467.7992676220676,2.4375,arca,31058.97631185202,0.0
15.0,30.0,1467.7992676220676,2.4375,orca,103.5843515907602,0.0
15.0,30.0,1467.7992676220676,2.4375,combined,29029.659865664853,0.0
15.0,30.0,1467.7992676220676,2.5,arca,9757.850600466625,0.0
15.0,30.0,1467.7992676220676,2.5,orca,65.68827221859289,0.0
15.0,30.0,1467.7992676220676,2.5,combined,8933.395161961367,0.0
15.0,30.0,1467.7992676220676,2.5625,arca,3082.7743503063593,0.0
15.0,30.0,1467.7992676220676,2.5625,orca,77.2622059947355,0.0
15.0,30.0,1467.7992676220676,2.5625,combined,3087.80747336242,0.0
15.0,30.0,1467.7992676220676,2.625,arca,988.7811693582983,0.0
15.0,30.0,1467.7992676220676,2.625,orca,65.53441387322545,0.0
15.0,30.0,1467.7992676220676,2.625,combined,1131.1554563215182,0.0
15.0,30.0,1467.7992676220676,2.6875,arca,343.27925895136866,0.0
15.0,30.0,1467.7992676220676,2.6875,orca,60.00940421058615,0.0
15.0,30.0,1467.7992676220676,2.6875,combined,340.5670929362733,0.0
15.0,30.0,1467.7992676220676,2.75,arca,143.25478833055723,0.0
15.0,30.0,1467.7992676220676,2.75,orca,57.25927476760741,0.0
15.0,30.0,1467.7992676220676,2.75,combined,146.1691396591801,0.0
15.0,30.0,1467.7992676220676,2.8125,arca,62.40207885399217,0.0
15.0,30.0,1467.7992676220676,2.8125,orca,66.7781818181818,0.0
15.0,30.0,1467.7992676220676,2.8125,combined,89.76464587756652,0.0
15.0,30.0,1467.7992676220676,2.875,arca,64.45030886897557,0.0
15.0,30.0,1467.7992676220676,2.875,orca,54.664510709785795,0.0
15.0,30.0,1467.7992676220676,2.875,combined,69.77133034999852,0.0
15.0,30.0,1467.7992676220676,2.9375,arca,62.04715895413371,0.0
15.0,30.0,1467.7992676220676,2.9375,orca,74.88708220415539,0.0
15.0,30.0,1467.7992676220676,2.9375,combined,64.01515362322273,0.0
15.0,30.0,1467.7992676220676,3.0,arca,58.71241080025853,0.0
15.0,30.0,1467.7992676220676,3.0,orca,63.87936783702749,0.0
15.0,30.0,1467.7992676220676,3.0,combined,59.966835646941774,0.0
15.0,30.0,4216.965034285822,1.5,arca,,
15.0,30.0,4216.965034285822,1.5,orca,,
15.0,30.0,4216.965034285822,1.5,combined,,
15.0,30.0,4216.965034285822,1.5625,arca,,
15.0,30.0,4216.965034285822,1.5625,orca,,
15.0,30.0,4216.965034285822,1.5625,combined,,
15.0,30.0,4216.965034285822,1.625,arca,,
15.0,30.0,4216.965034285822,1.625,orca,,
15.0,30.0,4216.965034285822,1.625,combined,,
15.0,30.0,4216.965034285822,1.6875,arca,,
15.0,30.0,4216.965034285822,1.6875,orca,,
15.0,30.0,4216.965034285822,1.6875,combined,,
15.0,30.0,4216.965034285822,1.75,arca,,
15.0,30.0,4216.965034285822,1.75,orca,,
15.0,30.0,4216.965034285822,1.75,combined,,
15.0,30.0,4216.965034285822,1.8125,arca,,
15.0,30.0,4216.965034285822,1.8125,orca,,
15.0,30.0,4216.965034285822,1.8125,combined,,
15.0,30.0,4216.965034285822,1.875,arca,,
15.0,30.0,4216.965034285822,1.875,orca,,
15.0,30.0,4216.965034285822,1.875,combined,,
15.0,30.0,4216.965034285822,1.9375,arca,,
15.0,30.0,4216.965034285822,1.9375,orca,,
15.0,30.0,4216.965034285822,1.9375,combined,,
15.0,30.0,4216.965034285822,2.0,arca,,
15.0,30.0,4216.965034285822,2.0,orca,,
15.0,30.0,4216.965034285822,2.0,combined,,
15.0,30.0,4216.965034285822,2.0625,arca,,
15.0,30.0,4216.965034285822,2.0625,orca,,
15.0,30.0,4216.965034285822,2.0625,combined,,
15.0,30.0,4216.965034285822,2.125,arca,,
15.0,30.0,4216.965034285822,2.125,orca,,
15.0,30.0,4216.965034285822,2.125,combined,,
15.0,30.0,4216.965034285822,2.1875,arca,,
15.0,30.0,4216.965034285822,2.1875,orca,,
15.0,30.0,4216.965034285822,2.1875,combined,,
15.0,30.0,4216.965034285822,2.25,arca,,
15.0,30.0,4216.965034285822,2.25,orca,,
15.0,30.0,4216.965034285822,2.25,combined,,
15.0,30.0,4216.965034285822,2.3125,arca,,
15.0,30.0,4216.965034285822,2.3125,orca,2051.9352003155464,0.0
15.0,30.0,4216.965034285822,2.3125,combined,,
15.0,30.0,4216.965034285822,2.375,arca,,
15.0,30.0,4216.965034285822,2.375,orca,923.6403678056533,0.0
15.0,30.0,4216.965034285822,2.375,combined,,
15.0,30.0,4216.965034285822,2.4375,arca,267204.4282315068,0.0
15.0,30.0,4216.965034285822,2.4375,orca,554.9797626765129,0.0
15.0,30.0,4216.965034285822,2.4375,combined,242269.86718037503,0.0
15.0,30.0,4216.965034285822,2.5,arca,82294.07083077639,0.0
15.0,30.0,4216.965034285822,2.5,orca,268.52031036056593,0.0
15.0,30.0,4216.965034285822,2.5,combined,78033.93500080415,0.0
15.0,30.0,4216.965034285822,2.5625,arca,25405.50648301972,0.0
15.0,30.0,4216.965034285822,2.5625,orca,167.62105889351574,0.0
15.0,30.0,4216.965034285822,2.5625,combined,24517.509064759317,0.0
15.0,30.0,4216.965034285822,2.625,arca,8579.64103512992,0.0
15.0,30.0,4216.965034285822,2.625,orca,131.15775317799609,0.0
15.0,30.0,4216.965034285822,2.625,combined,8056.723648957719,0.0
15.0,30.0,4216.965034285822,2.6875,arca,2901.902453193906,0.0
15.0,30.0,4216.965034285822,2.6875,orca,110.44638262983804,0.0
15.0,30.0,4216.965034285822,2.6875,combined,2751.466842494059,0.0
15.0,30.0,4216.965034285822,2.75,arca,1040.2944821714939,0.0
15.0,30.0,4216.965034285822,2.75,orca,72.06874122467694,0.0
15.0,30.0,4216.965034285822,2.75,combined,975.0731068637771,0.0
15.0,30.0,4216.965034285822,2.8125,arca,331.72716597894953,0.0
15.0,30.0,4216.965034285822,2.8125,orca,59.41138502658592,0.0
15.0,30.0,4216.965034285822,2.8125,combined,396.4090375378046,0.0
15.0,30.0,4216.965034285822,2.875,arca,120.92835019411613,0.0
15.0,30.0,4216.965034285822,2.875,orca,54.85379600899542,0.0
15.0,30.0,4216.965034285822,2.875,combined,153.92365824022764,0.0
15.0,30.0,4216.965034285822,2.9375,arca,75.93597738942884,0.0
15.0,30.0,4216.965034285822,2.9375,orca,65.7988638281118,0.0
15.0,30.0,4216.965034285822,2.9375,combined,77.94069697077566,0.0
15.0,30.0,4216.965034285822,3.0,arca,71.2597293812308,0.0
15.0,30.0,4216.965034285822,3.0,orca,63.623501333707715,0.0
15.0,30.0,4216.965034285822,3.0,combined,60.112704316770646,0.0
15.0,30.0,12115.276586285852,1.5,arca,,
15.0,30.0,12115.276586285852,1.5,orca,,
15.0,30.0,12115.276586285852,1.5,combined,,
15.0,30.0,12115.276586285852,1.5625,arca,,
15.0,30.0,12115.276586285852,1.5625,orca,,
15.0,30.0,12115.276586285852,1.5625,combined,,
15.0,30.0,12115.276586285852,1.625,arca,,
15.0,30.0,12115.276586285852,1.625,orca,,
15.0,30.0,12115.276586285852,1.625,combined,,
15.0,30.0,12115.276586285852,1.6875,arca,,
15.0,30.0,12115.276586285852,1.6875,orca,,
15.0,30.0,12115.276586285852,1.6875,combined,,
15.0,30.0,12115.276586285852,1.75,arca,,
15.0,30.0,12115.276586285852,1.75,orca,,
15.0,30.0,12115.276586285852,1.75,combined,,
15.0,30.0,12115.276586285852,1.8125,arca,,
15.0,30.0,12115.276586285852,1.8125,orca,,
15.0,30.0,12115.276586285852,1.8125,combined,,
15.0,30.0,12115.276586285852,1.875,arca,,
15.0,30.0,12115.276586285852,1.875,orca,,
15.0,30.0,12115.276586285852,1.875,combined,,
15.0,30.0,12115.276586285852,1.9375,arca,,
15.0,30.0,12115.276586285852,1.9375,orca,,
15.0,30.0,12115.276586285852,1.9375,combined,,
15.0,30.0,12115.276586285852,2.0,arca,,
15.0,30.0,12115.276586285852,2.0,orca,,
15.0,30.0,12115.276586285852,2.0,combined,,
15.0,30.0,12115.276586285852,2.0625,arca,,
15.0,30.0,12115.276586285852,2.0625,orca,,
15.0,30.0,12115.276586285852,2.0625,combined,,
15.0,30.0,12115.276586285852,2.125,arca,,
15.0,30.0,12115.276586285852,2.125,orca,,
15.0,30.0,12115.276586285852,2.125,combined,,
15.0,30.0,12115.276586285852,2.1875,arca,,
15.0,30.0,12115.276586285852,2.1875,orca,,
15.0,30.0,12115.276586285852,2.1875,combined,,
15.0,30.0,12115.276586285852,2.25,arca,,
15.0,30.0,12115.276586285852,2.25,orca,,
15.0,30.0,12115.276586285852,2.25,combined,,
15.0,30.0,12115.276586285852,2.3125,arca,,
15.0,30.0,12115.276586285852,2.3125,orca,,
15.0,30.0,12115.276586285852,2.3125,combined,,
15.0,30.0,12115.276586285852,2.375,arca,,
15.0,30.0,12115.276586285852,2.375,orca,,
15.0,30.0,12115.276586285852,2.375,combined,,
15.0,30.0,12115.276586285852,2.4375,arca,,
15.0,30.0,12115.276586285852,2.4375,orca,3416.3877652795477,0.0
15.0,30.0,12115.276586285852,2.4375,combined,,
15.0,30.0,12115.276586285852,2.5,arca,,
15.0,30.0,12115.276586285852,2.5,orca,2017.2107623318384,0.0
15.0,30.0,12115.276586285852,2.5,combined,,
15.0,30.0,12115.276586285852,2.5625,arca,214825.03257769154,0.0
15.0,30.0,12115.276586285852,2.5625,orca,1018.5306863301192,0.0
15.0,30.0,12115.276586285852,2.5625,combined,203787.08326061227,0.0
15.0,30.0,12115.276586285852,2.625,arca,69778.45231228245,0.0
15.0,30.0,12115.276586285852,2.625,orca,701.2993243821089,0.0
15.0,30.0,12115.276586285852,2.625,combined,67404.77036589396,0.0
15.0,30.0,12115.276586285852,2.6875,arca,23345.179564515704,0.0
15.0,30.0,12115.276586285852,2.6875,orca,325.0445968153226,0.0
15.0,30.0,12115.276586285852,2.6875,combined,22535.37447562005,0.0
15.0,30.0,12115.276586285852,2.75,arca,8454.898248083065,0.0
15.0,30.0,12115.276586285852,2.75,orca,303.8716486989897,0.0
15.0,30.0,12115.276586285852,2.75,combined,8242.794399410463,0.0
15.0,30.0,12115.276586285852,2.8125,arca,2911.6855879051955,0.0
15.0,30.0,12115.276586285852,2.8125,orca,166.0456653483939,0.0
15.0,30.0,12115.276586285852,2.8125,combined,3099.291100769303,0.0
15.0,30.0,12115.276586285852,2.875,arca,957.625296943462,0.0
15.0,30.0,12115.276586285852,2.875,orca,123.29727031575345,0.0
15.0,30.0,12115.276586285852,2.875,combined,1193.2812924584834,0.0
15.0,30.0,12115.276586285852,2.9375,arca,352.9895097628481,0.0
15.0,30.0,12115.276586285852,2.9375,orca,84.29010413702838,0.0
15.0,30.0,12115.276586285852,2.9375,combined,466.9461298840003,0.0
15.0,30.0,12115.276586285852,3.0,arca,186.25956343630645,0.0
15.0,30.0,12115.276586285852,3.0,orca,81.72970142917787,0.0
15.0,30.0,12115.276586285852,3.0,combined,218.52124092417068,0.0
15.0,30.0,34807.00588428406,1.5,arca,,
15.0,30.0,34807.00588428406,1.5,orca,,
15.0,30.0,34807.00588428406,1.5,combined,,
15.0,30.0,34807.00588428406,1.5625,arca,,
15.0,30.0,34807.00588428406,1.5625,orca,,
15.0,30.0,34807.00588428406,1.5625,combined,,
15.0,30.0,34807.00588428406,1.625,arca,,
15.0,30.0,34807.00588428406,1.625,orca,,
15.0,30.0,34807.00588428406,1.625,combined,,
15.0,30.0,34807.00588428406,1.6875,arca,,
15.0,30.0,34807.00588428406,1.6875,orca,,
15.0,30.0,34807.00588428406,1.6875,combined,,
15.0,30.0,34807.00588428406,1.75,arca,,
15.0,30.0,34807.00588428406,1.75,orca,,
15.0,30.0,34807.00588428406,1.75,combined,,
15.0,30.0,34807.00588428406,1.8125,arca,,
15.0,30.0,34807.00588428406,1.8125,orca,,
15.0,30.0,34807.00588428406,1.8125,combined,,
15.0,30.0,34807.00588428406,1.875,arca,,
15.0,30.0,34807.00588428406,1.875,orca,,
15.0,30.0,34807.00588428406,1.875,combined,,
15.0,30.0,34807.00588428406,1.9375,arca,,
15.0,30.0,34807.00588428406,1.9375,orca,,
15.0,30.0,34807.00588428406,1.9375,combined,,
15.0,30.0,34807.00588428406,2.0,arca,,
15.0,30.0,34807.00588428406,2.0,orca,,
15.0,30.0,34807.00588428406,2.0,combined,,
15.0,30.0,34807.00588428406,2.0625,arca,,
15.0,30.0,34807.00588428406,2.0625,orca,,
15.0,30.0,34807.00588428406,2.0625,combined,,
15.0,30.0,34807.00588428406,2.125,arca,,
15.0,30.0,34807.00588428406,2.125,orca,,
15.0,30.0,34807.00588428406,2.125,combined,,
15.0,30.0,34807.00588428406,2.1875,arca,,
15.0,30.0,34807.00588428406,2.1875,orca,,
15.0,30.0,34807.00588428406,2.1875,combined,,
15.0,30.0,34807.00588428406,2.25,arca,,
15.0,30.0,34807.00588428406,2.25,orca,,
15.0,30.0,34807.00588428406,2.25,combined,,
15.0,30.0,34807.00588428406,2.3125,arca,,
15.0,30.0,34807.00588428406,2.3125,orca,,
15.0,30.0,34807.00588428406,2.3125,combined,,
15.0,30.0,34807.00588428406,2.375,arca,,
15.0,30.0,34807.00588428406,2.375,orca,,
15.0,30.0,34807.00588428406,2.375,combined,,
15.0,30.0,34807.00588428406,2.4375,arca,,
15.0,30.0,34807.00588428406,2.4375,orca,,
15.0,30.0,34807.00588428406,2.4375,combined,,
15.0,30.0,34807.00588428406,2.5,arca,,
15.0,30.0,34807.00588428406,2.5,orca,,
15.0,30.0,34807.00588428406,2.5,combined,,
15.0,30.0,34807.00588428406,2.5625,arca,,
15.0,30.0,34807.00588428406,2.5625,orca,,
15.0,30.0,34807.00588428406,2.5625,combined,,
15.0,30.0,34807.00588428406,2.625,arca,,
15.0,30.0,34807.00588428406,2.625,orca,4528.053037183828,0.0
15.0,30.0,34807.00588428406,2.625,combined,,
15.0,30.0,34807.00588428406,2.6875,arca,197409.37811289844,0.0
15.0,30.0,34807.00588428406,2.6875,orca,2706.7371249440216,0.0
15.0,30.0,34807.00588428406,2.6875,combined,191317.64975657454,0.0
15.0,30.0,34807.00588428406,2.75,arca,67860.75497918157,0.0
15.0,30.0,34807.00588428406,2.75,orca,1645.644299102466,0.0
15.0,30.0,34807.00588428406,2.75,combined,67654.3236952952,0.0
15.0,30.0,34807.00588428406,2.8125,arca,23864.751078299065,0.0
15.0,30.0,34807.00588428406,2.8125,orca,974.4720552715836,0.0
15.0,30.0,34807.00588428406,2.8125,combined,24829.037572185644,0.0
15.0,30.0,34807.00588428406,2.875,arca,8513.955476873076,0.0
15.0,30.0,34807.00588428406,2.875,orca,665.6239396260676,0.0
15.0,30.0,34807.00588428406,2.875,combined,9079.591255063133,0.0
15.0,30.0,34807.00588428406,2.9375,arca,3097.375712639847,0.0
15.0,30.0,34807.00588428406,2.9375,orca,450.9067195028082,0.0
15.0,30.0,34807.00588428406,2.9375,combined,3494.2736662358143,0.0
15.0,30.0,34807.00588428406,3.0,arca,1163.6734631238837,0.0
15.0,30.0,34807.00588428406,3.0,orca,394.2712901580825,0.0
15.0,30.0,34807.00588428406,3.0,combined,1522.5785754546264,0.0
15.0,30.0,100000.0,1.5,arca,,
15.0,30.0,100000.0,1.5,orca,,
15.0,30.0,100000.0,1.5,combined,,
15.0,30.0,100000.0,1.5625,arca,,
15.0,30.0,100000.0,1.5625,orca,,
15.0,30.0,100000.0,1.5625,combined,,
15.0,30.0,100000.0,1.625,arca,,
15.0,30.0,100000.0,1.625,orca,,
15.0,30.0,100000.0,1.625,combined,,
15.0,30.0,100000.0,1.6875,arca,,
15.0,30.0,100000.0,1.6875,orca,,
15.0,30.0,100000.0,1.6875,combined,,
15.0,30.0,100000.0,1.75,arca,,
15.0,30.0,100000.0,1.75,orca,,
15.0,30.0,100000.0,1.75,combined,,
15.0,30.0,100000.0,1.8125,arca,,
15.0,30.0,100000.0,1.8125,orca,,
15.0,30.0,100000.0,1.8125,combined,,
15.0,30.0,100000.0,1.875,arca,,
15.0,30.0,100000.0,1.875,orca,,
15.0,30.0,100000.0,1.875,combined,,
15.0,30.0,100000.0,1.9375,arca,,
15.0,30.0,100000.0,1.9375,orca,,
15.0,30.0,100000.0,1.9375,combined,,
15.0,30.0,100000.0,2.0,arca,,
15.0,30.0,100000.0,2.0,orca,,
15.0,30.0,100000.0,2.0,combined,,
15.0,30.0,100000.0,2.0625,arca,,
15.0,30.0,100000.0,2.0625,orca,,
15.0,30.0,100000.0,2.0625,combined,,
15.0,30.0,100000.0,2.125,arca,,
15.0,30.0,100000.0,2.125,orca,,
15.0,30.0,100000.0,2.125,combined,,
15.0,30.0,100000.0,2.1875,arca,,
15.0,30.0,100000.0,2.1875,orca,,
15.0,30.0,100000.0,2.1875,combined,,
15.0,30.0,100000.0,2.25,arca,,
15.0,30.0,100000.0,2.25,orca,,
15.0,30.0,100000.0,2.25,combined,,
15.0,30.0,100000.0,2.3125,arca,,
15.0,30.0,100000.0,2.3125,orca,,
15.0,30.0,100000.0,2.3125,combined,,
15.0,30.0,100000.0,2.375,arca,,
15.0,30.0,100000.0,2.375,orca,,
15.0,30.0,100000.0,2.375,combined,,
15.0,30.0,100000.0,2.4375,arca,,
15.0,30.0,100000.0,2.4375,orca,,
15.0,30.0,100000.0,2.4375,combined,,
15.0,30.0,100000.0,2.5,arca,,
15.0,30.0,100000.0,2.5,orca,,
15.0,30.0,100000.0,2.5,combined,,
15.0,30.0,100000.0,2.5625,arca,,
15.0,30.0,100000.0,2.5625,orca,,
15.0,30.0,100000.0,2.5625,combined,,
15.0,30.0,100000.0,2.625,arca,,
15.0,30.0,100000.0,2.625,orca,,
15.0,30.0,100000.0,2.625,combined,,
15.0,30.0,100000.0,2.6875,arca,,
15.0,30.0,100000.0,2.6875,orca,,
15.0,30.0,100000.0,2.6875,combined,,
15.0,30.0,100000.0,2.75,arca,,
15.0,30.0,100000.0,2.75,orca,,
15.0,30.0,100000.0,2.75,combined,,
15.0,30.0,100000.0,2.8125,arca,196939.90619417216,0.0
15.0,30.0,100000.0,2.8125,orca,,
15.0,30.0,100000.0,2.8125,combined,,
15.0,30.0,100000.0,2.875,arca,70730.8963393399,0.0
15.0,30.0,100000.0,2.875,orca,4799.047690831851,0.0
15.0,30.0,100000.0,2.875,combined,76246.06856478791,0.0
15.0,30.0,100000.0,2.9375,arca,26182.07778321799,0.0
15.0,30.0,100000.0,2.9375,orca,3486.5538329026695,0.0
15.0,30.0,100000.0,2.9375,combined,29664.212064475803,0.0
15.0,30.0,100000.0,3.0,arca,10014.322709084361,0.0
15.0,30.0,100000.0,3.0,orca,2324.178850807586,0.0
15.0,30.0,100000.0,3.0,combined,12070.28515065732,0.0
