zenith_cut,angle,phi0,gamma,detector,mean_max_efstat,mean_max_efstat_error
120.0,30.0,1e-06,1.5,arca,56.98198250391055,0.0
120.0,30.0,1e-06,1.5,orca,52.91115387699463,0.0
120.0,30.0,1e-06,1.5,combined,58.647789848085544,0.0
120.0,30.0,1e-06,1.5625,arca,53.939431683225685,0.0
120.0,30.0,1e-06,1.5625,orca,52.91115387699463,0.0
120.0,30.0,1e-06,1.5625,combined,57.2020920860842,0.0
120.0,30.0,1e-06,1.625,arca,62.8625268162579,0.0
120.0,30.0,1e-06,1.625,orca,52.91115387699463,0.0
120.0,30.0,1e-06,1.625,combined,60.260750267952844,0.0
120.0,30.0,1e-06,1.6875,arca,55.837046264376156,0.0
120.0,30.0,1e-06,1.6875,orca,52.91115387699463,0.0
120.0,30.0,1e-06,1.6875,combined,51.46008182850289,0.0
120.0,30.0,1e-06,1.75,arca,55.837046264376156,0.0
120.0,30.0,1e-06,1.75,orca,52.91115387699463,0.0
120.0,30.0,1e-06,1.75,combined,57.000471687999834,0.0
120.0,30.0,1e-06,1.8125,arca,55.837046264376156,0.0
120.0,30.0,1e-06,1.8125,orca,52.91115387699463,0.0
120.0,30.0,1e-06,1.8125,combined,57.000471687999834,0.0
120.0,30.0,1e-06,1.875,arca,55.837046264376156,0.0
120.0,30.0,1e-06,1.875,orca,52.91115387699463,0.0
120.0,30.0,1e-06,1.875,combined,57.000471687999834,0.0
120.0,30.0,1e-06,1.9375,arca,55.837046264376156,0.0
120.0,30.0,1e-06,1.9375,orca,52.91115387699463,0.0
120.0,30.0,1e-06,1.9375,combined,57.000471687999834,0.0
120.0,30.0,1e-06,2.0,arca,55.837046264376156,0.0
120.0,30.0,1e-06,2.0,orca,52.91115387699463,0.0
120.0,30.0,1e-06,2.0,combined,57.000471687999834,0.0
120.0,30.0,1e-06,2.0625,arca,55.837046264376156,0.0
120.0,30.0,1e-06,2.0625,orca,52.91115387699463,0.0
120.0,30.0,1e-06,2.0625,combined,57.000471687999834,0.0
120.0,30.0,1e-06,2.125,arca,55.837046264376156,0.0
120.0,30.0,1e-06,2.125,orca,52.91115387699463,0.0
120.0,30.0,1e-06,2.125,combined,57.000471687999834,0.0
120.0,30.0,1e-06,2.1875,arca,55.837046264376156,0.0
120.0,30.0,1e-06,2.1875,orca,52.91115387699463,0.0
120.0,30.0,1e-06,2.1875,combined,57.000471687999834,0.0
120.0,30.0,1e-06,2.25,arca,55.837046264376156,0.0
120.0,30.0,1e-06,2.25,orca,52.91115387699463,0.0
120.0,30.0,1e-06,2.25,combined,57.000471687999834,0.0
120.0,30.0,1e-06,2.3125,arca,55.837046264376156,0.0
120.0,30.0,1e-06,2.3125,orca,52.91115387699463,0.0
120.0,30.0,1e-06,2.3125,combined,57.000471687999834,0.0
120.0,30.0,1e-06,2.375,arca,55.837046264376156,0.0
120.0,30.0,1e-06,2.375,orca,52.91115387699463,0.0
120.0,30.0,1e-06,2.375,combined,57.000471687999834,0.0
120.0,30.0,1e-06,2.4375,arca,55.837046264376156,0.0
120.0,30.0,1e-06,2.4375,orca,52.91115387699463,0.0
120.0,30.0,1e-06,2.4375,combined,57.000471687999834,0.0
120.0,30.0,1e-06,2.5,arca,55.837046264376156,0.0
120.0,30.0,1e-06,2.5,orca,52.91115387699463,0.0
120.0,30.0,1e-06,2.5,combined,57.000471687999834,0.0
120.0,30.0,1e-06,2.5625,arca,55.837046264376156,0.0
120.0,30.0,1e-06,2.5625,orca,52.91115387699463,0.0
120.0,30.0,1e-06,2.5625,combined,57.000471687999834,0.0
120.0,30.0,1e-06,2.625,arca,55.837046264376156,0.0
120.0,30.0,1e-06,2.625,orca,52.91115387699463,0.0
120.0,30.0,1e-06,2.625,combined,57.000471687999834,0.0
120.0,30.0,1e-06,2.6875,arca,55.837046264376156,0.0
120.0,30.0,1e-06,2.6875,orca,52.91115387699463,0.0
120.0,30.0,1e-06,2.6875,combined,57.000471687999834,0.0
120.0,30.0,1e-06,2.75,arca,55.837046264376156,0.0
120.0,30.0,1e-06,2.75,orca,52.91115387699463,0.0
120.0,30.0,1e-06,2.75,combined,57.000471687999834,0.0
120.0,30.0,1e-06,2.8125,arca,55.837046264376156,0.0
120.0,30.0,1e-06,2.8125,orca,52.91115387699463,0.0
120.0,30.0,1e-06,2.8125,combined,57.000471687999834,0.0
120.0,30.0,1e-06,2.875,arca,55.837046264376156,0.0
120.0,30.0,1e-06,2.875,orca,52.91115387699463,0.0
120.0,30.0,1e-06,2.875,combined,57.000471687999834,0.0
120.0,30.0,1e-06,2.9375,arca,55.837046264376156,0.0
120.0,30.0,1e-06,2.9375,orca,52.91115387699463,0.0
120.0,30.0,1e-06,2.9375,combined,57.000471687999834,0.0
120.0,30.0,1e-06,3.0,arca,55.837046264376156,0.0
120.0,30.0,1e-06,3.0,orca,52.91115387699463,0.0
120.0,30.0,1e-06,3.0,combined,57.000471687999834,0.0
120.0,30.0,2.8729848333536627e-06,1.5,arca,58.66887264110047,0.0
120.0,30.0,2.8729848333536627e-06,1.5,orca,52.91115387699463,0.0
120.0,30.0,2.8729848333536627e-06,1.5,combined,53.958582919733004,0.0
120.0,30.0,2.8729848333536627e-06,1.5625,arca,59.05833935018052,0.0
120.0,30.0,2.8729848333536627e-06,1.5625,orca,52.91115387699463,0.0
120.0,30.0,2.8729848333536627e-06,1.5625,combined,50.0564778367277,0.0
120.0,30.0,2.8729848333536627e-06,1.625,arca,55.837046264376156,0.0
120.0,30.0,2.8729848333536627e-06,1.625,orca,52.91115387699463,0.0
120.0,30.0,2.8729848333536627e-06,1.625,combined,65.0078422969788,0.0
120.0,30.0,2.8729848333536627e-06,1.6875,arca,55.837046264376156,0.0
120.0,30.0,2.8729848333536627e-06,1.6875,orca,52.91115387699463,0.0
120.0,30.0,2.8729848333536627e-06,1.6875,combined,57.000471687999834,0.0
120.0,30.0,2.8729848333536627e-06,1.75,arca,55.38832759169729,0.0
120.0,30.0,2.8729848333536627e-06,1.75,orca,52.91115387699463,0.0
120.0,30.0,2.8729848333536627e-06,1.75,combined,57.000471687999834,0.0
120.0,30.0,2.8729848333536627e-06,1.8125,arca,55.837046264376156,0.0
120.0,30.0,2.8729848333536627e-06,1.8125,orca,52.91115387699463,0.0
120.0,30.0,2.8729848333536627e-06,1.8125,combined,57.000471687999834,0.0
120.0,30.0,2.8729848333536627e-06,1.875,arca,55.837046264376156,0.0
120.0,30.0,2.8729848333536627e-06,1.875,orca,52.91115387699463,0.0
120.0,30.0,2.8729848333536627e-06,1.875,combined,57.000471687999834,0.0
120.0,30.0,2.8729848333536627e-06,1.9375,arca,55.837046264376156,0.0
120.0,30.0,2.8729848333536627e-06,1.9375,orca,52.91115387699463,0.0
120.0,30.0,2.8729848333536627e-06,1.9375,combined,57.000471687999834,0.0
120.0,30.0,2.8729848333536627e-06,2.0,arca,55.837046264376156,0.0
120.0,30.0,2.8729848333536627e-06,2.0,orca,52.91115387699463,0.0
120.0,30.0,2.8729848333536627e-06,2.0,combined,57.000471687999834,0.0
120.0,30.0,2.8729848333536627e-06,2.0625,arca,55.837046264376156,0.0
120.0,30.0,2.8729848333536627e-06,2.0625,orca,52.91115387699463,0.0
120.0,30.0,2.8729848333536627e-06,2.0625,combined,57.000471687999834,0.0
120.0,30.0,2.8729848333536627e-06,2.125,arca,55.837046264376156,0.0
120.0,30.0,2.8729848333536627e-06,2.125,orca,52.91115387699463,0.0
120.0,30.0,2.8729848333536627e-06,2.125,combined,57.000471687999834,0.0
120.0,30.0,2.8729848333536627e-06,2.1875,arca,55.837046264376156,0.0
120.0,30.0,2.8729848333536627e-06,2.1875,orca,52.91115387699463,0.0
120.0,30.0,2.8729848333536627e-06,2.1875,combined,57.000471687999834,0.0
120.0,30.0,2.8729848333536627e-06,2.25,arca,55.837046264376156,0.0
120.0,30.0,2.8729848333536627e-06,2.25,orca,52.91115387699463,0.0
120.0,30.0,2.8729848333536627e-06,2.25,combined,57.000471687999834,0.0
120.0,30.0,2.8729848333536627e-06,2.3125,arca,55.837046264376156,0.0
120.0,30.0,2.8729848333536627e-06,2.3125,orca,52.91115387699463,0.0
120.0,30.0,2.8729848333536627e-06,2.3125,combined,57.000471687999834,0.0
120.0,30.0,2.8729848333536627e-06,2.375,arca,55.837046264376156,0.0
120.0,30.0,2.8729848333536627e-06,2.375,orca,52.91115387699463,0.0
120.0,30.0,2.8729848333536627e-06,2.375,combined,57.000471687999834,0.0
120.0,30.0,2.8729848333536627e-06,2.4375,arca,55.837046264376156,0.0
120.0,30.0,2.8729848333536627e-06,2.4375,orca,52.91115387699463,0.0
120.0,30.0,2.8729848333536627e-06,2.4375,combined,57.000471687999834,0.0
120.0,30.0,2.8729848333536627e-06,2.5,arca,55.837046264376156,0.0
120.0,30.0,2.8729848333536627e-06,2.5,orca,52.91115387699463,0.0
120.0,30.0,2.8729848333536627e-06,2.5,combined,57.000471687999834,0.0
120.0,30.0,2.8729848333536627e-06,2.5625,arca,55.837046264376156,0.0
120.0,30.0,2.8729848333536627e-06,2.5625,orca,52.91115387699463,0.0
120.0,30.0,2.8729848333536627e-06,2.5625,combined,57.000471687999834,0.0
120.0,30.0,2.8729848333536627e-06,2.625,arca,55.837046264376156,0.0
120.0,30.0,2.8729848333536627e-06,2.625,orca,52.91115387699463,0.0
120.0,30.0,2.8729848333536627e-06,2.625,combined,57.000471687999834,0.0
120.0,30.0,2.8729848333536627e-06,2.6875,arca,55.837046264376156,0.0
120.0,30.0,2.8729848333536627e-06,2.6875,orca,52.91115387699463,0.0
120.0,30.0,2.8729848333536627e-06,2.6875,combined,57.000471687999834,0.0
120.0,30.0,2.8729848333536627e-06,2.75,arca,55.837046264376156,0.0
120.0,30.0,2.8729848333536627e-06,2.75,orca,52.91115387699463,0.0
120.0,30.0,2.8729848333536627e-06,2.75,combined,57.000471687999834,0.0
120.0,30.0,2.8729848333536627e-06,2.8125,arca,55.837046264376156,0.0
120.0,30.0,2.8729848333536627e-06,2.8125,orca,52.91115387699463,0.0
120.0,30.0,2.8729848333536627e-06,2.8125,combined,57.000471687999834,0.0
120.0,30.0,2.8729848333536627e-06,2.875,arca,55.837046264376156,0.0
120.0,30.0,2.8729848333536627e-06,2.875,orca,52.91115387699463,0.0
120.0,30.0,2.8729848333536627e-06,2.875,combined,57.000471687999834,0.0
120.0,30.0,2.8729848333536627e-06,2.9375,arca,55.837046264376156,0.0
120.0,30.0,2.8729848333536627e-06,2.9375,orca,52.91115387699463,0.0
120.0,30.0,2.8729848333536627e-06,2.9375,combined,57.000471687999834,0.0
120.0,30.0,2.8729848333536627e-06,3.0,arca,55.837046264376156,0.0
120.0,30.0,2.8729848333536627e-06,3.0,orca,52.91115387699463,0.0
120.0,30.0,2.8729848333536627e-06,3.0,combined,57.000471687999834,0.0
120.0,30.0,8.254041852680188e-06,1.5,arca,59.23443647303865,0.0
120.0,30.0,8.254041852680188e-06,1.5,orca,52.91115387699463,0.0
120.0,30.0,8.254041852680188e-06,1.5,combined,56.82936703437936,0.0
120.0,30.0,8.254041852680188e-06,1.5625,arca,62.40293421128633,0.0
120.0,30.0,8.254041852680188e-06,1.5625,orca,52.91115387699463,0.0
120.0,30.0,8.254041852680188e-06,1.5625,combined,63.433955799211915,0.0
120.0,30.0,8.254041852680188e-06,1.625,arca,63.95098916967511,0.0
120.0,30.0,8.254041852680188e-06,1.625,orca,52.91115387699463,0.0
120.0,30.0,8.254041852680188e-06,1.625,combined,57.12504021447721,0.0
120.0,30.0,8.254041852680188e-06,1.6875,arca,52.30056131010937,0.0
120.0,30.0,8.254041852680188e-06,1.6875,orca,52.91115387699463,0.0
120.0,30.0,8.254041852680188e-06,1.6875,combined,58.80301572024383,0.0
120.0,30.0,8.254041852680188e-06,1.75,arca,61.3415608090512,0.0
120.0,30.0,8.254041852680188e-06,1.75,orca,52.91115387699463,0.0
120.0,30.0,8.254041852680188e-06,1.75,combined,54.47693691378645,0.0
120.0,30.0,8.254041852680188e-06,1.8125,arca,55.837046264376156,0.0
120.0,30.0,8.254041852680188e-06,1.8125,orca,52.91115387699463,0.0
120.0,30.0,8.254041852680188e-06,1.8125,combined,57.000471687999834,0.0
120.0,30.0,8.254041852680188e-06,1.875,arca,55.837046264376156,0.0
120.0,30.0,8.254041852680188e-06,1.875,orca,52.91115387699463,0.0
120.0,30.0,8.254041852680188e-06,1.875,combined,57.000471687999834,0.0
120.0,30.0,8.254041852680188e-06,1.9375,arca,55.837046264376156,0.0
120.0,30.0,8.254041852680188e-06,1.9375,orca,52.91115387699463,0.0
120.0,30.0,8.254041852680188e-06,1.9375,combined,57.000471687999834,0.0
120.0,30.0,8.254041852680188e-06,2.0,arca,55.837046264376156,0.0
120.0,30.0,8.254041852680188e-06,2.0,orca,52.91115387699463,0.0
120.0,30.0,8.254041852680188e-06,2.0,combined,57.000471687999834,0.0
120.0,30.0,8.254041852680188e-06,2.0625,arca,55.837046264376156,0.0
120.0,30.0,8.254041852680188e-06,2.0625,orca,52.91115387699463,0.0
120.0,30.0,8.254041852680188e-06,2.0625,combined,57.000471687999834,0.0
120.0,30.0,8.254041852680188e-06,2.125,arca,55.837046264376156,0.0
120.0,30.0,8.254041852680188e-06,2.125,orca,52.91115387699463,0.0
120.0,30.0,8.254041852680188e-06,2.125,combined,57.000471687999834,0.0
120.0,30.0,8.254041852680188e-06,2.1875,arca,55.837046264376156,0.0
120.0,30.0,8.254041852680188e-06,2.1875,orca,52.91115387699463,0.0
120.0,30.0,8.254041852680188e-06,2.1875,combined,57.000471687999834,0.0
120.0,30.0,8.254041852680188e-06,2.25,arca,55.837046264376156,0.0
120.0,30.0,8.254041852680188e-06,2.25,orca,52.91115387699463,0.0
120.0,30.0,8.254041852680188e-06,2.25,combined,57.000471687999834,0.0
120.0,30.0,8.254041852680188e-06,2.3125,arca,55.837046264376156,0.0
120.0,30.0,8.254041852680188e-06,2.3125,orca,52.91115387699463,0.0
120.0,30.0,8.254041852680188e-06,2.3125,combined,57.000471687999834,0.0
120.0,30.0,8.254041852680188e-06,2.375,arca,55.837046264376156,0.0
120.0,30.0,8.254041852680188e-06,2.375,orca,52.91115387699463,0.0
120.0,30.0,8.254041852680188e-06,2.375,combined,57.000471687999834,0.0
120.0,30.0,8.254041852680188e-06,2.4375,arca,55.837046264376156,0.0
120.0,30.0,8.254041852680188e-06,2.4375,orca,52.91115387699463,0.0
120.0,30.0,8.254041852680188e-06,2.4375,combined,57.000471687999834,0.0
120.0,30.0,8.254041852680188e-06,2.5,arca,55.837046264376156,0.0
120.0,30.0,8.254041852680188e-06,2.5,orca,52.91115387699463,0.0
120.0,30.0,8.254041852680188e-06,2.5,combined,57.000471687999834,0.0
120.0,30.0,8.254041852680188e-06,2.5625,arca,55.837046264376156,0.0
120.0,30.0,8.254041852680188e-06,2.5625,orca,52.91115387699463,0.0
120.0,30.0,8.254041852680188e-06,2.5625,combined,57.000471687999834,0.0
120.0,30.0,8.254041852680188e-06,2.625,arca,55.837046264376156,0.0
120.0,30.0,8.254041852680188e-06,2.625,orca,52.91115387699463,0.0
120.0,30.0,8.254041852680188e-06,2.625,combined,57.000471687999834,0.0
120.0,30.0,8.254041852680188e-06,2.6875,arca,55.837046264376156,0.0
120.0,30.0,8.254041852680188e-06,2.6875,orca,52.91115387699463,0.0
120.0,30.0,8.254041852680188e-06,2.6875,combined,57.000471687999834,0.0
120.0,30.0,8.254041852680188e-06,2.75,arca,55.837046264376156,0.0
120.0,30.0,8.254041852680188e-06,2.75,orca,52.91115387699463,0.0
120.0,30.0,8.254041852680188e-06,2.75,combined,57.000471687999834,0.0
120.0,30.0,8.254041852680188e-06,2.8125,arca,55.837046264376156,0.0
120.0,30.0,8.254041852680188e-06,2.8125,orca,52.91115387699463,0.0
120.0,30.0,8.254041852680188e-06,2.8125,combined,57.000471687999834,0.0
120.0,30.0,8.254041852680188e-06,2.875,arca,55.837046264376156,0.0
120.0,30.0,8.254041852680188e-06,2.875,orca,52.91115387699463,0.0
120.0,30.0,8.254041852680188e-06,2.875,combined,57.000471687999834,0.0
120.0,30.0,8.254041852680188e-06,2.9375,arca,55.837046264376156,0.0
120.0,30.0,8.254041852680188e-06,2.9375,orca,52.91115387699463,0.0
120.0,30.0,8.254041852680188e-06,2.9375,combined,57.000471687999834,0.0
120.0,30.0,8.254041852680188e-06,3.0,arca,55.837046264376156,0.0
120.0,30.0,8.254041852680188e-06,3.0,orca,52.91115387699463,0.0
120.0,30.0,8.254041852680188e-06,3.0,combined,57.000471687999834,0.0
120.0,30.0,2.371373705661655e-05,1.5,arca,59.10546378653113,0.0
120.0,30.0,2.371373705661655e-05,1.5,orca,61.25903268973426,0.0
120.0,30.0,2.371373705661655e-05,1.5,combined,56.244144722757454,0.0
120.0,30.0,2.371373705661655e-05,1.5625,arca,56.153455049688006,0.0
120.0,30.0,2.371373705661655e-05,1.5625,orca,52.91115387699463,0.0
120.0,30.0,2.371373705661655e-05,1.5625,combined,58.93838984137843,0.0
120.0,30.0,2.371373705661655e-05,1.625,arca,51.14635131237381,0.0
120.0,30.0,2.371373705661655e-05,1.625,orca,52.91115387699463,0.0
120.0,30.0,2.371373705661655e-05,1.625,combined,59.791860340580484,0.0
120.0,30.0,2.371373705661655e-05,1.6875,arca,58.67898383371823,0.0
120.0,30.0,2.371373705661655e-05,1.6875,orca,52.91115387699463,0.0
120.0,30.0,2.371373705661655e-05,1.6875,combined,50.99635966508919,0.0
120.0,30.0,2.371373705661655e-05,1.75,arca,55.902609949531374,0.0
120.0,30.0,2.371373705661655e-05,1.75,orca,52.91115387699463,0.0
120.0,30.0,2.371373705661655e-05,1.75,combined,62.512915454465315,0.0
120.0,30.0,2.371373705661655e-05,1.8125,arca,57.703703703703695,0.0
120.0,30.0,2.371373705661655e-05,1.8125,orca,52.91115387699463,0.0
120.0,30.0,2.371373705661655e-05,1.8125,combined,59.172436679726815,0.0
120.0,30.0,2.371373705661655e-05,1.875,arca,59.561455260570305,0.0
120.0,30.0,2.371373705661655e-05,1.875,orca,52.91115387699463,0.0
120.0,30.0,2.371373705661655e-05,1.875,combined,57.000471687999834,0.0
120.0,30.0,2.371373705661655e-05,1.9375,arca,55.837046264376156,0.0
120.0,30.0,2.371373705661655e-05,1.9375,orca,52.91115387699463,0.0
120.0,30.0,2.371373705661655e-05,1.9375,combined,57.000471687999834,0.0
120.0,30.0,2.371373705661655e-05,2.0,arca,55.837046264376156,0.0
120.0,30.0,2.371373705661655e-05,2.0,orca,52.91115387699463,0.0
120.0,30.0,2.371373705661655e-05,2.0,combined,57.000471687999834,0.0
120.0,30.0,2.371373705661655e-05,2.0625,arca,55.837046264376156,0.0
120.0,30.0,2.371373705661655e-05,2.0625,orca,52.91115387699463,0.0
120.0,30.0,2.371373705661655e-05,2.0625,combined,57.000471687999834,0.0
120.0,30.0,2.371373705661655e-05,2.125,arca,55.837046264376156,0.0
120.0,30.0,2.371373705661655e-05,2.125,orca,52.91115387699463,0.0
120.0,30.0,2.371373705661655e-05,2.125,combined,57.000471687999834,0.0
120.0,30.0,2.371373705661655e-05,2.1875,arca,55.837046264376156,0.0
120.0,30.0,2.371373705661655e-05,2.1875,orca,52.91115387699463,0.0
120.0,30.0,2.371373705661655e-05,2.1875,combined,57.000471687999834,0.0
120.0,30.0,2.371373705661655e-05,2.25,arca,55.837046264376156,0.0
120.0,30.0,2.371373705661655e-05,2.25,orca,52.91115387699463,0.0
120.0,30.0,2.371373705661655e-05,2.25,combined,57.000471687999834,0.0
120.0,30.0,2.371373705661655e-05,2.3125,arca,55.837046264376156,0.0
120.0,30.0,2.371373705661655e-05,2.3125,orca,52.91115387699463,0.0
120.0,30.0,2.371373705661655e-05,2.3125,combined,57.000471687999834,0.0
120.0,30.0,2.371373705661655e-05,2.375,arca,55.837046264376156,0.0
120.0,30.0,2.371373705661655e-05,2.375,orca,52.91115387699463,0.0
120.0,30.0,2.371373705661655e-05,2.375,combined,57.000471687999834,0.0
120.0,30.0,2.371373705661655e-05,2.4375,arca,55.837046264376156,0.0
120.0,30.0,2.371373705661655e-05,2.4375,orca,52.91115387699463,0.0
120.0,30.0,2.371373705661655e-05,2.4375,combined,57.000471687999834,0.0
120.0,30.0,2.371373705661655e-05,2.5,arca,55.837046264376156,0.0
120.0,30.0,2.371373705661655e-05,2.5,orca,52.91115387699463,0.0
120.0,30.0,2.371373705661655e-05,2.5,combined,57.000471687999834,0.0
120.0,30.0,2.371373705661655e-05,2.5625,arca,55.837046264376156,0.0
120.0,30.0,2.371373705661655e-05,2.5625,orca,52.91115387699463,0.0
120.0,30.0,2.371373705661655e-05,2.5625,combined,57.000471687999834,0.0
120.0,30.0,2.371373705661655e-05,2.625,arca,55.837046264376156,0.0
120.0,30.0,2.371373705661655e-05,2.625,orca,52.91115387699463,0.0
120.0,30.0,2.371373705661655e-05,2.625,combined,57.000471687999834,0.0
120.0,30.0,2.371373705661655e-05,2.6875,arca,55.837046264376156,0.0
120.0,30.0,2.371373705661655e-05,2.6875,orca,52.91115387699463,0.0
120.0,30.0,2.371373705661655e-05,2.6875,combined,57.000471687999834,0.0
120.0,30.0,2.371373705661655e-05,2.75,arca,55.837046264376156,0.0
120.0,30.0,2.371373705661655e-05,2.75,orca,52.91115387699463,0.0
120.0,30.0,2.371373705661655e-05,2.75,combined,57.000471687999834,0.0
120.0,30.0,2.371373705661655e-05,2.8125,arca,55.837046264376156,0.0
120.0,30.0,2.371373705661655e-05,2.8125,orca,52.91115387699463,0.0
120.0,30.0,2.371373705661655e-05,2.8125,combined,57.000471687999834,0.0
120.0,30.0,2.371373705661655e-05,2.875,arca,55.837046264376156,0.0
120.0,30.0,2.371373705661655e-05,2.875,orca,52.91115387699463,0.0
120.0,30.0,2.371373705661655e-05,2.875,combined,57.000471687999834,0.0
120.0,30.0,2.371373705661655e-05,2.9375,arca,55.837046264376156,0.0
120.0,30.0,2.371373705661655e-05,2.9375,orca,52.91115387699463,0.0
120.0,30.0,2.371373705661655e-05,2.9375,combined,57.000471687999834,0.0
120.0,30.0,2.371373705661655e-05,3.0,arca,55.837046264376156,0.0
120.0,30.0,2.371373705661655e-05,3.0,orca,52.91115387699463,0.0
120.0,30.0,2.371373705661655e-05,3.0,combined,57.000471687999834,0.0
120.0,30.0,6.812920690579608e-05,1.5,arca,59.87955921600138,0.0
120.0,30.0,6.812920690579608e-05,1.5,orca,59.43899591360186,0.0
120.0,30.0,6.812920690579608e-05,1.5,combined,62.84118778038882,0.0
120.0,30.0,6.812920690579608e-05,1.5625,arca,68.74368864964451,0.0
120.0,30.0,6.812920690579608e-05,1.5625,orca,52.91115387699463,0.0
120.0,30.0,6.812920690579608e-05,1.5625,combined,53.69943580099162,0.0
120.0,30.0,6.812920690579608e-05,1.625,arca,57.554173759990775,0.0
120.0,30.0,6.812920690579608e-05,1.625,orca,52.91115387699463,0.0
120.0,30.0,6.812920690579608e-05,1.625,combined,54.025299145299144,0.0
120.0,30.0,6.812920690579608e-05,1.6875,arca,56.30347597445753,0.0
120.0,30.0,6.812920690579608e-05,1.6875,orca,52.91115387699463,0.0
120.0,30.0,6.812920690579608e-05,1.6875,combined,60.68826387551104,0.0
120.0,30.0,6.812920690579608e-05,1.75,arca,61.70343669475087,0.0
120.0,30.0,6.812920690579608e-05,1.75,orca,52.91115387699463,0.0
120.0,30.0,6.812920690579608e-05,1.75,combined,56.11124909005268,0.0
120.0,30.0,6.812920690579608e-05,1.8125,arca,65.89376570125032,0.0
120.0,30.0,6.812920690579608e-05,1.8125,orca,52.91115387699463,0.0
120.0,30.0,6.812920690579608e-05,1.8125,combined,57.000471687999834,0.0
120.0,30.0,6.812920690579608e-05,1.875,arca,55.837046264376156,0.0
120.0,30.0,6.812920690579608e-05,1.875,orca,52.91115387699463,0.0
120.0,30.0,6.812920690579608e-05,1.875,combined,50.732775991425505,0.0
120.0,30.0,6.812920690579608e-05,1.9375,arca,60.1812286491807,0.0
120.0,30.0,6.812920690579608e-05,1.9375,orca,52.91115387699463,0.0
120.0,30.0,6.812920690579608e-05,1.9375,combined,55.32927404485228,0.0
120.0,30.0,6.812920690579608e-05,2.0,arca,55.837046264376156,0.0
120.0,30.0,6.812920690579608e-05,2.0,orca,52.91115387699463,0.0
120.0,30.0,6.812920690579608e-05,2.0,combined,57.000471687999834,0.0
120.0,30.0,6.812920690579608e-05,2.0625,arca,55.837046264376156,0.0
120.0,30.0,6.812920690579608e-05,2.0625,orca,52.91115387699463,0.0
120.0,30.0,6.812920690579608e-05,2.0625,combined,57.000471687999834,0.0
120.0,30.0,6.812920690579608e-05,2.125,arca,55.837046264376156,0.0
120.0,30.0,6.812920690579608e-05,2.125,orca,52.91115387699463,0.0
120.0,30.0,6.812920690579608e-05,2.125,combined,57.000471687999834,0.0
120.0,30.0,6.812920690579608e-05,2.1875,arca,55.837046264376156,0.0
120.0,30.0,6.812920690579608e-05,2.1875,orca,52.91115387699463,0.0
120.0,30.0,6.812920690579608e-05,2.1875,combined,57.000471687999834,0.0
120.0,30.0,6.812920690579608e-05,2.25,arca,55.837046264376156,0.0
120.0,30.0,6.812920690579608e-05,2.25,orca,52.91115387699463,0.0
120.0,30.0,6.812920690579608e-05,2.25,combined,57.000471687999834,0.0
120.0,30.0,6.812920690579608e-05,2.3125,arca,55.837046264376156,0.0
120.0,30.0,6.812920690579608e-05,2.3125,orca,52.91115387699463,0.0
120.0,30.0,6.812920690579608e-05,2.3125,combined,57.000471687999834,0.0
120.0,30.0,6.812920690579608e-05,2.375,arca,55.837046264376156,0.0
120.0,30.0,6.812920690579608e-05,2.375,orca,52.91115387699463,0.0
120.0,30.0,6.812920690579608e-05,2.375,combined,57.000471687999834,0.0
120.0,30.0,6.812920690579608e-05,2.4375,arca,55.837046264376156,0.0
120.0,30.0,6.812920690579608e-05,2.4375,orca,52.91115387699463,0.0
120.0,30.0,6.812920690579608e-05,2.4375,combined,57.000471687999834,0.0
120.0,30.0,6.812920690579608e-05,2.5,arca,55.837046264376156,0.0
120.0,30.0,6.812920690579608e-05,2.5,orca,52.91115387699463,0.0
120.0,30.0,6.812920690579608e-05,2.5,combined,57.000471687999834,0.0
120.0,30.0,6.812920690579608e-05,2.5625,arca,55.837046264376156,0.0
120.0,30.0,6.812920690579608e-05,2.5625,orca,52.91115387699463,0.0
120.0,30.0,6.812920690579608e-05,2.5625,combined,57.000471687999834,0.0
120.0,30.0,6.812920690579608e-05,2.625,arca,55.837046264376156,0.0
120.0,30.0,6.812920690579608e-05,2.625,orca,52.91115387699463,0.0
120.0,30.0,6.812920690579608e-05,2.625,combined,57.000471687999834,0.0
120.0,30.0,6.812920690579608e-05,2.6875,arca,55.837046264376156,0.0
120.0,30.0,6.812920690579608e-05,2.6875,orca,52.91115387699463,0.0
120.0,30.0,6.812920690579608e-05,2.6875,combined,57.000471687999834,0.0
120.0,30.0,6.812920690579608e-05,2.75,arca,55.837046264376156,0.0
120.0,30.0,6.812920690579608e-05,2.75,orca,52.91115387699463,0.0
120.0,30.0,6.812920690579608e-05,2.75,combined,57.000471687999834,0.0
120.0,30.0,6.812920690579608e-05,2.8125,arca,55.837046264376156,0.0
120.0,30.0,6.812920690579608e-05,2.8125,orca,52.91115387699463,0.0
120.0,30.0,6.812920690579608e-05,2.8125,combined,57.000471687999834,0.0
120.0,30.0,6.812920690579608e-05,2.875,arca,55.837046264376156,0.0
120.0,30.0,6.812920690579608e-05,2.875,orca,52.91115387699463,0.0
120.0,30.0,6.812920690579608e-05,2.875,combined,57.000471687999834,0.0
120.0,30.0,6.812920690579608e-05,2.9375,arca,55.837046264376156,0.0
120.0,30.0,6.812920690579608e-05,2.9375,orca,52.91115387699463,0.0
120.0,30.0,6.812920690579608e-05,2.9375,combined,57.000471687999834,0.0
120.0,30.0,6.812920690579608e-05,3.0,arca,55.837046264376156,0.0
120.0,30.0,6.812920690579608e-05,3.0,orca,52.91115387699463,0.0
120.0,30.0,6.812920690579608e-05,3.0,combined,57.000471687999834,0.0
120.0,30.0,0.00019573417814876596,1.5,arca,63.435739185096274,0.0
120.0,30.0,0.00019573417814876596,1.5,orca,60.26873385012921,0.0
120.0,30.0,0.00019573417814876596,1.5,combined,64.38308179616173,0.0
120.0,30.0,0.00019573417814876596,1.5625,arca,60.00353133702736,0.0
120.0,30.0,0.00019573417814876596,1.5625,orca,52.91115387699463,0.0
120.0,30.0,0.00019573417814876596,1.5625,combined,55.22639578758873,0.0
120.0,30.0,0.00019573417814876596,1.625,arca,52.45169381577051,0.0
120.0,30.0,0.00019573417814876596,1.625,orca,56.88235294117647,0.0
120.0,30.0,0.00019573417814876596,1.625,combined,53.44784291917097,0.0
120.0,30.0,0.00019573417814876596,1.6875,arca,58.843538985398524,0.0
120.0,30.0,0.00019573417814876596,1.6875,orca,61.412775842044155,0.0
120.0,30.0,0.00019573417814876596,1.6875,combined,55.968509327400305,0.0
120.0,30.0,0.00019573417814876596,1.75,arca,58.45328599878778,0.0
120.0,30.0,0.00019573417814876596,1.75,orca,56.79223468507334,0.0
120.0,30.0,0.00019573417814876596,1.75,combined,59.407103123662814,0.0
120.0,30.0,0.00019573417814876596,1.8125,arca,59.66162024731306,0.0
120.0,30.0,0.00019573417814876596,1.8125,orca,52.91115387699463,0.0
120.0,30.0,0.00019573417814876596,1.8125,combined,60.9618908966344,0.0
120.0,30.0,0.00019573417814876596,1.875,arca,59.020428773407986,0.0
120.0,30.0,0.00019573417814876596,1.875,orca,52.91115387699463,0.0
120.0,30.0,0.00019573417814876596,1.875,combined,61.94499545141895,0.0
120.0,30.0,0.00019573417814876596,1.9375,arca,57.30530206769089,0.0
120.0,30.0,0.00019573417814876596,1.9375,orca,52.91115387699463,0.0
120.0,30.0,0.00019573417814876596,1.9375,combined,53.75563079956282,0.0
120.0,30.0,0.00019573417814876596,2.0,arca,58.61968899936412,0.0
120.0,30.0,0.00019573417814876596,2.0,orca,52.91115387699463,0.0
120.0,30.0,0.00019573417814876596,2.0,combined,57.000471687999834,0.0
120.0,30.0,0.00019573417814876596,2.0625,arca,61.21432917113305,0.0
120.0,30.0,0.00019573417814876596,2.0625,orca,52.91115387699463,0.0
120.0,30.0,0.00019573417814876596,2.0625,combined,57.000471687999834,0.0
120.0,30.0,0.00019573417814876596,2.125,arca,55.837046264376156,0.0
120.0,30.0,0.00019573417814876596,2.125,orca,52.91115387699463,0.0
120.0,30.0,0.00019573417814876596,2.125,combined,63.36274530785198,0.0
120.0,30.0,0.00019573417814876596,2.1875,arca,55.837046264376156,0.0
120.0,30.0,0.00019573417814876596,2.1875,orca,52.91115387699463,0.0
120.0,30.0,0.00019573417814876596,2.1875,combined,57.000471687999834,0.0
120.0,30.0,0.00019573417814876596,2.25,arca,55.837046264376156,0.0
120.0,30.0,0.00019573417814876596,2.25,orca,52.91115387699463,0.0
120.0,30.0,0.00019573417814876596,2.25,combined,57.000471687999834,0.0
120.0,30.0,0.00019573417814876596,2.3125,arca,55.837046264376156,0.0
120.0,30.0,0.00019573417814876596,2.3125,orca,52.91115387699463,0.0
120.0,30.0,0.00019573417814876596,2.3125,combined,57.000471687999834,0.0
120.0,30.0,0.00019573417814876596,2.375,arca,55.837046264376156,0.0
120.0,30.0,0.00019573417814876596,2.375,orca,52.91115387699463,0.0
120.0,30.0,0.00019573417814876596,2.375,combined,57.000471687999834,0.0
120.0,30.0,0.00019573417814876596,2.4375,arca,55.837046264376156,0.0
120.0,30.0,0.00019573417814876596,2.4375,orca,52.91115387699463,0.0
120.0,30.0,0.00019573417814876596,2.4375,combined,57.000471687999834,0.0
120.0,30.0,0.00019573417814876596,2.5,arca,55.837046264376156,0.0
120.0,30.0,0.00019573417814876596,2.5,orca,52.91115387699463,0.0
120.0,30.0,0.00019573417814876596,2.5,combined,57.000471687999834,0.0
120.0,30.0,0.00019573417814876596,2.5625,arca,55.837046264376156,0.0
120.0,30.0,0.00019573417814876596,2.5625,orca,52.91115387699463,0.0
120.0,30.0,0.00019573417814876596,2.5625,combined,57.000471687999834,0.0
120.0,30.0,0.00019573417814876596,2.625,arca,55.837046264376156,0.0
120.0,30.0,0.00019573417814876596,2.625,orca,52.91115387699463,0.0
120.0,30.0,0.00019573417814876596,2.625,combined,57.000471687999834,0.0
120.0,30.0,0.00019573417814876596,2.6875,arca,55.837046264376156,0.0
120.0,30.0,0.00019573417814876596,2.6875,orca,52.91115387699463,0.0
120.0,30.0,0.00019573417814876596,2.6875,combined,57.000471687999834,0.0
120.0,30.0,0.00019573417814876596,2.75,arca,55.837046264376156,0.0
120.0,30.0,0.00019573417814876596,2.75,orca,52.91115387699463,0.0
120.0,30.0,0.00019573417814876596,2.75,combined,57.000471687999834,0.0
120.0,30.0,0.00019573417814876596,2.8125,arca,55.837046264376156,0.0
120.0,30.0,0.00019573417814876596,2.8125,orca,52.91115387699463,0.0
120.0,30.0,0.00019573417814876596,2.8125,combined,57.000471687999834,0.0
120.0,30.0,0.00019573417814876596,2.875,arca,55.837046264376156,0.0
120.0,30.0,0.00019573417814876596,2.875,orca,52.91115387699463,0.0
120.0,30.0,0.00019573417814876596,2.875,combined,57.000471687999834,0.0
120.0,30.0,0.00019573417814876596,2.9375,arca,55.837046264376156,0.0
120.0,30.0,0.00019573417814876596,2.9375,orca,52.91115387699463,0.0
120.0,30.0,0.00019573417814876596,2.9375,combined,57.000471687999834,0.0
120.0,30.0,0.00019573417814876596,3.0,arca,55.837046264376156,0.0
120.0,30.0,0.00019573417814876596,3.0,orca,52.91115387699463,0.0
120.0,30.0,0.00019573417814876596,3.0,combined,57.000471687999834,0.0
120.0,30.0,0.000562341325190349,1.5,arca,160.05026965099054,0.0
120.0,30.0,0.000562341325190349,1.5,orca,60.539282250242486,0.0
120.0,30.0,0.000562341325190349,1.5,combined,128.36423841059602,0.0
120.0,30.0,0.000562341325190349,1.5625,arca,73.92673741869223,0.0
120.0,30.0,0.000562341325190349,1.5625,orca,57.11925630810093,0.0
120.0,30.0,0.000562341325190349,1.5625,combined,63.810881646322215,0.0
120.0,30.0,0.000562341325190349,1.625,arca,69.83592450232345,0.0
120.0,30.0,0.000562341325190349,1.625,orca,59.04049079754601,0.0
120.0,30.0,0.000562341325190349,1.625,combined,64.41093500072706,0.0
120.0,30.0,0.000562341325190349,1.6875,arca,63.1695668484691,0.0
120.0,30.0,0.000562341325190349,1.6875,orca,65.9639870665626,0.0
120.0,30.0,0.000562341325190349,1.6875,combined,56.11097143655283,0.0
120.0,30.0,0.000562341325190349,1.75,arca,60.32980966409612,0.0
120.0,30.0,0.000562341325190349,1.75,orca,52.91115387699463,0.0
120.0,30.0,0.000562341325190349,1.75,combined,71.91225726198428,0.0
120.0,30.0,0.000562341325190349,1.8125,arca,55.84303973165231,0.0
120.0,30.0,0.000562341325190349,1.8125,orca,60.851711026615966,0.0
120.0,30.0,0.000562341325190349,1.8125,combined,52.788848028735146,0.0
120.0,30.0,0.000562341325190349,1.875,arca,62.085859314163756,0.0
120.0,30.0,0.000562341325190349,1.875,orca,52.91115387699463,0.0
120.0,30.0,0.000562341325190349,1.875,combined,57.464634355197816,0.0
120.0,30.0,0.000562341325190349,1.9375,arca,61.69394359685621,0.0
120.0,30.0,0.000562341325190349,1.9375,orca,52.91115387699463,0.0
120.0,30.0,0.000562341325190349,1.9375,combined,62.804523182917166,0.0
120.0,30.0,0.000562341325190349,2.0,arca,64.3186660490968,0.0
120.0,30.0,0.000562341325190349,2.0,orca,52.91115387699463,0.0
120.0,30.0,0.000562341325190349,2.0,combined,52.749407810138294,0.0
120.0,30.0,0.000562341325190349,2.0625,arca,50.26425591098747,0.0
120.0,30.0,0.000562341325190349,2.0625,orca,52.91115387699463,0.0
120.0,30.0,0.000562341325190349,2.0625,combined,52.60577995026155,0.0
120.0,30.0,0.000562341325190349,2.125,arca,62.30509063531592,0.0
120.0,30.0,0.000562341325190349,2.125,orca,55.93996182543813,0.0
120.0,30.0,0.000562341325190349,2.125,combined,57.000471687999834,0.0
120.0,30.0,0.000562341325190349,2.1875,arca,55.837046264376156,0.0
120.0,30.0,0.000562341325190349,2.1875,orca,52.91115387699463,0.0
120.0,30.0,0.000562341325190349,2.1875,combined,57.000471687999834,0.0
120.0,30.0,0.000562341325190349,2.25,arca,55.837046264376156,0.0
120.0,30.0,0.000562341325190349,2.25,orca,52.91115387699463,0.0
120.0,30.0,0.000562341325190349,2.25,combined,52.37683894488528,0.0
120.0,30.0,0.000562341325190349,2.3125,arca,55.837046264376156,0.0
120.0,30.0,0.000562341325190349,2.3125,orca,52.91115387699463,0.0
120.0,30.0,0.000562341325190349,2.3125,combined,57.000471687999834,0.0
120.0,30.0,0.000562341325190349,2.375,arca,55.837046264376156,0.0
120.0,30.0,0.000562341325190349,2.375,orca,52.91115387699463,0.0
120.0,30.0,0.000562341325190349,2.375,combined,57.000471687999834,0.0
120.0,30.0,0.000562341325190349,2.4375,arca,55.837046264376156,0.0
120.0,30.0,0.000562341325190349,2.4375,orca,52.91115387699463,0.0
120.0,30.0,0.000562341325190349,2.4375,combined,57.000471687999834,0.0
120.0,30.0,0.000562341325190349,2.5,arca,55.837046264376156,0.0
120.0,30.0,0.000562341325190349,2.5,orca,52.91115387699463,0.0
120.0,30.0,0.000562341325190349,2.5,combined,57.000471687999834,0.0
120.0,30.0,0.000562341325190349,2.5625,arca,55.837046264376156,0.0
120.0,30.0,0.000562341325190349,2.5625,orca,52.91115387699463,0.0
120.0,30.0,0.000562341325190349,2.5625,combined,57.000471687999834,0.0
120.0,30.0,0.000562341325190349,2.625,arca,55.837046264376156,0.0
120.0,30.0,0.000562341325190349,2.625,orca,52.91115387699463,0.0
120.0,30.0,0.000562341325190349,2.625,combined,57.000471687999834,0.0
120.0,30.0,0.000562341325190349,2.6875,arca,55.837046264376156,0.0
120.0,30.0,0.000562341325190349,2.6875,orca,52.91115387699463,0.0
120.0,30.0,0.000562341325190349,2.6875,combined,57.000471687999834,0.0
120.0,30.0,0.000562341325190349,2.75,arca,55.837046264376156,0.0
120.0,30.0,0.000562341325190349,2.75,orca,52.91115387699463,0.0
120.0,30.0,0.000562341325190349,2.75,combined,57.000471687999834,0.0
120.0,30.0,0.000562341325190349,2.8125,arca,55.837046264376156,0.0
120.0,30.0,0.000562341325190349,2.8125,orca,52.91115387699463,0.0
120.0,30.0,0.000562341325190349,2.8125,combined,57.000471687999834,0.0
120.0,30.0,0.000562341325190349,2.875,arca,55.837046264376156,0.0
120.0,30.0,0.000562341325190349,2.875,orca,52.91115387699463,0.0
120.0,30.0,0.000562341325190349,2.875,combined,57.000471687999834,0.0
120.0,30.0,0.000562341325190349,2.9375,arca,55.837046264376156,0.0
120.0,30.0,0.000562341325190349,2.9375,orca,52.91115387699463,0.0
120.0,30.0,0.000562341325190349,2.9375,combined,57.000471687999834,0.0
120.0,30.0,0.000562341325190349,3.0,arca,55.837046264376156,0.0
120.0,30.0,0.000562341325190349,3.0,orca,52.91115387699463,0.0
120.0,30.0,0.000562341325190349,3.0,combined,57.000471687999834,0.0
120.0,30.0,0.0016155980984398728,1.5,arca,926.8022174817625,0.0
120.0,30.0,0.0016155980984398728,1.5,orca,59.6073745305565,0.0
120.0,30.0,0.0016155980984398728,1.5,combined,770.99409466703,0.0
120.0,30.0,0.0016155980984398728,1.5625,arca,215.97372230263898,0.0
120.0,30.0,0.0016155980984398728,1.5625,orca,62.71398369072787,0.0
120.0,30.0,0.0016155980984398728,1.5625,combined,187.07842951526206,0.0
120.0,30.0,0.0016155980984398728,1.625,arca,66.1310991195683,0.0
120.0,30.0,0.0016155980984398728,1.625,orca,58.81196581196582,0.0
120.0,30.0,0.0016155980984398728,1.625,combined,64.78906697908619,0.0
120.0,30.0,0.0016155980984398728,1.6875,arca,58.55956720144648,0.0
120.0,30.0,0.0016155980984398728,1.6875,orca,59.12791678380658,0.0
120.0,30.0,0.0016155980984398728,1.6875,combined,67.47539666599718,0.0
120.0,30.0,0.0016155980984398728,1.75,arca,54.45915056141055,0.0
120.0,30.0,0.0016155980984398728,1.75,orca,63.019739081111744,0.0
120.0,30.0,0.0016155980984398728,1.75,combined,57.75867243357754,0.0
120.0,30.0,0.0016155980984398728,1.8125,arca,58.054682770747455,0.0
120.0,30.0,0.0016155980984398728,1.8125,orca,52.819580419580426,0.0
120.0,30.0,0.0016155980984398728,1.8125,combined,55.080406899601954,0.0
120.0,30.0,0.0016155980984398728,1.875,arca,61.74617048896583,0.0
120.0,30.0,0.0016155980984398728,1.875,orca,54.222961730449256,0.0
120.0,30.0,0.0016155980984398728,1.875,combined,52.13921237633282,0.0
120.0,30.0,0.0016155980984398728,1.9375,arca,66.3129850272625,0.0
120.0,30.0,0.0016155980984398728,1.9375,orca,53.744125326370764,0.0
120.0,30.0,0.0016155980984398728,1.9375,combined,57.95440687038891,0.0
120.0,30.0,0.0016155980984398728,2.0,arca,55.297759297759306,0.0
120.0,30.0,0.0016155980984398728,2.0,orca,55.5350954952051,0.0
120.0,30.0,0.0016155980984398728,2.0,combined,51.938870602316925,0.0
120.0,30.0,0.0016155980984398728,2.0625,arca,53.64942578610894,0.0
120.0,30.0,0.0016155980984398728,2.0625,orca,55.099183498066175,0.0
120.0,30.0,0.0016155980984398728,2.0625,combined,56.54480662628684,0.0
120.0,30.0,0.0016155980984398728,2.125,arca,58.58327542274726,0.0
120.0,30.0,0.0016155980984398728,2.125,orca,52.91115387699463,0.0
120.0,30.0,0.0016155980984398728,2.125,combined,53.85069637883009,0.0
120.0,30.0,0.0016155980984398728,2.1875,arca,57.06052715331423,0.0
120.0,30.0,0.0016155980984398728,2.1875,orca,52.91115387699463,0.0
120.0,30.0,0.0016155980984398728,2.1875,combined,57.000471687999834,0.0
120.0,30.0,0.0016155980984398728,2.25,arca,55.837046264376156,0.0
120.0,30.0,0.0016155980984398728,2.25,orca,52.91115387699463,0.0
120.0,30.0,0.0016155980984398728,2.25,combined,57.000471687999834,0.0
120.0,30.0,0.0016155980984398728,2.3125,arca,54.02929184859613,0.0
120.0,30.0,0.0016155980984398728,2.3125,orca,52.91115387699463,0.0
120.0,30.0,0.0016155980984398728,2.3125,combined,57.000471687999834,0.0
120.0,30.0,0.0016155980984398728,2.375,arca,55.837046264376156,0.0
120.0,30.0,0.0016155980984398728,2.375,orca,52.91115387699463,0.0
120.0,30.0,0.0016155980984398728,2.375,combined,57.000471687999834,0.0
120.0,30.0,0.0016155980984398728,2.4375,arca,59.82013473270305,0.0
120.0,30.0,0.0016155980984398728,2.4375,orca,52.91115387699463,0.0
120.0,30.0,0.0016155980984398728,2.4375,combined,54.53219104733347,0.0
120.0,30.0,0.0016155980984398728,2.5,arca,55.837046264376156,0.0
120.0,30.0,0.0016155980984398728,2.5,orca,52.91115387699463,0.0
120.0,30.0,0.0016155980984398728,2.5,combined,57.000471687999834,0.0
120.0,30.0,0.0016155980984398728,2.5625,arca,55.837046264376156,0.0
120.0,30.0,0.0016155980984398728,2.5625,orca,52.91115387699463,0.0
120.0,30.0,0.0016155980984398728,2.5625,combined,57.000471687999834,0.0
120.0,30.0,0.0016155980984398728,2.625,arca,55.837046264376156,0.0
120.0,30.0,0.0016155980984398728,2.625,orca,52.91115387699463,0.0
120.0,30.0,0.0016155980984398728,2.625,combined,57.000471687999834,0.0
120.0,30.0,0.0016155980984398728,2.6875,arca,55.837046264376156,0.0
120.0,30.0,0.0016155980984398728,2.6875,orca,52.91115387699463,0.0
120.0,30.0,0.0016155980984398728,2.6875,combined,57.000471687999834,0.0
120.0,30.0,0.0016155980984398728,2.75,arca,55.837046264376156,0.0
120.0,30.0,0.0016155980984398728,2.75,orca,52.91115387699463,0.0
120.0,30.0,0.0016155980984398728,2.75,combined,57.000471687999834,0.0
120.0,30.0,0.0016155980984398728,2.8125,arca,55.837046264376156,0.0
120.0,30.0,0.0016155980984398728,2.8125,orca,52.91115387699463,0.0
120.0,30.0,0.0016155980984398728,2.8125,combined,57.000471687999834,0.0
120.0,30.0,0.0016155980984398728,2.875,arca,55.837046264376156,0.0
120.0,30.0,0.0016155980984398728,2.875,orca,52.91115387699463,0.0
120.0,30.0,0.0016155980984398728,2.875,combined,57.000471687999834,0.0
120.0,30.0,0.0016155980984398728,2.9375,arca,55.837046264376156,0.0
120.0,30.0,0.0016155980984398728,2.9375,orca,52.91115387699463,0.0
120.0,30.0,0.0016155980984398728,2.9375,combined,57.000471687999834,0.0
120.0,30.0,0.0016155980984398728,3.0,arca,55.837046264376156,0.0
120.0,30.0,0.0016155980984398728,3.0,orca,52.91115387699463,0.0
120.0,30.0,0.0016155980984398728,3.0,combined,57.000471687999834,0.0
120.0,30.0,0.004641588833612777,1.5,arca,6596.671769584222,0.0
120.0,30.0,0.004641588833612777,1.5,orca,63.67381974248927,0.0
120.0,30.0,0.004641588833612777,1.5,combined,5726.332516815582,0.0
120.0,30.0,0.004641588833612777,1.5625,arca,1297.4269744145822,0.0
120.0,30.0,0.004641588833612777,1.5625,orca,56.55058043117744,0.0
120.0,30.0,0.004641588833612777,1.5625,combined,1028.1097350295036,0.0
120.0,30.0,0.004641588833612777,1.625,arca,255.16619996705649,0.0
120.0,30.0,0.004641588833612777,1.625,orca,59.382113821138226,0.0
120.0,30.0,0.004641588833612777,1.625,combined,216.56292700881045,0.0
120.0,30.0,0.004641588833612777,1.6875,arca,66.83917665686496,0.0
120.0,30.0,0.004641588833612777,1.6875,orca,59.31064171736884,0.0
120.0,30.0,0.004641588833612777,1.6875,combined,69.62961248995299,0.0
120.0,30.0,0.004641588833612777,1.75,arca,62.87884863239296,0.0
120.0,30.0,0.004641588833612777,1.75,orca,56.276272306675466,0.0
120.0,30.0,0.004641588833612777,1.75,combined,66.74066992422632,0.0
120.0,30.0,0.004641588833612777,1.8125,arca,57.695242472994714,0.0
120.0,30.0,0.004641588833612777,1.8125,orca,63.221006564551416,0.0
120.0,30.0,0.004641588833612777,1.8125,combined,57.907503792741274,0.0
120.0,30.0,0.004641588833612777,1.875,arca,62.27279534589023,0.0
120.0,30.0,0.004641588833612777,1.875,orca,52.91115387699463,0.0
120.0,30.0,0.004641588833612777,1.875,combined,61.878982434887945,0.0
120.0,30.0,0.004641588833612777,1.9375,arca,54.408492960996995,0.0
120.0,30.0,0.004641588833612777,1.9375,orca,56.13583853405922,0.0
120.0,30.0,0.004641588833612777,1.9375,combined,54.66078045656252,0.0
120.0,30.0,0.004641588833612777,2.0,arca,60.57674862046052,0.0
120.0,30.0,0.004641588833612777,2.0,orca,52.91115387699463,0.0
120.0,30.0,0.004641588833612777,2.0,combined,60.43424657534248,0.0
120.0,30.0,0.004641588833612777,2.0625,arca,61.71058714748034,0.0
120.0,30.0,0.004641588833612777,2.0625,orca,62.24889231361973,0.0
120.0,30.0,0.004641588833612777,2.0625,combined,57.06322318468614,0.0
120.0,30.0,0.004641588833612777,2.125,arca,60.04987119742974,0.0
120.0,30.0,0.004641588833612777,2.125,orca,52.91115387699463,0.0
120.0,30.0,0.004641588833612777,2.125,combined,58.805172561445566,0.0
120.0,30.0,0.004641588833612777,2.1875,arca,61.86401806914924,0.0
120.0,30.0,0.004641588833612777,2.1875,orca,52.91115387699463,0.0
120.0,30.0,0.004641588833612777,2.1875,combined,57.10810936374828,0.0
120.0,30.0,0.004641588833612777,2.25,arca,54.40947139753801,0.0
120.0,30.0,0.004641588833612777,2.25,orca,52.91115387699463,0.0
120.0,30.0,0.004641588833612777,2.25,combined,59.11864298082472,0.0
120.0,30.0,0.004641588833612777,2.3125,arca,57.61861705210688,0.0
120.0,30.0,0.004641588833612777,2.3125,orca,52.91115387699463,0.0
120.0,30.0,0.004641588833612777,2.3125,combined,57.000471687999834,0.0
120.0,30.0,0.004641588833612777,2.375,arca,55.837046264376156,0.0
120.0,30.0,0.004641588833612777,2.375,orca,52.91115387699463,0.0
120.0,30.0,0.004641588833612777,2.375,combined,64.09617602697186,0.0
120.0,30.0,0.004641588833612777,2.4375,arca,55.837046264376156,0.0
120.0,30.0,0.004641588833612777,2.4375,orca,52.91115387699463,0.0
120.0,30.0,0.004641588833612777,2.4375,combined,57.000471687999834,0.0
120.0,30.0,0.004641588833612777,2.5,arca,56.9113254960862,0.0
120.0,30.0,0.004641588833612777,2.5,orca,52.91115387699463,0.0
120.0,30.0,0.004641588833612777,2.5,combined,57.000471687999834,0.0
120.0,30.0,0.004641588833612777,2.5625,arca,55.837046264376156,0.0
120.0,30.0,0.004641588833612777,2.5625,orca,52.91115387699463,0.0
120.0,30.0,0.004641588833612777,2.5625,combined,57.000471687999834,0.0
120.0,30.0,0.004641588833612777,2.625,arca,55.837046264376156,0.0
120.0,30.0,0.004641588833612777,2.625,orca,52.91115387699463,0.0
120.0,30.0,0.004641588833612777,2.625,combined,57.000471687999834,0.0
120.0,30.0,0.004641588833612777,2.6875,arca,55.837046264376156,0.0
120.0,30.0,0.004641588833612777,2.6875,orca,52.91115387699463,0.0
120.0,30.0,0.004641588833612777,2.6875,combined,57.000471687999834,0.0
120.0,30.0,0.004641588833612777,2.75,arca,55.837046264376156,0.0
120.0,30.0,0.004641588833612777,2.75,orca,52.91115387699463,0.0
120.0,30.0,0.004641588833612777,2.75,combined,57.000471687999834,0.0
120.0,30.0,0.004641588833612777,2.8125,arca,55.837046264376156,0.0
120.0,30.0,0.004641588833612777,2.8125,orca,52.91115387699463,0.0
120.0,30.0,0.004641588833612777,2.8125,combined,57.000471687999834,0.0
120.0,30.0,0.004641588833612777,2.875,arca,55.837046264376156,0.0
120.0,30.0,0.004641588833612777,2.875,orca,52.91115387699463,0.0
120.0,30.0,0.004641588833612777,2.875,combined,57.000471687999834,0.0
120.0,30.0,0.004641588833612777,2.9375,arca,55.837046264376156,0.0
120.0,30.0,0.004641588833612777,2.9375,orca,52.91115387699463,0.0
120.0,30.0,0.004641588833612777,2.9375,combined,57.000471687999834,0.0
120.0,30.0,0.004641588833612777,3.0,arca,55.837046264376156,0.0
120.0,30.0,0.004641588833612777,3.0,orca,52.91115387699463,0.0
120.0,30.0,0.004641588833612777,3.0,combined,57.000471687999834,0.0
120.0,30.0,0.013335214321633239,1.5,arca,38242.996672212976,0.0
120.0,30.0,0.013335214321633239,1.5,orca,53.141940216394644,0.0
120.0,30.0,0.013335214321633239,1.5,combined,35000.74683994487,0.0
120.0,30.0,0.013335214321633239,1.5625,arca,8586.092400336707,0.0
120.0,30.0,0.013335214321633239,1.5625,orca,56.324899156582326,0.0
120.0,30.0,0.013335214321633239,1.5625,combined,7851.493881017643,0.0
120.0,30.0,0.013335214321633239,1.625,arca,1684.2248901084938,0.0
120.0,30.0,0.013335214321633239,1.625,orca,59.15742667928098,0.0
120.0,30.0,0.013335214321633239,1.625,combined,1509.3155900237948,0.0
120.0,30.0,0.013335214321633239,1.6875,arca,412.73109243697473,0.0
120.0,30.0,0.013335214321633239,1.6875,orca,60.560655737704906,0.0
120.0,30.0,0.013335214321633239,1.6875,combined,348.32985074626873,0.0
120.0,30.0,0.013335214321633239,1.75,arca,100.18725749311142,0.0
120.0,30.0,0.013335214321633239,1.75,orca,62.304579339723105,0.0
120.0,30.0,0.013335214321633239,1.75,combined,113.4237029870601,0.0
120.0,30.0,0.013335214321633239,1.8125,arca,57.893442389352785,0.0
120.0,30.0,0.013335214321633239,1.8125,orca,65.25123803235391,0.0
120.0,30.0,0.013335214321633239,1.8125,combined,68.88370672595343,0.0
120.0,30.0,0.013335214321633239,1.875,arca,64.1376973873098,0.0
120.0,30.0,0.013335214321633239,1.875,orca,63.669474295672366,0.0
120.0,30.0,0.013335214321633239,1.875,combined,57.73571479910875,0.0
120.0,30.0,0.013335214321633239,1.9375,arca,55.53396825396824,0.0
120.0,30.0,0.013335214321633239,1.9375,orca,54.90243192078055,0.0
120.0,30.0,0.013335214321633239,1.9375,combined,64.71549698393856,0.0
120.0,30.0,0.013335214321633239,2.0,arca,58.06423661255849,0.0
120.0,30.0,0.013335214321633239,2.0,orca,65.8063943161634,0.0
120.0,30.0,0.013335214321633239,2.0,combined,60.14455027367151,0.0
120.0,30.0,0.013335214321633239,2.0625,arca,56.124126782518346,0.0
120.0,30.0,0.013335214321633239,2.0625,orca,65.67571351642432,0.0
120.0,30.0,0.013335214321633239,2.0625,combined,60.56134272031075,0.0
120.0,30.0,0.013335214321633239,2.125,arca,56.01499609928054,0.0
120.0,30.0,0.013335214321633239,2.125,orca,51.976806422836745,0.0
120.0,30.0,0.013335214321633239,2.125,combined,64.24986090306014,0.0
120.0,30.0,0.013335214321633239,2.1875,arca,58.68752530218034,0.0
120.0,30.0,0.013335214321633239,2.1875,orca,52.91115387699463,0.0
120.0,30.0,0.013335214321633239,2.1875,combined,55.661870811655646,0.0
120.0,30.0,0.013335214321633239,2.25,arca,60.993995901047846,0.0
120.0,30.0,0.013335214321633239,2.25,orca,63.3018629617935,0.0
120.0,30.0,0.013335214321633239,2.25,combined,64.1020216687144,0.0
120.0,30.0,0.013335214321633239,2.3125,arca,60.89083978283469,0.0
120.0,30.0,0.013335214321633239,2.3125,orca,52.91115387699463,0.0
120.0,30.0,0.013335214321633239,2.3125,combined,71.14160505732349,0.0
120.0,30.0,0.013335214321633239,2.375,arca,59.59491770141496,0.0
120.0,30.0,0.013335214321633239,2.375,orca,52.91115387699463,0.0
120.0,30.0,0.013335214321633239,2.375,combined,66.2485606044391,0.0
120.0,30.0,0.013335214321633239,2.4375,arca,55.117701575532905,0.0
120.0,30.0,0.013335214321633239,2.4375,orca,59.29021334236369,0.0
120.0,30.0,0.013335214321633239,2.4375,combined,58.084496473060184,0.0
120.0,30.0,0.013335214321633239,2.5,arca,55.837046264376156,0.0
120.0,30.0,0.013335214321633239,2.5,orca,52.91115387699463,0.0
120.0,30.0,0.013335214321633239,2.5,combined,52.315915812936694,0.0
120.0,30.0,0.013335214321633239,2.5625,arca,55.81131036880376,0.0
120.0,30.0,0.013335214321633239,2.5625,orca,52.91115387699463,0.0
120.0,30.0,0.013335214321633239,2.5625,combined,55.57578723709027,0.0
120.0,30.0,0.013335214321633239,2.625,arca,55.837046264376156,0.0
120.0,30.0,0.013335214321633239,2.625,orca,52.91115387699463,0.0
120.0,30.0,0.013335214321633239,2.625,combined,57.000471687999834,0.0
120.0,30.0,0.013335214321633239,2.6875,arca,55.837046264376156,0.0
120.0,30.0,0.013335214321633239,2.6875,orca,52.91115387699463,0.0
120.0,30.0,0.013335214321633239,2.6875,combined,57.000471687999834,0.0
120.0,30.0,0.013335214321633239,2.75,arca,55.837046264376156,0.0
120.0,30.0,0.013335214321633239,2.75,orca,52.91115387699463,0.0
120.0,30.0,0.013335214321633239,2.75,combined,57.000471687999834,0.0
120.0,30.0,0.013335214321633239,2.8125,arca,52.8446073177091,0.0
120.0,30.0,0.013335214321633239,2.8125,orca,52.91115387699463,0.0
120.0,30.0,0.013335214321633239,2.8125,combined,57.000471687999834,0.0
120.0,30.0,0.013335214321633239,2.875,arca,62.27173220594197,0.0
120.0,30.0,0.013335214321633239,2.875,orca,52.91115387699463,0.0
120.0,30.0,0.013335214321633239,2.875,combined,57.000471687999834,0.0
120.0,30.0,0.013335214321633239,2.9375,arca,55.837046264376156,0.0
120.0,30.0,0.013335214321633239,2.9375,orca,52.91115387699463,0.0
120.0,30.0,0.013335214321633239,2.9375,combined,57.000471687999834,0.0
120.0,30.0,0.013335214321633239,3.0,arca,55.837046264376156,0.0
120.0,30.0,0.013335214321633239,3.0,orca,52.91115387699463,0.0
120.0,30.0,0.013335214321633239,3.0,combined,57.000471687999834,0.0
120.0,30.0,0.03831186849557285,1.5,arca,177219.04763984424,0.0
120.0,30.0,0.03831186849557285,1.5,orca,58.102161100196454,0.0
120.0,30.0,0.03831186849557285,1.5,combined,171431.4054969749,0.0
120.0,30.0,0.03831186849557285,1.5625,arca,50228.49242606395,0.0
120.0,30.0,0.03831186849557285,1.5625,orca,52.91783567134269,0.0
120.0,30.0,0.03831186849557285,1.5625,combined,46949.51503806839,0.0
120.0,30.0,0.03831186849557285,1.625,arca,12971.349795827153,0.0
120.0,30.0,0.03831186849557285,1.625,orca,57.57346060265768,0.0
120.0,30.0,0.03831186849557285,1.625,combined,10924.24128317529,0.0
120.0,30.0,0.03831186849557285,1.6875,arca,2856.923913043477,0.0
120.0,30.0,0.03831186849557285,1.6875,orca,65.47440982058546,0.0
120.0,30.0,0.03831186849557285,1.6875,combined,2366.1436258367225,0.0
120.0,30.0,0.03831186849557285,1.75,arca,581.7472445157839,0.0
120.0,30.0,0.03831186849557285,1.75,orca,58.264005482268296,0.0
120.0,30.0,0.03831186849557285,1.75,combined,520.8446031671444,0.0
120.0,30.0,0.03831186849557285,1.8125,arca,137.92185755749054,0.0
120.0,30.0,0.03831186849557285,1.8125,orca,54.716994139951744,0.0
120.0,30.0,0.03831186849557285,1.8125,combined,131.3789131647227,0.0
120.0,30.0,0.03831186849557285,1.875,arca,56.12988492651248,0.0
120.0,30.0,0.03831186849557285,1.875,orca,56.56370138578453,0.0
120.0,30.0,0.03831186849557285,1.875,combined,76.96425556547116,0.0
120.0,30.0,0.03831186849557285,1.9375,arca,55.50148911798397,0.0
120.0,30.0,0.03831186849557285,1.9375,orca,58.486777000511864,0.0
120.0,30.0,0.03831186849557285,1.9375,combined,60.44022324488398,0.0
120.0,30.0,0.03831186849557285,2.0,arca,56.81966316395566,0.0
120.0,30.0,0.03831186849557285,2.0,orca,57.99587471352177,0.0
120.0,30.0,0.03831186849557285,2.0,combined,56.88927639328359,0.0
120.0,30.0,0.03831186849557285,2.0625,arca,63.67574100719423,0.0
120.0,30.0,0.03831186849557285,2.0625,orca,51.872791519434635,0.0
120.0,30.0,0.03831186849557285,2.0625,combined,53.21908325537885,0.0
120.0,30.0,0.03831186849557285,2.125,arca,61.83462703794547,0.0
120.0,30.0,0.03831186849557285,2.125,orca,58.194486468314,0.0
120.0,30.0,0.03831186849557285,2.125,combined,61.82058252427183,0.0
120.0,30.0,0.03831186849557285,2.1875,arca,69.54047653429605,0.0
120.0,30.0,0.03831186849557285,2.1875,orca,67.54912742051158,0.0
120.0,30.0,0.03831186849557285,2.1875,combined,57.42515927366435,0.0
120.0,30.0,0.03831186849557285,2.25,arca,58.563484280357656,0.0
120.0,30.0,0.03831186849557285,2.25,orca,52.91115387699463,0.0
120.0,30.0,0.03831186849557285,2.25,combined,60.38010216260085,0.0
120.0,30.0,0.03831186849557285,2.3125,arca,66.80756888027985,0.0
120.0,30.0,0.03831186849557285,2.3125,orca,56.13631522896698,0.0
120.0,30.0,0.03831186849557285,2.3125,combined,63.38412698412697,0.0
120.0,30.0,0.03831186849557285,2.375,arca,57.09318208125941,0.0
120.0,30.0,0.03831186849557285,2.375,orca,51.899405131847644,0.0
120.0,30.0,0.03831186849557285,2.375,combined,57.15041598802658,0.0
120.0,30.0,0.03831186849557285,2.4375,arca,66.65614786104763,0.0
120.0,30.0,0.03831186849557285,2.4375,orca,52.91115387699463,0.0
120.0,30.0,0.03831186849557285,2.4375,combined,66.6118284405045,0.0
120.0,30.0,0.03831186849557285,2.5,arca,62.892695053912625,0.0
120.0,30.0,0.03831186849557285,2.5,orca,52.91115387699463,0.0
120.0,30.0,0.03831186849557285,2.5,combined,61.9835882912788,0.0
120.0,30.0,0.03831186849557285,2.5625,arca,55.723765387400434,0.0
120.0,30.0,0.03831186849557285,2.5625,orca,52.91115387699463,0.0
120.0,30.0,0.03831186849557285,2.5625,combined,57.000471687999834,0.0
120.0,30.0,0.03831186849557285,2.625,arca,59.35702517559326,0.0
120.0,30.0,0.03831186849557285,2.625,orca,52.91115387699463,0.0
120.0,30.0,0.03831186849557285,2.625,combined,57.000471687999834,0.0
120.0,30.0,0.03831186849557285,2.6875,arca,55.837046264376156,0.0
120.0,30.0,0.03831186849557285,2.6875,orca,52.91115387699463,0.0
120.0,30.0,0.03831186849557285,2.6875,combined,57.000471687999834,0.0
120.0,30.0,0.03831186849557285,2.75,arca,55.837046264376156,0.0
120.0,30.0,0.03831186849557285,2.75,orca,52.91115387699463,0.0
120.0,30.0,0.03831186849557285,2.75,combined,57.000471687999834,0.0
120.0,30.0,0.03831186849557285,2.8125,arca,55.837046264376156,0.0
120.0,30.0,0.03831186849557285,2.8125,orca,52.91115387699463,0.0
120.0,30.0,0.03831186849557285,2.8125,combined,57.000471687999834,0.0
120.0,30.0,0.03831186849557285,2.875,arca,55.837046264376156,0.0
120.0,30.0,0.03831186849557285,2.875,orca,52.91115387699463,0.0
120.0,30.0,0.03831186849557285,2.875,combined,57.000471687999834,0.0
120.0,30.0,0.03831186849557285,2.9375,arca,55.837046264376156,0.0
120.0,30.0,0.03831186849557285,2.9375,orca,52.91115387699463,0.0
120.0,30.0,0.03831186849557285,2.9375,combined,57.000471687999834,0.0
120.0,30.0,0.03831186849557285,3.0,arca,55.837046264376156,0.0
120.0,30.0,0.03831186849557285,3.0,orca,52.91115387699463,0.0
120.0,30.0,0.03831186849557285,3.0,combined,57.000471687999834,0.0
120.0,30.0,0.11006941712522081,1.5,arca,,
120.0,30.0,0.11006941712522081,1.5,orca,56.92975758732581,0.0
120.0,30.0,0.11006941712522081,1.5,combined,,
120.0,30.0,0.11006941712522081,1.5625,arca,227019.71460681374,0.0
120.0,30.0,0.11006941712522081,1.5625,orca,62.723094822571255,0.0
120.0,30.0,0.11006941712522081,1.5625,combined,220798.43421396808,0.0
120.0,30.0,0.11006941712522081,1.625,arca,68585.12125333189,0.0
120.0,30.0,0.11006941712522081,1.625,orca,55.042578356002366,0.0
120.0,30.0,0.11006941712522081,1.625,combined,65233.2986483914,0.0
120.0,30.0,0.11006941712522081,1.6875,arca,18576.27885628869,0.0
120.0,30.0,0.11006941712522081,1.6875,orca,57.99840573933837,0.0
120.0,30.0,0.11006941712522081,1.6875,combined,16253.736016655097,0.0
120.0,30.0,0.11006941712522081,1.75,arca,4392.21573368049,0.0
120.0,30.0,0.11006941712522081,1.75,orca,60.43044619422572,0.0
120.0,30.0,0.11006941712522081,1.75,combined,3843.336232124697,0.0
120.0,30.0,0.11006941712522081,1.8125,arca,954.9052469377629,0.0
120.0,30.0,0.11006941712522081,1.8125,orca,64.28159728762479,0.0
120.0,30.0,0.11006941712522081,1.8125,combined,857.7092368569813,0.0
120.0,30.0,0.11006941712522081,1.875,arca,213.83227316535869,0.0
120.0,30.0,0.11006941712522081,1.875,orca,57.368764264753835,0.0
120.0,30.0,0.11006941712522081,1.875,combined,202.65844255975327,0.0
120.0,30.0,0.11006941712522081,1.9375,arca,88.32958335688846,0.0
120.0,30.0,0.11006941712522081,1.9375,orca,58.798990063528265,0.0
120.0,30.0,0.11006941712522081,1.9375,combined,84.91715239376279,0.0
120.0,30.0,0.11006941712522081,2.0,arca,55.188331335274306,0.0
120.0,30.0,0.11006941712522081,2.0,orca,60.0769492679605,0.0
120.0,30.0,0.11006941712522081,2.0,combined,59.17058672696335,0.0
120.0,30.0,0.11006941712522081,2.0625,arca,55.60760944304378,0.0
120.0,30.0,0.11006941712522081,2.0625,orca,63.80868496517821,0.0
120.0,30.0,0.11006941712522081,2.0625,combined,60.295840937469976,0.0
120.0,30.0,0.11006941712522081,2.125,arca,62.677525179856104,0.0
120.0,30.0,0.11006941712522081,2.125,orca,63.43163538873995,0.0
120.0,30.0,0.11006941712522081,2.125,combined,49.37218725128429,0.0
120.0,30.0,0.11006941712522081,2.1875,arca,61.19174449440794,0.0
120.0,30.0,0.11006941712522081,2.1875,orca,52.91115387699463,0.0
120.0,30.0,0.11006941712522081,2.1875,combined,62.062262630912635,0.0
120.0,30.0,0.11006941712522081,2.25,arca,58.86938303713335,0.0
120.0,30.0,0.11006941712522081,2.25,orca,62.0960823563054,0.0
120.0,30.0,0.11006941712522081,2.25,combined,56.72442396313366,0.0
120.0,30.0,0.11006941712522081,2.3125,arca,56.570064337439774,0.0
120.0,30.0,0.11006941712522081,2.3125,orca,70.88867291040822,0.0
120.0,30.0,0.11006941712522081,2.3125,combined,59.79653235653237,0.0
120.0,30.0,0.11006941712522081,2.375,arca,60.086815415821505,0.0
120.0,30.0,0.11006941712522081,2.375,orca,55.193386692537786,0.0
120.0,30.0,0.11006941712522081,2.375,combined,54.76342921708019,0.0
120.0,30.0,0.11006941712522081,2.4375,arca,64.1569918558309,0.0
120.0,30.0,0.11006941712522081,2.4375,orca,54.22366992399566,0.0
120.0,30.0,0.11006941712522081,2.4375,combined,56.20291839616585,0.0
120.0,30.0,0.11006941712522081,2.5,arca,67.39764052741151,0.0
120.0,30.0,0.11006941712522081,2.5,orca,52.91115387699463,0.0
120.0,30.0,0.11006941712522081,2.5,combined,58.07811760657289,0.0
120.0,30.0,0.11006941712522081,2.5625,arca,58.199317188901425,0.0
120.0,30.0,0.11006941712522081,2.5625,orca,52.91115387699463,0.0
120.0,30.0,0.11006941712522081,2.5625,combined,52.0021165152325,0.0
120.0,30.0,0.11006941712522081,2.625,arca,59.210970220386486,0.0
120.0,30.0,0.11006941712522081,2.625,orca,52.91115387699463,0.0
120.0,30.0,0.11006941712522081,2.625,combined,52.82467742336474,0.0
120.0,30.0,0.11006941712522081,2.6875,arca,55.837046264376156,0.0
120.0,30.0,0.11006941712522081,2.6875,orca,52.91115387699463,0.0
120.0,30.0,0.11006941712522081,2.6875,combined,56.03144490079753,0.0
120.0,30.0,0.11006941712522081,2.75,arca,57.0932561505065,0.0
120.0,30.0,0.11006941712522081,2.75,orca,52.91115387699463,0.0
120.0,30.0,0.11006941712522081,2.75,combined,54.332228822986444,0.0
120.0,30.0,0.11006941712522081,2.8125,arca,55.837046264376156,0.0
120.0,30.0,0.11006941712522081,2.8125,orca,52.91115387699463,0.0
120.0,30.0,0.11006941712522081,2.8125,combined,57.000471687999834,0.0
120.0,30.0,0.11006941712522081,2.875,arca,55.837046264376156,0.0
120.0,30.0,0.11006941712522081,2.875,orca,52.91115387699463,0.0
120.0,30.0,0.11006941712522081,2.875,combined,57.000471687999834,0.0
120.0,30.0,0.11006941712522081,2.9375,arca,55.837046264376156,0.0
120.0,30.0,0.11006941712522081,2.9375,orca,52.91115387699463,0.0
120.0,30.0,0.11006941712522081,2.9375,combined,62.539878351751916,0.0
120.0,30.0,0.11006941712522081,3.0,arca,55.837046264376156,0.0
120.0,30.0,0.11006941712522081,3.0,orca,58.28355496820021,0.0
120.0,30.0,0.11006941712522081,3.0,combined,57.000471687999834,0.0
120.0,30.0,0.31622776601683794,1.5,arca,,
120.0,30.0,0.31622776601683794,1.5,orca,69.67987446057279,0.0
120.0,30.0,0.31622776601683794,1.5,combined,,
120.0,30.0,0.31622776601683794,1.5625,arca,,
120.0,30.0,0.31622776601683794,1.5625,orca,56.568099638408995,0.0
120.0,30.0,0.31622776601683794,1.5625,combined,,
120.0,30.0,0.31622776601683794,1.625,arca,291368.96323880914,0.0
120.0,30.0,0.31622776601683794,1.625,orca,55.2111876773409,0.0
120.0,30.0,0.31622776601683794,1.625,combined,282748.30310329597,0.0
120.0,30.0,0.31622776601683794,1.6875,arca,95226.87539812758,0.0
120.0,30.0,0.31622776601683794,1.6875,orca,57.715199999999996,0.0
120.0,30.0,0.31622776601683794,1.6875,combined,91594.19742172693,0.0
120.0,30.0,0.31622776601683794,1.75,arca,28411.846854087675,0.0
120.0,30.0,0.31622776601683794,1.75,orca,57.52346570397112,0.0
120.0,30.0,0.31622776601683794,1.75,combined,26105.95836758377,0.0
120.0,30.0,0.31622776601683794,1.8125,arca,6879.7768305137415,0.0
120.0,30.0,0.31622776601683794,1.8125,orca,53.34339550086521,0.0
120.0,30.0,0.31622776601683794,1.8125,combined,6483.8699962329265,0.0
120.0,30.0,0.31622776601683794,1.875,arca,1774.8711813013267,0.0
120.0,30.0,0.31622776601683794,1.875,orca,59.66718995290424,0.0
120.0,30.0,0.31622776601683794,1.875,combined,1538.7109000492806,0.0
120.0,30.0,0.31622776601683794,1.9375,arca,402.52897429633845,0.0
120.0,30.0,0.31622776601683794,1.9375,orca,61.30253005562534,0.0
120.0,30.0,0.31622776601683794,1.9375,combined,429.9575933827561,0.0
120.0,30.0,0.31622776601683794,2.0,arca,151.81379697139653,0.0
120.0,30.0,0.31622776601683794,2.0,orca,59.88310139165009,0.0
120.0,30.0,0.31622776601683794,2.0,combined,110.93538026413557,0.0
120.0,30.0,0.31622776601683794,2.0625,arca,60.87707782797716,0.0
120.0,30.0,0.31622776601683794,2.0625,orca,63.690448408068,0.0
120.0,30.0,0.31622776601683794,2.0625,combined,57.08570324948096,0.0
120.0,30.0,0.31622776601683794,2.125,arca,56.13601099310067,0.0
120.0,30.0,0.31622776601683794,2.125,orca,62.11638618246236,0.0
120.0,30.0,0.31622776601683794,2.125,combined,57.7643167928372,0.0
120.0,30.0,0.31622776601683794,2.1875,arca,58.6023919730903,0.0
120.0,30.0,0.31622776601683794,2.1875,orca,71.69128130140741,0.0
120.0,30.0,0.31622776601683794,2.1875,combined,63.104136349061505,0.0
120.0,30.0,0.31622776601683794,2.25,arca,62.2601269474899,0.0
120.0,30.0,0.31622776601683794,2.25,orca,60.40029018216991,0.0
120.0,30.0,0.31622776601683794,2.25,combined,58.02609452015077,0.0
120.0,30.0,0.31622776601683794,2.3125,arca,61.50122651582927,0.0
120.0,30.0,0.31622776601683794,2.3125,orca,53.769528104364625,0.0
120.0,30.0,0.31622776601683794,2.3125,combined,62.8009295302805,0.0
120.0,30.0,0.31622776601683794,2.375,arca,61.936471267686976,0.0
120.0,30.0,0.31622776601683794,2.375,orca,59.13815602836881,0.0
120.0,30.0,0.31622776601683794,2.375,combined,53.20427884399298,0.0
120.0,30.0,0.31622776601683794,2.4375,arca,57.9803297656928,0.0
120.0,30.0,0.31622776601683794,2.4375,orca,68.56639233509395,0.0
120.0,30.0,0.31622776601683794,2.4375,combined,55.23449776380997,0.0
120.0,30.0,0.31622776601683794,2.5,arca,56.24112019883818,0.0
120.0,30.0,0.31622776601683794,2.5,orca,56.87523992322457,0.0
120.0,30.0,0.31622776601683794,2.5,combined,59.958254918733964,0.0
120.0,30.0,0.31622776601683794,2.5625,arca,61.27388535031849,0.0
120.0,30.0,0.31622776601683794,2.5625,orca,52.91115387699463,0.0
120.0,30.0,0.31622776601683794,2.5625,combined,58.41518759829252,0.0
120.0,30.0,0.31622776601683794,2.625,arca,58.180967826011425,0.0
120.0,30.0,0.31622776601683794,2.625,orca,58.518634758728915,0.0
120.0,30.0,0.31622776601683794,2.625,combined,55.885568976478055,0.0
120.0,30.0,0.31622776601683794,2.6875,arca,59.35007522277516,0.0
120.0,30.0,0.31622776601683794,2.6875,orca,52.91115387699463,0.0
120.0,30.0,0.31622776601683794,2.6875,combined,53.66283193495373,0.0
120.0,30.0,0.31622776601683794,2.75,arca,55.837046264376156,0.0
120.0,30.0,0.31622776601683794,2.75,orca,57.36509940044179,0.0
120.0,30.0,0.31622776601683794,2.75,combined,57.6264985432488,0.0
120.0,30.0,0.31622776601683794,2.8125,arca,55.837046264376156,0.0
120.0,30.0,0.31622776601683794,2.8125,orca,52.91115387699463,0.0
120.0,30.0,0.31622776601683794,2.8125,combined,57.000471687999834,0.0
120.0,30.0,0.31622776601683794,2.875,arca,55.837046264376156,0.0
120.0,30.0,0.31622776601683794,2.875,orca,52.91115387699463,0.0
120.0,30.0,0.31622776601683794,2.875,combined,57.000471687999834,0.0
120.0,30.0,0.31622776601683794,2.9375,arca,70.94814814814814,0.0
120.0,30.0,0.31622776601683794,2.9375,orca,66.47379015348486,0.0
120.0,30.0,0.31622776601683794,2.9375,combined,57.000471687999834,0.0
120.0,30.0,0.31622776601683794,3.0,arca,55.837046264376156,0.0
120.0,30.0,0.31622776601683794,3.0,orca,52.21324885716578,0.0
120.0,30.0,0.31622776601683794,3.0,combined,57.000471687999834,0.0
120.0,30.0,0.9085175756516861,1.5,arca,,
120.0,30.0,0.9085175756516861,1.5,orca,137.24562723340227,0.0
120.0,30.0,0.9085175756516861,1.5,combined,,
120.0,30.0,0.9085175756516861,1.5625,arca,,
120.0,30.0,0.9085175756516861,1.5625,orca,64.01182499014584,0.0
120.0,30.0,0.9085175756516861,1.5625,combined,,
120.0,30.0,0.9085175756516861,1.625,arca,,
120.0,30.0,0.9085175756516861,1.625,orca,73.0715822413456,0.0
120.0,30.0,0.9085175756516861,1.625,combined,,
120.0,30.0,0.9085175756516861,1.6875,arca,390379.88770667755,0.0
120.0,30.0,0.9085175756516861,1.6875,orca,54.3296111665005,0.0
120.0,30.0,0.9085175756516861,1.6875,combined,379541.22781128704,0.0
120.0,30.0,0.9085175756516861,1.75,arca,137368.85000569967,0.0
120.0,30.0,0.9085175756516861,1.75,orca,64.4782259682922,0.0
120.0,30.0,0.9085175756516861,1.75,combined,128126.63766186379,0.0
120.0,30.0,0.9085175756516861,1.8125,arca,42460.4980172468,0.0
120.0,30.0,0.9085175756516861,1.8125,orca,50.49979911611089,0.0
120.0,30.0,0.9085175756516861,1.8125,combined,39645.054897470895,0.0
120.0,30.0,0.9085175756516861,1.875,arca,11917.60853791767,0.0
120.0,30.0,0.9085175756516861,1.875,orca,54.98338399189463,0.0
120.0,30.0,0.9085175756516861,1.875,combined,10696.652118864971,0.0
120.0,30.0,0.9085175756516861,1.9375,arca,3001.2056382335154,0.0
120.0,30.0,0.9085175756516861,1.9375,orca,54.48687713959681,0.0
120.0,30.0,0.9085175756516861,1.9375,combined,2701.2683575812207,0.0
120.0,30.0,0.9085175756516861,2.0,arca,774.5901292099134,0.0
120.0,30.0,0.9085175756516861,2.0,orca,62.75648335479124,0.0
120.0,30.0,0.9085175756516861,2.0,combined,708.189906542056,0.0
120.0,30.0,0.9085175756516861,2.0625,arca,204.92272513096262,0.0
120.0,30.0,0.9085175756516861,2.0625,orca,71.94131229555512,0.0
120.0,30.0,0.9085175756516861,2.0625,combined,187.64452286708956,0.0
120.0,30.0,0.9085175756516861,2.125,arca,86.96746541432088,0.0
120.0,30.0,0.9085175756516861,2.125,orca,57.68167964781577,0.0
120.0,30.0,0.9085175756516861,2.125,combined,69.26224328593996,0.0
120.0,30.0,0.9085175756516861,2.1875,arca,56.00308659617033,0.0
120.0,30.0,0.9085175756516861,2.1875,orca,53.54764729141953,0.0
120.0,30.0,0.9085175756516861,2.1875,combined,62.12321666584389,0.0
120.0,30.0,0.9085175756516861,2.25,arca,60.85976168652614,0.0
120.0,30.0,0.9085175756516861,2.25,orca,56.58512652780169,0.0
120.0,30.0,0.9085175756516861,2.25,combined,55.16394801648258,0.0
120.0,30.0,0.9085175756516861,2.3125,arca,56.30368458781362,0.0
120.0,30.0,0.9085175756516861,2.3125,orca,55.736418511066404,0.0
120.0,30.0,0.9085175756516861,2.3125,combined,64.356770505427,0.0
120.0,30.0,0.9085175756516861,2.375,arca,54.809202754487565,0.0
120.0,30.0,0.9085175756516861,2.375,orca,58.29671011793917,0.0
120.0,30.0,0.9085175756516861,2.375,combined,52.89050666927248,0.0
120.0,30.0,0.9085175756516861,2.4375,arca,64.80008639308855,0.0
120.0,30.0,0.9085175756516861,2.4375,orca,57.73027122802235,0.0
120.0,30.0,0.9085175756516861,2.4375,combined,60.10551181102362,0.0
120.0,30.0,0.9085175756516861,2.5,arca,69.10959932980904,0.0
120.0,30.0,0.9085175756516861,2.5,orca,70.18531563261989,0.0
120.0,30.0,0.9085175756516861,2.5,combined,60.76326018808777,0.0
120.0,30.0,0.9085175756516861,2.5625,arca,59.812599335356154,0.0
120.0,30.0,0.9085175756516861,2.5625,orca,57.101648884578076,0.0
120.0,30.0,0.9085175756516861,2.5625,combined,64.30758732971006,0.0
120.0,30.0,0.9085175756516861,2.625,arca,62.01223241590215,0.0
120.0,30.0,0.9085175756516861,2.625,orca,58.27769714562167,0.0
120.0,30.0,0.9085175756516861,2.625,combined,61.045302813543145,0.0
120.0,30.0,0.9085175756516861,2.6875,arca,54.19426456984276,0.0
120.0,30.0,0.9085175756516861,2.6875,orca,67.9125427388879,0.0
120.0,30.0,0.9085175756516861,2.6875,combined,58.76480311132719,0.0
120.0,30.0,0.9085175756516861,2.75,arca,53.15695483272454,0.0
120.0,30.0,0.9085175756516861,2.75,orca,58.70563674321504,0.0
120.0,30.0,0.9085175756516861,2.75,combined,56.90969772098788,0.0
120.0,30.0,0.9085175756516861,2.8125,arca,59.71426501695111,0.0
120.0,30.0,0.9085175756516861,2.8125,orca,62.91058150619638,0.0
120.0,30.0,0.9085175756516861,2.8125,combined,62.756124088493394,0.0
120.0,30.0,0.9085175756516861,2.875,arca,60.60583562039578,0.0
120.0,30.0,0.9085175756516861,2.875,orca,69.5188141391106,0.0
120.0,30.0,0.9085175756516861,2.875,combined,62.27379339344952,0.0
120.0,30.0,0.9085175756516861,2.9375,arca,56.79888850295241,0.0
120.0,30.0,0.9085175756516861,2.9375,orca,54.77877325982081,0.0
120.0,30.0,0.9085175756516861,2.9375,combined,57.55105250983114,0.0
120.0,30.0,0.9085175756516861,3.0,arca,60.16910253812981,0.0
120.0,30.0,0.9085175756516861,3.0,orca,64.8528525407877,0.0
120.0,30.0,0.9085175756516861,3.0,combined,60.04241566867485,0.0
120.0,30.0,2.6101572156825332,1.5,arca,,
120.0,30.0,2.6101572156825332,1.5,orca,715.6364342289176,0.0
120.0,30.0,2.6101572156825332,1.5,combined,,
120.0,30.0,2.6101572156825332,1.5625,arca,,
120.0,30.0,2.6101572156825332,1.5625,orca,292.11723656664344,0.0
120.0,30.0,2.6101572156825332,1.5625,combined,,
120.0,30.0,2.6101572156825332,1.625,arca,,
120.0,30.0,2.6101572156825332,1.625,orca,173.0229280210487,0.0
120.0,30.0,2.6101572156825332,1.625,combined,,
120.0,30.0,2.6101572156825332,1.6875,arca,,
120.0,30.0,2.6101572156825332,1.6875,orca,102.55081458494956,0.0
120.0,30.0,2.6101572156825332,1.6875,combined,,
120.0,30.0,2.6101572156825332,1.75,arca,,
120.0,30.0,2.6101572156825332,1.75,orca,72.21178282633808,0.0
120.0,30.0,2.6101572156825332,1.75,combined,,
120.0,30.0,2.6101572156825332,1.8125,arca,196271.44158629933,0.0
120.0,30.0,2.6101572156825332,1.8125,orca,66.66908504635227,0.0
120.0,30.0,2.6101572156825332,1.8125,combined,186863.32093613327,0.0
120.0,30.0,2.6101572156825332,1.875,arca,66857.24942454274,0.0
120.0,30.0,2.6101572156825332,1.875,orca,51.790854870775334,0.0
120.0,30.0,2.6101572156825332,1.875,combined,62615.4545489977,0.0
120.0,30.0,2.6101572156825332,1.9375,arca,20365.83015477906,0.0
120.0,30.0,2.6101572156825332,1.9375,orca,64.99059376837155,0.0
120.0,30.0,2.6101572156825332,1.9375,combined,19027.71755751363,0.0
120.0,30.0,2.6101572156825332,2.0,arca,5885.977508533195,0.0
120.0,30.0,2.6101572156825332,2.0,orca,62.7398932112891,0.0
120.0,30.0,2.6101572156825332,2.0,combined,5231.621105322301,0.0
120.0,30.0,2.6101572156825332,2.0625,arca,1508.0285917967258,0.0
120.0,30.0,2.6101572156825332,2.0625,orca,52.60304731355252,0.0
120.0,30.0,2.6101572156825332,2.0625,combined,1310.1358666427673,0.0
120.0,30.0,2.6101572156825332,2.125,arca,457.76547160600967,0.0
120.0,30.0,2.6101572156825332,2.125,orca,62.60275962236746,0.0
120.0,30.0,2.6101572156825332,2.125,combined,429.3256792958285,0.0
120.0,30.0,2.6101572156825332,2.1875,arca,114.03178209767455,0.0
120.0,30.0,2.6101572156825332,2.1875,orca,60.30366765166001,0.0
120.0,30.0,2.6101572156825332,2.1875,combined,97.58664379365274,0.0
120.0,30.0,2.6101572156825332,2.25,arca,65.98432352607067,0.0
120.0,30.0,2.6101572156825332,2.25,orca,55.432469304229194,0.0
120.0,30.0,2.6101572156825332,2.25,combined,67.32719806046212,0.0
120.0,30.0,2.6101572156825332,2.3125,arca,56.71027503001888,0.0
120.0,30.0,2.6101572156825332,2.3125,orca,57.42755261784657,0.0
120.0,30.0,2.6101572156825332,2.3125,combined,60.4353381422487,0.0
120.0,30.0,2.6101572156825332,2.375,arca,59.26516325242441,0.0
120.0,30.0,2.6101572156825332,2.375,orca,58.81157024793388,0.0
120.0,30.0,2.6101572156825332,2.375,combined,67.02401768666466,0.0
120.0,30.0,2.6101572156825332,2.4375,arca,49.538505780180586,0.0
120.0,30.0,2.6101572156825332,2.4375,orca,64.56861401404831,0.0
120.0,30.0,2.6101572156825332,2.4375,combined,52.072366501313105,0.0
120.0,30.0,2.6101572156825332,2.5,arca,61.10270005475032,0.0
120.0,30.0,2.6101572156825332,2.5,orca,68.57152658662093,0.0
120.0,30.0,2.6101572156825332,2.5,combined,57.243883188634584,0.0
120.0,30.0,2.6101572156825332,2.5625,arca,54.810347320628125,0.0
120.0,30.0,2.6101572156825332,2.5625,orca,58.203413940256056,0.0
120.0,30.0,2.6101572156825332,2.5625,combined,58.28638024442485,0.0
120.0,30.0,2.6101572156825332,2.625,arca,65.29934523637831,0.0
120.0,30.0,2.6101572156825332,2.625,orca,51.9680720425706,0.0
120.0,30.0,2.6101572156825332,2.625,combined,62.7307749296192,0.0
120.0,30.0,2.6101572156825332,2.6875,arca,58.57433037649168,0.0
120.0,30.0,2.6101572156825332,2.6875,orca,56.461440628974444,0.0
120.0,30.0,2.6101572156825332,2.6875,combined,55.95516997005235,0.0
120.0,30.0,2.6101572156825332,2.75,arca,59.61470036101085,0.0
120.0,30.0,2.6101572156825332,2.75,orca,57.74954051796158,0.0
120.0,30.0,2.6101572156825332,2.75,combined,59.15534680345,0.0
120.0,30.0,2.6101572156825332,2.8125,arca,57.053388090349074,0.0
120.0,30.0,2.6101572156825332,2.8125,orca,55.584073177293504,0.0
120.0,30.0,2.6101572156825332,2.8125,combined,59.976149259472976,0.0
120.0,30.0,2.6101572156825332,2.875,arca,67.0710774391302,0.0
120.0,30.0,2.6101572156825332,2.875,orca,58.82650417426352,0.0
120.0,30.0,2.6101572156825332,2.875,combined,59.38650262951239,0.0
120.0,30.0,2.6101572156825332,2.9375,arca,59.312857225333424,0.0
120.0,30.0,2.6101572156825332,2.9375,orca,61.431436950146626,0.0
120.0,30.0,2.6101572156825332,2.9375,combined,55.265743635551594,0.0
120.0,30.0,2.6101572156825332,3.0,arca,55.837046264376156,0.0
120.0,30.0,2.6101572156825332,3.0,orca,58.08459934465296,0.0
120.0,30.0,2.6101572156825332,3.0,combined,55.27693801137151,0.0
120.0,30.0,7.498942093324558,1.5,arca,,
120.0,30.0,7.498942093324558,1.5,orca,3216.574352275201,0.0
120.0,30.0,7.498942093324558,1.5,combined,,
120.0,30.0,7.498942093324558,1.5625,arca,,
120.0,30.0,7.498942093324558,1.5625,orca,1720.2369585624244,0.0
120.0,30.0,7.498942093324558,1.5625,combined,,
120.0,30.0,7.498942093324558,1.625,arca,,
120.0,30.0,7.498942093324558,1.625,orca,649.0417874027756,0.0
120.0,30.0,7.498942093324558,1.625,combined,,
120.0,30.0,7.498942093324558,1.6875,arca,,
120.0,30.0,7.498942093324558,1.6875,orca,398.4534823731728,0.0
120.0,30.0,7.498942093324558,1.6875,combined,,
120.0,30.0,7.498942093324558,1.75,arca,,
120.0,30.0,7.498942093324558,1.75,orca,136.45373134328355,0.0
120.0,30.0,7.498942093324558,1.75,combined,,
120.0,30.0,7.498942093324558,1.8125,arca,,
120.0,30.0,7.498942093324558,1.8125,orca,99.72547114824168,0.0
120.0,30.0,7.498942093324558,1.8125,combined,,
120.0,30.0,7.498942093324558,1.875,arca,281236.99246438575,0.0
120.0,30.0,7.498942093324558,1.875,orca,59.67792006208769,0.0
120.0,30.0,7.498942093324558,1.875,combined,276170.9909819708,0.0
120.0,30.0,7.498942093324558,1.9375,arca,104601.16281010894,0.0
120.0,30.0,7.498942093324558,1.9375,orca,60.017980636237894,0.0
120.0,30.0,7.498942093324558,1.9375,combined,99387.31610522975,0.0
120.0,30.0,7.498942093324558,2.0,arca,34321.366857617264,0.0
120.0,30.0,7.498942093324558,2.0,orca,76.18267716535433,0.0
120.0,30.0,7.498942093324558,2.0,combined,32922.679231700036,0.0
120.0,30.0,7.498942093324558,2.0625,arca,10569.464498644986,0.0
120.0,30.0,7.498942093324558,2.0625,orca,53.55502582439412,0.0
120.0,30.0,7.498942093324558,2.0625,combined,9966.411211955396,0.0
120.0,30.0,7.498942093324558,2.125,arca,3075.8678395972997,0.0
120.0,30.0,7.498942093324558,2.125,orca,69.32832872382457,0.0
120.0,30.0,7.498942093324558,2.125,combined,2864.006020586522,0.0
120.0,30.0,7.498942093324558,2.1875,arca,931.7813765182185,0.0
120.0,30.0,7.498942093324558,2.1875,orca,59.461332824135965,0.0
120.0,30.0,7.498942093324558,2.1875,combined,836.0771126924328,0.0
120.0,30.0,7.498942093324558,2.25,arca,292.5359644063608,0.0
120.0,30.0,7.498942093324558,2.25,orca,63.88553858361436,0.0
120.0,30.0,7.498942093324558,2.25,combined,260.31537511203703,0.0
120.0,30.0,7.498942093324558,2.3125,arca,95.8234002421103,0.0
120.0,30.0,7.498942093324558,2.3125,orca,59.00547302580139,0.0
120.0,30.0,7.498942093324558,2.3125,combined,93.61287195890276,0.0
120.0,30.0,7.498942093324558,2.375,arca,59.64720819424234,0.0
120.0,30.0,7.498942093324558,2.375,orca,51.65354909893344,0.0
120.0,30.0,7.498942093324558,2.375,combined,57.90863890615289,0.0
120.0,30.0,7.498942093324558,2.4375,arca,59.298754948648806,0.0
120.0,30.0,7.498942093324558,2.4375,orca,78.54268508678709,0.0
120.0,30.0,7.498942093324558,2.4375,combined,58.356372780917766,0.0
120.0,30.0,7.498942093324558,2.5,arca,55.42028152829645,0.0
120.0,30.0,7.498942093324558,2.5,orca,59.00062460961898,0.0
120.0,30.0,7.498942093324558,2.5,combined,62.089746730024984,0.0
120.0,30.0,7.498942093324558,2.5625,arca,58.602960658948234,0.0
120.0,30.0,7.498942093324558,2.5625,orca,60.7457553330431,0.0
120.0,30.0,7.498942093324558,2.5625,combined,64.44768106576527,0.0
120.0,30.0,7.498942093324558,2.625,arca,59.96282870130618,0.0
120.0,30.0,7.498942093324558,2.625,orca,62.59221765264158,0.0
120.0,30.0,7.498942093324558,2.625,combined,61.02012161961734,0.0
120.0,30.0,7.498942093324558,2.6875,arca,70.14507249301012,0.0
120.0,30.0,7.498942093324558,2.6875,orca,54.404774823657085,0.0
120.0,30.0,7.498942093324558,2.6875,combined,60.64745697157224,0.0
120.0,30.0,7.498942093324558,2.75,arca,64.71255166035664,0.0
120.0,30.0,7.498942093324558,2.75,orca,53.69677419354839,0.0
120.0,30.0,7.498942093324558,2.75,combined,59.93677336367684,0.0
120.0,30.0,7.498942093324558,2.8125,arca,57.599508883432044,0.0
120.0,30.0,7.498942093324558,2.8125,orca,55.515939185875425,0.0
120.0,30.0,7.498942093324558,2.8125,combined,64.79004334304673,0.0
120.0,30.0,7.498942093324558,2.875,arca,56.958501907293964,0.0
120.0,30.0,7.498942093324558,2.875,orca,66.18248412827609,0.0
120.0,30.0,7.498942093324558,2.875,combined,55.07893309668195,0.0
120.0,30.0,7.498942093324558,2.9375,arca,75.99916109809367,0.0
120.0,30.0,7.498942093324558,2.9375,orca,61.6465621230398,0.0
120.0,30.0,7.498942093324558,2.9375,combined,57.025424140780714,0.0
120.0,30.0,7.498942093324558,3.0,arca,53.84933885014902,0.0
120.0,30.0,7.498942093324558,3.0,orca,64.61139422448714,0.0
120.0,30.0,7.498942093324558,3.0,combined,58.24482901101037,0.0
120.0,30.0,21.54434690031882,1.5,arca,,
120.0,30.0,21.54434690031882,1.5,orca,,
120.0,30.0,21.54434690031882,1.5,combined,,
120.0,30.0,21.54434690031882,1.5625,arca,,
120.0,30.0,21.54434690031882,1.5625,orca,,
120.0,30.0,21.54434690031882,1.5625,combined,,
120.0,30.0,21.54434690031882,1.625,arca,,
120.0,30.0,21.54434690031882,1.625,orca,3859.4103778662934,0.0
120.0,30.0,21.54434690031882,1.625,combined,,
120.0,30.0,21.54434690031882,1.6875,arca,,
120.0,30.0,21.54434690031882,1.6875,orca,1880.4942436412314,0.0
120.0,30.0,21.54434690031882,1.6875,combined,,
120.0,30.0,21.54434690031882,1.75,arca,,
120.0,30.0,21.54434690031882,1.75,orca,826.2647058823528,0.0
120.0,30.0,21.54434690031882,1.75,combined,,
120.0,30.0,21.54434690031882,1.8125,arca,,
120.0,30.0,21.54434690031882,1.8125,orca,319.5594000340889,0.0
120.0,30.0,21.54434690031882,1.8125,combined,,
120.0,30.0,21.54434690031882,1.875,arca,,
120.0,30.0,21.54434690031882,1.875,orca,138.909679740914,0.0
120.0,30.0,21.54434690031882,1.875,combined,,
120.0,30.0,21.54434690031882,1.9375,arca,415918.3928234603,0.0
120.0,30.0,21.54434690031882,1.9375,orca,93.7237281841812,0.0
120.0,30.0,21.54434690031882,1.9375,combined,407139.23341835366,0.0
120.0,30.0,21.54434690031882,2.0,arca,167930.6755525434,0.0
120.0,30.0,21.54434690031882,2.0,orca,72.21052631578947,0.0
120.0,30.0,21.54434690031882,2.0,combined,161210.09368168298,0.0
120.0,30.0,21.54434690031882,2.0625,arca,61338.12459494262,0.0
120.0,30.0,21.54434690031882,2.0625,orca,61.640606767794644,0.0
120.0,30.0,21.54434690031882,2.0625,combined,57286.46889843927,0.0
120.0,30.0,21.54434690031882,2.125,arca,20573.719175396338,0.0
120.0,30.0,21.54434690031882,2.125,orca,58.30179640718563,0.0
120.0,30.0,21.54434690031882,2.125,combined,19188.66598241472,0.0
120.0,30.0,21.54434690031882,2.1875,arca,6749.828123608513,0.0
120.0,30.0,21.54434690031882,2.1875,orca,65.35423197492162,0.0
120.0,30.0,21.54434690031882,2.1875,combined,5912.589137277055,0.0
120.0,30.0,21.54434690031882,2.25,arca,2008.500237624753,0.0
120.0,30.0,21.54434690031882,2.25,orca,54.699186991869915,0.0
120.0,30.0,21.54434690031882,2.25,combined,1691.195249831952,0.0
120.0,30.0,21.54434690031882,2.3125,arca,571.4666327323386,0.0
120.0,30.0,21.54434690031882,2.3125,orca,58.65186778799141,0.0
120.0,30.0,21.54434690031882,2.3125,combined,519.6126310284994,0.0
120.0,30.0,21.54434690031882,2.375,arca,229.30794775293336,0.0
120.0,30.0,21.54434690031882,2.375,orca,55.45382072720202,0.0
120.0,30.0,21.54434690031882,2.375,combined,185.2140228596496,0.0
120.0,30.0,21.54434690031882,2.4375,arca,88.76627778876303,0.0
120.0,30.0,21.54434690031882,2.4375,orca,55.07011427464653,0.0
120.0,30.0,21.54434690031882,2.4375,combined,73.1014460178317,0.0
120.0,30.0,21.54434690031882,2.5,arca,53.53209753315272,0.0
120.0,30.0,21.54434690031882,2.5,orca,59.102553708958254,0.0
120.0,30.0,21.54434690031882,2.5,combined,59.10800279748226,0.0
120.0,30.0,21.54434690031882,2.5625,arca,59.161477874838894,0.0
120.0,30.0,21.54434690031882,2.5625,orca,58.93659022931206,0.0
120.0,30.0,21.54434690031882,2.5625,combined,57.000845729068196,0.0
120.0,30.0,21.54434690031882,2.625,arca,55.23835300892598,0.0
120.0,30.0,21.54434690031882,2.625,orca,57.59391705069123,0.0
120.0,30.0,21.54434690031882,2.625,combined,55.23587973385362,0.0
120.0,30.0,21.54434690031882,2.6875,arca,57.57093584732122,0.0
120.0,30.0,21.54434690031882,2.6875,orca,56.55571635311145,0.0
120.0,30.0,21.54434690031882,2.6875,combined,62.05451170258133,0.0
120.0,30.0,21.54434690031882,2.75,arca,58.938371155396865,0.0
120.0,30.0,21.54434690031882,2.75,orca,56.676887696435415,0.0
120.0,30.0,21.54434690031882,2.75,combined,54.82181755880265,0.0
120.0,30.0,21.54434690031882,2.8125,arca,54.175085826385484,0.0
120.0,30.0,21.54434690031882,2.8125,orca,57.02943396226414,0.0
120.0,30.0,21.54434690031882,2.8125,combined,55.08806804133908,0.0
120.0,30.0,21.54434690031882,2.875,arca,59.19599456694505,0.0
120.0,30.0,21.54434690031882,2.875,orca,57.261205564142195,0.0
120.0,30.0,21.54434690031882,2.875,combined,57.03016270027983,0.0
120.0,30.0,21.54434690031882,2.9375,arca,59.66766769657243,0.0
120.0,30.0,21.54434690031882,2.9375,orca,55.335686551358975,0.0
120.0,30.0,21.54434690031882,2.9375,combined,59.117941299070694,0.0
120.0,30.0,21.54434690031882,3.0,arca,60.20372882334266,0.0
120.0,30.0,21.54434690031882,3.0,orca,52.26698202459792,0.0
120.0,30.0,21.54434690031882,3.0,combined,54.33599923375317,0.0
120.0,30.0,61.896581889125976,1.5,arca,,
120.0,30.0,61.896581889125976,1.5,orca,,
120.0,30.0,61.896581889125976,1.5,combined,,
120.0,30.0,61.896581889125976,1.5625,arca,,
120.0,30.0,61.896581889125976,1.5625,orca,,
120.0,30.0,61.896581889125976,1.5625,combined,,
120.0,30.0,61.896581889125976,1.625,arca,,
120.0,30.0,61.896581889125976,1.625,orca,,
120.0,30.0,61.896581889125976,1.625,combined,,
120.0,30.0,61.896581889125976,1.6875,arca,,
120.0,30.0,61.896581889125976,1.6875,orca,,
120.0,30.0,61.896581889125976,1.6875,combined,,
120.0,30.0,61.896581889125976,1.75,arca,,
120.0,30.0,61.896581889125976,1.75,orca,4535.066884176183,0.0
120.0,30.0,61.896581889125976,1.75,combined,,
120.0,30.0,61.896581889125976,1.8125,arca,,
120.0,30.0,61.896581889125976,1.8125,orca,2007.1687709353255,0.0
120.0,30.0,61.896581889125976,1.8125,combined,,
120.0,30.0,61.896581889125976,1.875,arca,,
120.0,30.0,61.896581889125976,1.875,orca,944.2239853524565,0.0
120.0,30.0,61.896581889125976,1.875,combined,,
120.0,30.0,61.896581889125976,1.9375,arca,,
120.0,30.0,61.896581889125976,1.9375,orca,503.5245089948836,0.0
120.0,30.0,61.896581889125976,1.9375,combined,,
120.0,30.0,61.896581889125976,2.0,arca,,
120.0,30.0,61.896581889125976,2.0,orca,271.4755371005597,0.0
120.0,30.0,61.896581889125976,2.0,combined,,
120.0,30.0,61.896581889125976,2.0625,arca,264818.8462975219,0.0
120.0,30.0,61.896581889125976,2.0625,orca,126.94802694898941,0.0
120.0,30.0,61.896581889125976,2.0625,combined,255786.3261830813,0.0
120.0,30.0,61.896581889125976,2.125,arca,105885.94422977103,0.0
120.0,30.0,61.896581889125976,2.125,orca,76.37485626676887,0.0
120.0,30.0,61.896581889125976,2.125,combined,101774.3302369091,0.0
120.0,30.0,61.896581889125976,2.1875,arca,38939.86171498558,0.0
120.0,30.0,61.896581889125976,2.1875,orca,57.280586646082604,0.0
120.0,30.0,61.896581889125976,2.1875,combined,36780.60091366466,0.0
120.0,30.0,61.896581889125976,2.25,arca,13496.732953397193,0.0
120.0,30.0,61.896581889125976,2.25,orca,61.1903459058042,0.0
120.0,30.0,61.896581889125976,2.25,combined,12284.51083580017,0.0
120.0,30.0,61.896581889125976,2.3125,arca,4195.442268864159,0.0
120.0,30.0,61.896581889125976,2.3125,orca,56.83276926139757,0.0
120.0,30.0,61.896581889125976,2.3125,combined,3852.73844226352,0.0
120.0,30.0,61.896581889125976,2.375,arca,1394.7912334563096,0.0
120.0,30.0,61.896581889125976,2.375,orca,59.12816188870152,0.0
120.0,30.0,61.896581889125976,2.375,combined,1263.1807364012905,0.0
120.0,30.0,61.896581889125976,2.4375,arca,502.6130392474863,0.0
120.0,30.0,61.896581889125976,2.4375,orca,58.262471220260935,0.0
120.0,30.0,61.896581889125976,2.4375,combined,440.9491865069898,0.0
120.0,30.0,61.896581889125976,2.5,arca,183.04480436355541,0.0
120.0,30.0,61.896581889125976,2.5,orca,62.40203714799281,0.0
120.0,30.0,61.896581889125976,2.5,combined,161.1731986069554,0.0
120.0,30.0,61.896581889125976,2.5625,arca,92.38414996183099,0.0
120.0,30.0,61.896581889125976,2.5625,orca,60.98343924513769,0.0
120.0,30.0,61.896581889125976,2.5625,combined,69.83342780392832,0.0
120.0,30.0,61.896581889125976,2.625,arca,60.48227840876662,0.0
120.0,30.0,61.896581889125976,2.625,orca,60.37647957235585,0.0
120.0,30.0,61.896581889125976,2.625,combined,61.363964587763974,0.0
120.0,30.0,61.896581889125976,2.6875,arca,55.84343637093536,0.0
120.0,30.0,61.896581889125976,2.6875,orca,58.089632107023405,0.0
120.0,30.0,61.896581889125976,2.6875,combined,56.633210165145925,0.0
120.0,30.0,61.896581889125976,2.75,arca,60.76046284036612,0.0
120.0,30.0,61.896581889125976,2.75,orca,62.61538461538461,0.0
120.0,30.0,61.896581889125976,2.75,combined,65.23036021867745,0.0
120.0,30.0,61.896581889125976,2.8125,arca,62.29225362256217,0.0
120.0,30.0,61.896581889125976,2.8125,orca,58.61799239292211,0.0
120.0,30.0,61.896581889125976,2.8125,combined,62.33028911775655,0.0
120.0,30.0,61.896581889125976,2.875,arca,56.97572131289014,0.0
120.0,30.0,61.896581889125976,2.875,orca,57.97373503283121,0.0
120.0,30.0,61.896581889125976,2.875,combined,71.21295699191427,0.0
120.0,30.0,61.896581889125976,2.9375,arca,63.82323042712334,0.0
120.0,30.0,61.896581889125976,2.9375,orca,59.90762124711317,0.0
120.0,30.0,61.896581889125976,2.9375,combined,51.71610619469028,0.0
120.0,30.0,61.896581889125976,3.0,arca,64.20974991356458,0.0
120.0,30.0,61.896581889125976,3.0,orca,60.77223779318483,0.0
120.0,30.0,61.896581889125976,3.0,combined,55.03169659676003,0.0
120.0,30.0,177.82794100389228,1.5,arca,,
120.0,30.0,177.82794100389228,1.5,orca,,
120.0,30.0,177.82794100389228,1.5,combined,,
120.0,30.0,177.82794100389228,1.5625,arca,,
120.0,30.0,177.82794100389228,1.5625,orca,,
120.0,30.0,177.82794100389228,1.5625,combined,,
120.0,30.0,177.82794100389228,1.625,arca,,
120.0,30.0,177.82794100389228,1.625,orca,,
120.0,30.0,177.82794100389228,1.625,combined,,
120.0,30.0,177.82794100389228,1.6875,arca,,
120.0,30.0,177.82794100389228,1.6875,orca,,
120.0,30.0,177.82794100389228,1.6875,combined,,
120.0,30.0,177.82794100389228,1.75,arca,,
120.0,30.0,177.82794100389228,1.75,orca,,
120.0,30.0,177.82794100389228,1.75,combined,,
120.0,30.0,177.82794100389228,1.8125,arca,,
120.0,30.0,177.82794100389228,1.8125,orca,,
120.0,30.0,177.82794100389228,1.8125,combined,,
120.0,30.0,177.82794100389228,1.875,arca,,
120.0,30.0,177.82794100389228,1.875,orca,5150.836295513497,0.0
120.0,30.0,177.82794100389228,1.875,combined,,
120.0,30.0,177.82794100389228,1.9375,arca,,
120.0,30.0,177.82794100389228,1.9375,orca,2473.7981461153804,0.0
120.0,30.0,177.82794100389228,1.9375,combined,,
120.0,30.0,177.82794100389228,2.0,arca,,
120.0,30.0,177.82794100389228,2.0,orca,1169.506187389511,0.0
120.0,30.0,177.82794100389228,2.0,combined,,
120.0,30.0,177.82794100389228,2.0625,arca,,
120.0,30.0,177.82794100389228,2.0625,orca,576.7037516170764,0.0
120.0,30.0,177.82794100389228,2.0625,combined,,
120.0,30.0,177.82794100389228,2.125,arca,417511.3832752614,0.0
120.0,30.0,177.82794100389228,2.125,orca,318.4383373411199,0.0
120.0,30.0,177.82794100389228,2.125,combined,414198.85926522606,0.0
120.0,30.0,177.82794100389228,2.1875,arca,181814.19706024876,0.0
120.0,30.0,177.82794100389228,2.1875,orca,165.34242535938074,0.0
120.0,30.0,177.82794100389228,2.1875,combined,176978.7220456862,0.0
120.0,30.0,177.82794100389228,2.25,arca,73701.12863264407,0.0
120.0,30.0,177.82794100389228,2.25,orca,82.53451985135929,0.0
120.0,30.0,177.82794100389228,2.25,combined,69003.7471457563,0.0
120.0,30.0,177.82794100389228,2.3125,arca,27969.02530451042,0.0
120.0,30.0,177.82794100389228,2.3125,orca,75.28231159703242,0.0
120.0,30.0,177.82794100389228,2.3125,combined,26206.99638622247,0.0
120.0,30.0,177.82794100389228,2.375,arca,9762.668819580182,0.0
120.0,30.0,177.82794100389228,2.375,orca,71.12680577849119,0.0
120.0,30.0,177.82794100389228,2.375,combined,9024.698056056131,0.0
120.0,30.0,177.82794100389228,2.4375,arca,3391.45471756896,0.0
120.0,30.0,177.82794100389228,2.4375,orca,55.767183154549066,0.0
120.0,30.0,177.82794100389228,2.4375,combined,3147.2073985271454,0.0
120.0,30.0,177.82794100389228,2.5,arca,1156.2705692074924,0.0
120.0,30.0,177.82794100389228,2.5,orca,59.57842003853565,0.0
120.0,30.0,177.82794100389228,2.5,combined,961.3151621953766,0.0
120.0,30.0,177.82794100389228,2.5625,arca,404.6731813246472,0.0
120.0,30.0,177.82794100389228,2.5625,orca,61.329958308516986,0.0
120.0,30.0,177.82794100389228,2.5625,combined,333.4630829170352,0.0
120.0,30.0,177.82794100389228,2.625,arca,157.7826329283246,0.0
120.0,30.0,177.82794100389228,2.625,orca,67.02625298329355,0.0
120.0,30.0,177.82794100389228,2.625,combined,138.85035085559525,0.0
120.0,30.0,177.82794100389228,2.6875,arca,77.43375680580763,0.0
120.0,30.0,177.82794100389228,2.6875,orca,55.88992068098277,0.0
120.0,30.0,177.82794100389228,2.6875,combined,64.39376106525697,0.0
120.0,30.0,177.82794100389228,2.75,arca,53.21511329262029,0.0
120.0,30.0,177.82794100389228,2.75,orca,52.53390827126617,0.0
120.0,30.0,177.82794100389228,2.75,combined,57.3153153153153,0.0
120.0,30.0,177.82794100389228,2.8125,arca,63.91733639494836,0.0
120.0,30.0,177.82794100389228,2.8125,orca,61.88609089120597,0.0
120.0,30.0,177.82794100389228,2.8125,combined,51.57994702989028,0.0
120.0,30.0,177.82794100389228,2.875,arca,54.01167046076709,0.0
120.0,30.0,177.82794100389228,2.875,orca,77.9097812330501,0.0
120.0,30.0,177.82794100389228,2.875,combined,53.859665357777054,0.0
120.0,30.0,177.82794100389228,2.9375,arca,58.54850423655541,0.0
120.0,30.0,177.82794100389228,2.9375,orca,56.95528377603668,0.0
120.0,30.0,177.82794100389228,2.9375,combined,60.32682778845182,0.0
120.0,30.0,177.82794100389228,3.0,arca,54.31260276343497,0.0
120.0,30.0,177.82794100389228,3.0,orca,61.18638573743922,0.0
120.0,30.0,177.82794100389228,3.0,combined,71.00438072481083,0.0
120.0,30.0,510.8969774506914,1.5,arca,,
120.0,30.0,510.8969774506914,1.5,orca,,
120.0,30.0,510.8969774506914,1.5,combined,,
120.0,30.0,510.8969774506914,1.5625,arca,,
120.0,30.0,510.8969774506914,1.5625,orca,,
120.0,30.0,510.8969774506914,1.5625,combined,,
120.0,30.0,510.8969774506914,1.625,arca,,
120.0,30.0,510.8969774506914,1.625,orca,,
120.0,30.0,510.8969774506914,1.625,combined,,
120.0,30.0,510.8969774506914,1.6875,arca,,
120.0,30.0,510.8969774506914,1.6875,orca,,
120.0,30.0,510.8969774506914,1.6875,combined,,
120.0,30.0,510.8969774506914,1.75,arca,,
120.0,30.0,510.8969774506914,1.75,orca,,
120.0,30.0,510.8969774506914,1.75,combined,,
120.0,30.0,510.8969774506914,1.8125,arca,,
120.0,30.0,510.8969774506914,1.8125,orca,,
120.0,30.0,510.8969774506914,1.8125,combined,,
120.0,30.0,510.8969774506914,1.875,arca,,
120.0,30.0,510.8969774506914,1.875,orca,,
120.0,30.0,510.8969774506914,1.875,combined,,
120.0,30.0,510.8969774506914,1.9375,arca,,
120.0,30.0,510.8969774506914,1.9375,orca,,
120.0,30.0,510.8969774506914,1.9375,combined,,
120.0,30.0,510.8969774506914,2.0,arca,,
120.0,30.0,510.8969774506914,2.0,orca,5688.939182361048,0.0
120.0,30.0,510.8969774506914,2.0,combined,,
120.0,30.0,510.8969774506914,2.0625,arca,,
120.0,30.0,510.8969774506914,2.0625,orca,3371.7596230271374,0.0
120.0,30.0,510.8969774506914,2.0625,combined,,
120.0,30.0,510.8969774506914,2.125,arca,,
120.0,30.0,510.8969774506914,2.125,orca,1601.6976616983452,0.0
120.0,30.0,510.8969774506914,2.125,combined,,
120.0,30.0,510.8969774506914,2.1875,arca,,
120.0,30.0,510.8969774506914,2.1875,orca,776.5794507867942,0.0
120.0,30.0,510.8969774506914,2.1875,combined,,
120.0,30.0,510.8969774506914,2.25,arca,309296.5942081375,0.0
120.0,30.0,510.8969774506914,2.25,orca,449.0640627553522,0.0
120.0,30.0,510.8969774506914,2.25,combined,300257.2569985877,0.0
120.0,30.0,510.8969774506914,2.3125,arca,134769.11188096082,0.0
120.0,30.0,510.8969774506914,2.3125,orca,243.97264117853382,0.0
120.0,30.0,510.8969774506914,2.3125,combined,131256.23365754355,0.0
120.0,30.0,510.8969774506914,2.375,arca,55917.22454430029,0.0
120.0,30.0,510.8969774506914,2.375,orca,144.35563315566992,0.0
120.0,30.0,510.8969774506914,2.375,combined,52396.999727386734,0.0
120.0,30.0,510.8969774506914,2.4375,arca,21238.25472503806,0.0
120.0,30.0,510.8969774506914,2.4375,orca,91.64937523665276,0.0
120.0,30.0,510.8969774506914,2.4375,combined,20081.64992809407,0.0
120.0,30.0,510.8969774506914,2.5,arca,7521.535918403237,0.0
120.0,30.0,510.8969774506914,2.5,orca,58.74821286735505,0.0
120.0,30.0,510.8969774506914,2.5,combined,7389.180690526981,0.0
120.0,30.0,510.8969774506914,2.5625,arca,2866.375006087761,0.0
120.0,30.0,510.8969774506914,2.5625,orca,68.18413377406183,0.0
120.0,30.0,510.8969774506914,2.5625,combined,2540.938768430182,0.0
120.0,30.0,510.8969774506914,2.625,arca,930.1245421245422,0.0
120.0,30.0,510.8969774506914,2.625,orca,56.29737151824245,0.0
120.0,30.0,510.8969774506914,2.625,combined,916.0646957813153,0.0
120.0,30.0,510.8969774506914,2.6875,arca,328.07212326521693,0.0
120.0,30.0,510.8969774506914,2.6875,orca,65.21860741916286,0.0
120.0,30.0,510.8969774506914,2.6875,combined,388.9669191008535,0.0
120.0,30.0,510.8969774506914,2.75,arca,123.20579426172151,0.0
120.0,30.0,510.8969774506914,2.75,orca,75.50415737172989,0.0
120.0,30.0,510.8969774506914,2.75,combined,145.51656963175867,0.0
120.0,30.0,510.8969774506914,2.8125,arca,68.98374167964877,0.0
120.0,30.0,510.8969774506914,2.8125,orca,54.281579976535,0.0
120.0,30.0,510.8969774506914,2.8125,combined,79.37898602873665,0.0
120.0,30.0,510.8969774506914,2.875,arca,55.55880760352247,0.0
120.0,30.0,510.8969774506914,2.875,orca,56.683512195121935,0.0
120.0,30.0,510.8969774506914,2.875,combined,56.45734722047935,0.0
120.0,30.0,510.8969774506914,2.9375,arca,60.044649266373774,0.0
120.0,30.0,510.8969774506914,2.9375,orca,60.160469667318985,0.0
120.0,30.0,510.8969774506914,2.9375,combined,61.767762513499264,0.0
120.0,30.0,510.8969774506914,3.0,arca,51.37465137007963,0.0
120.0,30.0,510.8969774506914,3.0,orca,61.92861311028983,0.0
120.0,30.0,510.8969774506914,3.0,combined,57.59860260239989,0.0
120.0,30.0,1467.7992676220676,1.5,arca,,
120.0,30.0,1467.7992676220676,1.5,orca,,
120.0,30.0,1467.7992676220676,1.5,combined,,
120.0,30.0,1467.7992676220676,1.5625,arca,,
120.0,30.0,1467.7992676220676,1.5625,orca,,
120.0,30.0,1467.7992676220676,1.5625,combined,,
120.0,30.0,1467.7992676220676,1.625,arca,,
120.0,30.0,1467.7992676220676,1.625,orca,,
120.0,30.0,1467.7992676220676,1.625,combined,,
120.0,30.0,1467.7992676220676,1.6875,arca,,
120.0,30.0,1467.7992676220676,1.6875,orca,,
120.0,30.0,1467.7992676220676,1.6875,combined,,
120.0,30.0,1467.7992676220676,1.75,arca,,
120.0,30.0,1467.7992676220676,1.75,orca,,
120.0,30.0,1467.7992676220676,1.75,combined,,
120.0,30.0,1467.7992676220676,1.8125,arca,,
120.0,30.0,1467.7992676220676,1.8125,orca,,
120.0,30.0,1467.7992676220676,1.8125,combined,,
120.0,30.0,1467.7992676220676,1.875,arca,,
120.0,30.0,1467.7992676220676,1.875,orca,,
120.0,30.0,1467.7992676220676,1.875,combined,,
120.0,30.0,1467.7992676220676,1.9375,arca,,
120.0,30.0,1467.7992676220676,1.9375,orca,,
120.0,30.0,1467.7992676220676,1.9375,combined,,
120.0,30.0,1467.7992676220676,2.0,arca,,
120.0,30.0,1467.7992676220676,2.0,orca,,
120.0,30.0,1467.7992676220676,2.0,combined,,
120.0,30.0,1467.7992676220676,2.0625,arca,,
120.0,30.0,1467.7992676220676,2.0625,orca,,
120.0,30.0,1467.7992676220676,2.0625,combined,,
120.0,30.0,1467.7992676220676,2.125,arca,,
120.0,30.0,1467.7992676220676,2.125,orca,7583.079353295389,0.0
120.0,30.0,1467.7992676220676,2.125,combined,,
120.0,30.0,1467.7992676220676,2.1875,arca,,
120.0,30.0,1467.7992676220676,2.1875,orca,4294.105397930964,0.0
120.0,30.0,1467.7992676220676,2.1875,combined,,
120.0,30.0,1467.7992676220676,2.25,arca,,
120.0,30.0,1467.7992676220676,2.25,orca,2316.9119592875318,0.0
120.0,30.0,1467.7992676220676,2.25,combined,,
120.0,30.0,1467.7992676220676,2.3125,arca,,
120.0,30.0,1467.7992676220676,2.3125,orca,1185.0086157380817,0.0
120.0,30.0,1467.7992676220676,2.3125,combined,,
120.0,30.0,1467.7992676220676,2.375,arca,242829.54371635418,0.0
120.0,30.0,1467.7992676220676,2.375,orca,740.0914285714284,0.0
120.0,30.0,1467.7992676220676,2.375,combined,238354.1239981419,0.0
120.0,30.0,1467.7992676220676,2.4375,arca,109410.10967550139,0.0
120.0,30.0,1467.7992676220676,2.4375,orca,387.057873485868,0.0
120.0,30.0,1467.7992676220676,2.4375,combined,105697.71970842042,0.0
120.0,30.0,1467.7992676220676,2.5,arca,45572.41769525019,0.0
120.0,30.0,1467.7992676220676,2.5,orca,275.67015329125337,0.0
120.0,30.0,1467.7992676220676,2.5,combined,43650.88314157078,0.0
120.0,30.0,1467.7992676220676,2.5625,arca,18287.367227226845,0.0
120.0,30.0,1467.7992676220676,2.5625,orca,153.40931780366054,0.0
120.0,30.0,1467.7992676220676,2.5625,combined,17276.30680748719,0.0
120.0,30.0,1467.7992676220676,2.625,arca,6731.482080206067,0.0
120.0,30.0,1467.7992676220676,2.625,orca,110.7543119969337,0.0
120.0,30.0,1467.7992676220676,2.625,combined,6508.604289118347,0.0
120.0,30.0,1467.7992676220676,2.6875,arca,2689.2883892370073,0.0
120.0,30.0,1467.7992676220676,2.6875,orca,60.907254185106794,0.0
120.0,30.0,1467.7992676220676,2.6875,combined,2255.011646999584,0.0
120.0,30.0,1467.7992676220676,2.75,arca,831.393845829045,0.0
120.0,30.0,1467.7992676220676,2.75,orca,62.862283602411985,0.0
120.0,30.0,1467.7992676220676,2.75,combined,932.8811615647829,0.0
120.0,30.0,1467.7992676220676,2.8125,arca,366.8250620685892,0.0
120.0,30.0,1467.7992676220676,2.8125,orca,58.65557501459428,0.0
120.0,30.0,1467.7992676220676,2.8125,combined,324.9046153846154,0.0
120.0,30.0,1467.7992676220676,2.875,arca,168.15915496888343,0.0
120.0,30.0,1467.7992676220676,2.875,orca,63.23699880905121,0.0
120.0,30.0,1467.7992676220676,2.875,combined,159.5480580619851,0.0
120.0,30.0,1467.7992676220676,2.9375,arca,86.26292847235982,0.0
120.0,30.0,1467.7992676220676,2.9375,orca,53.73305670816043,0.0
120.0,30.0,1467.7992676220676,2.9375,combined,76.81313969914004,0.0
120.0,30.0,1467.7992676220676,3.0,arca,56.872472518083946,0.0
120.0,30.0,1467.7992676220676,3.0,orca,64.61995627111907,0.0
120.0,30.0,1467.7992676220676,3.0,combined,64.81655872571329,0.0
120.0,30.0,4216.965034285822,1.5,arca,,
120.0,30.0,4216.965034285822,1.5,orca,,
120.0,30.0,4216.965034285822,1.5,combined,,
120.0,30.0,4216.965034285822,1.5625,arca,,
120.0,30.0,4216.965034285822,1.5625,orca,,
120.0,30.0,4216.965034285822,1.5625,combined,,
120.0,30.0,4216.965034285822,1.625,arca,,
120.0,30.0,4216.965034285822,1.625,orca,,
120.0,30.0,4216.965034285822,1.625,combined,,
120.0,30.0,4216.965034285822,1.6875,arca,,
120.0,30.0,4216.965034285822,1.6875,orca,,
120.0,30.0,4216.965034285822,1.6875,combined,,
120.0,30.0,4216.965034285822,1.75,arca,,
120.0,30.0,4216.965034285822,1.75,orca,,
120.0,30.0,4216.965034285822,1.75,combined,,
120.0,30.0,4216.965034285822,1.8125,arca,,
120.0,30.0,4216.965034285822,1.8125,orca,,
120.0,30.0,4216.965034285822,1.8125,combined,,
120.0,30.0,4216.965034285822,1.875,arca,,
120.0,30.0,4216.965034285822,1.875,orca,,
120.0,30.0,4216.965034285822,1.875,combined,,
120.0,30.0,4216.965034285822,1.9375,arca,,
120.0,30.0,4216.965034285822,1.9375,orca,,
120.0,30.0,4216.965034285822,1.9375,combined,,
120.0,30.0,4216.965034285822,2.0,arca,,
120.0,30.0,4216.965034285822,2.0,orca,,
120.0,30.0,4216.965034285822,2.0,combined,,
120.0,30.0,4216.965034285822,2.0625,arca,,
120.0,30.0,4216.965034285822,2.0625,orca,,
120.0,30.0,4216.965034285822,2.0625,combined,,
120.0,30.0,4216.965034285822,2.125,arca,,
120.0,30.0,4216.965034285822,2.125,orca,,
120.0,30.0,4216.965034285822,2.125,combined,,
120.0,30.0,4216.965034285822,2.1875,arca,,
120.0,30.0,4216.965034285822,2.1875,orca,,
120.0,30.0,4216.965034285822,2.1875,combined,,
120.0,30.0,4216.965034285822,2.25,arca,,
120.0,30.0,4216.965034285822,2.25,orca,,
120.0,30.0,4216.965034285822,2.25,combined,,
120.0,30.0,4216.965034285822,2.3125,arca,,
120.0,30.0,4216.965034285822,2.3125,orca,5996.133524252731,0.0
120.0,30.0,4216.965034285822,2.3125,combined,,
120.0,30.0,4216.965034285822,2.375,arca,,
120.0,30.0,4216.965034285822,2.375,orca,3611.3448350226436,0.0
120.0,30.0,4216.965034285822,2.375,combined,,
120.0,30.0,4216.965034285822,2.4375,arca,429365.2711775962,0.0
120.0,30.0,4216.965034285822,2.4375,orca,2165.861690034104,0.0
120.0,30.0,4216.965034285822,2.4375,combined,423819.0592500948,0.0
120.0,30.0,4216.965034285822,2.5,arca,208741.60276542878,0.0
120.0,30.0,4216.965034285822,2.5,orca,1265.6810025633722,0.0
120.0,30.0,4216.965034285822,2.5,combined,201723.07917232564,0.0
120.0,30.0,4216.965034285822,2.5625,arca,96775.44729258853,0.0
120.0,30.0,4216.965034285822,2.5625,orca,756.2777952755905,0.0
120.0,30.0,4216.965034285822,2.5625,combined,91408.85349916632,0.0
120.0,30.0,4216.965034285822,2.625,arca,40993.42871706648,0.0
120.0,30.0,4216.965034285822,2.625,orca,442.46885784716505,0.0
120.0,30.0,4216.965034285822,2.625,combined,40376.35038689914,0.0
120.0,30.0,4216.965034285822,2.6875,arca,17147.373675100644,0.0
120.0,30.0,4216.965034285822,2.6875,orca,275.1425327510917,0.0
120.0,30.0,4216.965034285822,2.6875,combined,16905.13983302477,0.0
120.0,30.0,4216.965034285822,2.75,arca,6502.006958383516,0.0
120.0,30.0,4216.965034285822,2.75,orca,229.3249370277078,0.0
120.0,30.0,4216.965034285822,2.75,combined,6492.121337078428,0.0
120.0,30.0,4216.965034285822,2.8125,arca,2445.3685872138917,0.0
120.0,30.0,4216.965034285822,2.8125,orca,121.91870067902367,0.0
120.0,30.0,4216.965034285822,2.8125,combined,2683.600021788867,0.0
120.0,30.0,4216.965034285822,2.875,arca,939.0860248771818,0.0
120.0,30.0,4216.965034285822,2.875,orca,124.79738190096755,0.0
120.0,30.0,4216.965034285822,2.875,combined,1086.7798127047101,0.0
120.0,30.0,4216.965034285822,2.9375,arca,404.3153522435372,0.0
120.0,30.0,4216.965034285822,2.9375,orca,109.03579588728104,0.0
120.0,30.0,4216.965034285822,2.9375,combined,418.09734513274344,0.0
120.0,30.0,4216.965034285822,3.0,arca,140.3522847737544,0.0
120.0,30.0,4216.965034285822,3.0,orca,69.56253624589213,0.0
120.0,30.0,4216.965034285822,3.0,combined,187.31776251226694,0.0
120.0,30.0,12115.276586285852,1.5,arca,,
120.0,30.0,12115.276586285852,1.5,orca,,
120.0,30.0,12115.276586285852,1.5,combined,,
120.0,30.0,12115.276586285852,1.5625,arca,,
120.0,30.0,12115.276586285852,1.5625,orca,,
120.0,30.0,12115.276586285852,1.5625,combined,,
120.0,30.0,12115.276586285852,1.625,arca,,
120.0,30.0,12115.276586285852,1.625,orca,,
120.0,30.0,12115.276586285852,1.625,combined,,
120.0,30.0,12115.276586285852,1.6875,arca,,
120.0,30.0,12115.276586285852,1.6875,orca,,
120.0,30.0,12115.276586285852,1.6875,combined,,
120.0,30.0,12115.276586285852,1.75,arca,,
120.0,30.0,12115.276586285852,1.75,orca,,
120.0,30.0,12115.276586285852,1.75,combined,,
120.0,30.0,12115.276586285852,1.8125,arca,,
120.0,30.0,12115.276586285852,1.8125,orca,,
120.0,30.0,12115.276586285852,1.8125,combined,,
120.0,30.0,12115.276586285852,1.875,arca,,
120.0,30.0,12115.276586285852,1.875,orca,,
120.0,30.0,12115.276586285852,1.875,combined,,
120.0,30.0,12115.276586285852,1.9375,arca,,
120.0,30.0,12115.276586285852,1.9375,orca,,
120.0,30.0,12115.276586285852,1.9375,combined,,
120.0,30.0,12115.276586285852,2.0,arca,,
120.0,30.0,12115.276586285852,2.0,orca,,
120.0,30.0,12115.276586285852,2.0,combined,,
120.0,30.0,12115.276586285852,2.0625,arca,,
120.0,30.0,12115.276586285852,2.0625,orca,,
120.0,30.0,12115.276586285852,2.0625,combined,,
120.0,30.0,12115.276586285852,2.125,arca,,
120.0,30.0,12115.276586285852,2.125,orca,,
120.0,30.0,12115.276586285852,2.125,combined,,
120.0,30.0,12115.276586285852,2.1875,arca,,
120.0,30.0,12115.276586285852,2.1875,orca,,
120.0,30.0,12115.276586285852,2.1875,combined,,
120.0,30.0,12115.276586285852,2.25,arca,,
120.0,30.0,12115.276586285852,2.25,orca,,
120.0,30.0,12115.276586285852,2.25,combined,,
120.0,30.0,12115.276586285852,2.3125,arca,,
120.0,30.0,12115.276586285852,2.3125,orca,,
120.0,30.0,12115.276586285852,2.3125,combined,,
120.0,30.0,12115.276586285852,2.375,arca,,
120.0,30.0,12115.276586285852,2.375,orca,,
120.0,30.0,12115.276586285852,2.375,combined,,
120.0,30.0,12115.276586285852,2.4375,arca,,
120.0,30.0,12115.276586285852,2.4375,orca,9102.71878481765,0.0
120.0,30.0,12115.276586285852,2.4375,combined,,
120.0,30.0,12115.276586285852,2.5,arca,,
120.0,30.0,12115.276586285852,2.5,orca,6006.486102308736,0.0
120.0,30.0,12115.276586285852,2.5,combined,,
120.0,30.0,12115.276586285852,2.5625,arca,383623.7983731822,0.0
120.0,30.0,12115.276586285852,2.5625,orca,4160.958166911919,0.0
120.0,30.0,12115.276586285852,2.5625,combined,381576.1439778522,0.0
120.0,30.0,12115.276586285852,2.625,arca,188918.2367486182,0.0
120.0,30.0,12115.276586285852,2.625,orca,2553.737849779087,0.0
120.0,30.0,12115.276586285852,2.625,combined,185358.0741796607,0.0
120.0,30.0,12115.276586285852,2.6875,arca,88327.73169760116,0.0
120.0,30.0,12115.276586285852,2.6875,orca,1814.0114880389242,0.0
120.0,30.0,12115.276586285852,2.6875,combined,87565.39557217379,0.0
120.0,30.0,12115.276586285852,2.75,arca,40072.39042159704,0.0
120.0,30.0,12115.276586285852,2.75,orca,1132.2070684186679,0.0
120.0,30.0,12115.276586285852,2.75,combined,40297.871016603545,0.0
120.0,30.0,12115.276586285852,2.8125,arca,17051.52017084061,0.0
120.0,30.0,12115.276586285852,2.8125,orca,779.980736631222,0.0
120.0,30.0,12115.276586285852,2.8125,combined,16853.880178281448,0.0
120.0,30.0,12115.276586285852,2.875,arca,6797.169227690189,0.0
120.0,30.0,12115.276586285852,2.875,orca,511.5555555555556,0.0
120.0,30.0,12115.276586285852,2.875,combined,7407.692289582108,0.0
120.0,30.0,12115.276586285852,2.9375,arca,2760.0763795833836,0.0
120.0,30.0,12115.276586285852,2.9375,orca,402.0502376103191,0.0
120.0,30.0,12115.276586285852,2.9375,combined,2955.514341981334,0.0
120.0,30.0,12115.276586285852,3.0,arca,1098.324232259407,0.0
120.0,30.0,12115.276586285852,3.0,orca,245.669519082663,0.0
120.0,30.0,12115.276586285852,3.0,combined,1445.1933540217908,0.0
120.0,30.0,34807.00588428406,1.5,arca,,
120.0,30.0,34807.00588428406,1.5,orca,,
120.0,30.0,34807.00588428406,1.5,combined,,
120.0,30.0,34807.00588428406,1.5625,arca,,
120.0,30.0,34807.00588428406,1.5625,orca,,
120.0,30.0,34807.00588428406,1.5625,combined,,
120.0,30.0,34807.00588428406,1.625,arca,,
120.0,30.0,34807.00588428406,1.625,orca,,
120.0,30.0,34807.00588428406,1.625,combined,,
120.0,30.0,34807.00588428406,1.6875,arca,,
120.0,30.0,34807.00588428406,1.6875,orca,,
120.0,30.0,34807.00588428406,1.6875,combined,,
120.0,30.0,34807.00588428406,1.75,arca,,
120.0,30.0,34807.00588428406,1.75,orca,,
120.0,30.0,34807.00588428406,1.75,combined,,
120.0,30.0,34807.00588428406,1.8125,arca,,
120.0,30.0,34807.00588428406,1.8125,orca,,
120.0,30.0,34807.00588428406,1.8125,combined,,
120.0,30.0,34807.00588428406,1.875,arca,,
120.0,30.0,34807.00588428406,1.875,orca,,
120.0,30.0,34807.00588428406,1.875,combined,,
120.0,30.0,34807.00588428406,1.9375,arca,,
120.0,30.0,34807.00588428406,1.9375,orca,,
120.0,30.0,34807.00588428406,1.9375,combined,,
120.0,30.0,34807.00588428406,2.0,arca,,
120.0,30.0,34807.00588428406,2.0,orca,,
120.0,30.0,34807.00588428406,2.0,combined,,
120.0,30.0,34807.00588428406,2.0625,arca,,
120.0,30.0,34807.00588428406,2.0625,orca,,
120.0,30.0,34807.00588428406,2.0625,combined,,
120.0,30.0,34807.00588428406,2.125,arca,,
120.0,30.0,34807.00588428406,2.125,orca,,
120.0,30.0,34807.00588428406,2.125,combined,,
120.0,30.0,34807.00588428406,2.1875,arca,,
120.0,30.0,34807.00588428406,2.1875,orca,,
120.0,30.0,34807.00588428406,2.1875,combined,,
120.0,30.0,34807.00588428406,2.25,arca,,
120.0,30.0,34807.00588428406,2.25,orca,,
120.0,30.0,34807.00588428406,2.25,combined,,
120.0,30.0,34807.00588428406,2.3125,arca,,
120.0,30.0,34807.00588428406,2.3125,orca,,
120.0,30.0,34807.00588428406,2.3125,combined,,
120.0,30.0,34807.00588428406,2.375,arca,,
120.0,30.0,34807.00588428406,2.375,orca,,
120.0,30.0,34807.00588428406,2.375,combined,,
120.0,30.0,34807.00588428406,2.4375,arca,,
120.0,30.0,34807.00588428406,2.4375,orca,,
120.0,30.0,34807.00588428406,2.4375,combined,,
120.0,30.0,34807.00588428406,2.5,arca,,
120.0,30.0,34807.00588428406,2.5,orca,,
120.0,30.0,34807.00588428406,2.5,combined,,
120.0,30.0,34807.00588428406,2.5625,arca,,
120.0,30.0,34807.00588428406,2.5625,orca,,
120.0,30.0,34807.00588428406,2.5625,combined,,
120.0,30.0,34807.00588428406,2.625,arca,,
120.0,30.0,34807.00588428406,2.625,orca,11080.548453185824,0.0
120.0,30.0,34807.00588428406,2.625,combined,,
120.0,30.0,34807.00588428406,2.6875,arca,365170.16819007247,0.0
120.0,30.0,34807.00588428406,2.6875,orca,7300.616174582799,0.0
120.0,30.0,34807.00588428406,2.6875,combined,363451.01287049276,0.0
120.0,30.0,34807.00588428406,2.75,arca,182485.02409638558,0.0
120.0,30.0,34807.00588428406,2.75,orca,5192.759684091765,0.0
120.0,30.0,34807.00588428406,2.75,combined,185520.69358838984,0.0
120.0,30.0,34807.00588428406,2.8125,arca,89451.7788797699,0.0
120.0,30.0,34807.00588428406,2.8125,orca,3786.8261145822307,0.0
120.0,30.0,34807.00588428406,2.8125,combined,91571.71805697527,0.0
120.0,30.0,34807.00588428406,2.875,arca,41822.43987693089,0.0
120.0,30.0,34807.00588428406,2.875,orca,2837.5420340975893,0.0
120.0,30.0,34807.00588428406,2.875,combined,43956.83391927999,0.0
120.0,30.0,34807.00588428406,2.9375,arca,18105.380400583228,0.0
120.0,30.0,34807.00588428406,2.9375,orca,2085.7629359184184,0.0
120.0,30.0,34807.00588428406,2.9375,combined,20494.35254434913,0.0
120.0,30.0,34807.00588428406,3.0,arca,7622.923225072223,0.0
120.0,30.0,34807.00588428406,3.0,orca,1472.0121968316275,0.0
120.0,30.0,34807.00588428406,3.0,combined,9248.607966140127,0.0
120.0,30.0,100000.0,1.5,arca,,
120.0,30.0,100000.0,1.5,orca,,
120.0,30.0,100000.0,1.5,combined,,
120.0,30.0,100000.0,1.5625,arca,,
120.0,30.0,100000.0,1.5625,orca,,
120.0,30.0,100000.0,1.5625,combined,,
120.0,30.0,100000.0,1.625,arca,,
120.0,30.0,100000.0,1.625,orca,,
120.0,30.0,100000.0,1.625,combined,,
120.0,30.0,100000.0,1.6875,arca,,
120.0,30.0,100000.0,1.6875,orca,,
120.0,30.0,100000.0,1.6875,combined,,
120.0,30.0,100000.0,1.75,arca,,
120.0,30.0,100000.0,1.75,orca,,
120.0,30.0,100000.0,1.75,combined,,
120.0,30.0,100000.0,1.8125,arca,,
120.0,30.0,100000.0,1.8125,orca,,
120.0,30.0,100000.0,1.8125,combined,,
120.0,30.0,100000.0,1.875,arca,,
120.0,30.0,100000.0,1.875,orca,,
120.0,30.0,100000.0,1.875,combined,,
120.0,30.0,100000.0,1.9375,arca,,
120.0,30.0,100000.0,1.9375,orca,,
120.0,30.0,100000.0,1.9375,combined,,
120.0,30.0,100000.0,2.0,arca,,
120.0,30.0,100000.0,2.0,orca,,
120.0,30.0,100000.0,2.0,combined,,
120.0,30.0,100000.0,2.0625,arca,,
120.0,30.0,100000.0,2.0625,orca,,
120.0,30.0,100000.0,2.0625,combined,,
120.0,30.0,100000.0,2.125,arca,,
120.0,30.0,100000.0,2.125,orca,,
120.0,30.0,100000.0,2.125,combined,,
120.0,30.0,100000.0,2.1875,arca,,
120.0,30.0,100000.0,2.1875,orca,,
120.0,30.0,100000.0,2.1875,combined,,
120.0,30.0,100000.0,2.25,arca,,
120.0,30.0,100000.0,2.25,orca,,
120.0,30.0,100000.0,2.25,combined,,
120.0,30.0,100000.0,2.3125,arca,,
120.0,30.0,100000.0,2.3125,orca,,
120.0,30.0,100000.0,2.3125,combined,,
120.0,30.0,100000.0,2.375,arca,,
120.0,30.0,100000.0,2.375,orca,,
120.0,30.0,100000.0,2.375,combined,,
120.0,30.0,100000.0,2.4375,arca,,
120.0,30.0,100000.0,2.4375,orca,,
120.0,30.0,100000.0,2.4375,combined,,
120.0,30.0,100000.0,2.5,arca,,
120.0,30.0,100000.0,2.5,orca,,
120.0,30.0,100000.0,2.5,combined,,
120.0,30.0,100000.0,2.5625,arca,,
120.0,30.0,100000.0,2.5625,orca,,
120.0,30.0,100000.0,2.5625,combined,,
120.0,30.0,100000.0,2.625,arca,,
120.0,30.0,100000.0,2.625,orca,,
120.0,30.0,100000.0,2.625,combined,,
120.0,30.0,100000.0,2.6875,arca,,
120.0,30.0,100000.0,2.6875,orca,,
120.0,30.0,100000.0,2.6875,combined,,
120.0,30.0,100000.0,2.75,arca,,
120.0,30.0,100000.0,2.75,orca,,
120.0,30.0,100000.0,2.75,combined,,
120.0,30.0,100000.0,2.8125,arca,363284.1869120952,0.0
120.0,30.0,100000.0,2.8125,orca,,
120.0,30.0,100000.0,2.8125,combined,,
120.0,30.0,100000.0,2.875,arca,189540.2321012086,0.0
120.0,30.0,100000.0,2.875,orca,12038.716885877508,0.0
120.0,30.0,100000.0,2.875,combined,200057.55436803703,0.0
120.0,30.0,100000.0,2.9375,arca,94878.55875968616,0.0
120.0,30.0,100000.0,2.9375,orca,9284.936670227375,0.0
120.0,30.0,100000.0,2.9375,combined,104574.45009134695,0.0
120.0,30.0,100000.0,3.0,arca,45230.246056782344,0.0
120.0,30.0,100000.0,3.0,orca,7062.462832618026,0.0
120.0,30.0,100000.0,3.0,combined,53960.383075214,0.0
