zenith_cut,angle,phi0,gamma,detector,mean_max_efstat,mean_max_efstat_error
30.0,30.0,1e-06,1.5,arca,59.862642088992445,0.0
30.0,30.0,1e-06,1.5,orca,57.91946380126602,0.0
30.0,30.0,1e-06,1.5,combined,66.30230022893274,0.0
30.0,30.0,1e-06,1.5625,arca,70.28201042349139,0.0
30.0,30.0,1e-06,1.5625,orca,57.91946380126602,0.0
30.0,30.0,1e-06,1.5625,combined,61.94999176097253,0.0
30.0,30.0,1e-06,1.625,arca,70.28201042349139,0.0
30.0,30.0,1e-06,1.625,orca,57.91946380126602,0.0
30.0,30.0,1e-06,1.625,combined,81.62701729125767,0.0
30.0,30.0,1e-06,1.6875,arca,70.28201042349139,0.0
30.0,30.0,1e-06,1.6875,orca,57.91946380126602,0.0
30.0,30.0,1e-06,1.6875,combined,81.62701729125767,0.0
30.0,30.0,1e-06,1.75,arca,70.28201042349139,0.0
30.0,30.0,1e-06,1.75,orca,57.91946380126602,0.0
30.0,30.0,1e-06,1.75,combined,81.62701729125767,0.0
30.0,30.0,1e-06,1.8125,arca,70.28201042349139,0.0
30.0,30.0,1e-06,1.8125,orca,57.91946380126602,0.0
30.0,30.0,1e-06,1.8125,combined,81.62701729125767,0.0
30.0,30.0,1e-06,1.875,arca,70.28201042349139,0.0
30.0,30.0,1e-06,1.875,orca,57.91946380126602,0.0
30.0,30.0,1e-06,1.875,combined,81.62701729125767,0.0
30.0,30.0,1e-06,1.9375,arca,70.28201042349139,0.0
30.0,30.0,1e-06,1.9375,orca,57.91946380126602,0.0
30.0,30.0,1e-06,1.9375,combined,81.62701729125767,0.0
30.0,30.0,1e-06,2.0,arca,70.28201042349139,0.0
30.0,30.0,1e-06,2.0,orca,57.91946380126602,0.0
30.0,30.0,1e-06,2.0,combined,81.62701729125767,0.0
30.0,30.0,1e-06,2.0625,arca,70.28201042349139,0.0
30.0,30.0,1e-06,2.0625,orca,57.91946380126602,0.0
30.0,30.0,1e-06,2.0625,combined,81.62701729125767,0.0
30.0,30.0,1e-06,2.125,arca,70.28201042349139,0.0
30.0,30.0,1e-06,2.125,orca,57.91946380126602,0.0
30.0,30.0,1e-06,2.125,combined,81.62701729125767,0.0
30.0,30.0,1e-06,2.1875,arca,70.28201042349139,0.0
30.0,30.0,1e-06,2.1875,orca,57.91946380126602,0.0
30.0,30.0,1e-06,2.1875,combined,81.62701729125767,0.0
30.0,30.0,1e-06,2.25,arca,70.28201042349139,0.0
30.0,30.0,1e-06,2.25,orca,57.91946380126602,0.0
30.0,30.0,1e-06,2.25,combined,81.62701729125767,0.0
30.0,30.0,1e-06,2.3125,arca,70.28201042349139,0.0
30.0,30.0,1e-06,2.3125,orca,57.91946380126602,0.0
30.0,30.0,1e-06,2.3125,combined,81.62701729125767,0.0
30.0,30.0,1e-06,2.375,arca,70.28201042349139,0.0
30.0,30.0,1e-06,2.375,orca,57.91946380126602,0.0
30.0,30.0,1e-06,2.375,combined,81.62701729125767,0.0
30.0,30.0,1e-06,2.4375,arca,70.28201042349139,0.0
30.0,30.0,1e-06,2.4375,orca,57.91946380126602,0.0
30.0,30.0,1e-06,2.4375,combined,81.62701729125767,0.0
30.0,30.0,1e-06,2.5,arca,70.28201042349139,0.0
30.0,30.0,1e-06,2.5,orca,57.91946380126602,0.0
30.0,30.0,1e-06,2.5,combined,81.62701729125767,0.0
30.0,30.0,1e-06,2.5625,arca,70.28201042349139,0.0
30.0,30.0,1e-06,2.5625,orca,57.91946380126602,0.0
30.0,30.0,1e-06,2.5625,combined,81.62701729125767,0.0
30.0,30.0,1e-06,2.625,arca,70.28201042349139,0.0
30.0,30.0,1e-06,2.625,orca,57.91946380126602,0.0
30.0,30.0,1e-06,2.625,combined,81.62701729125767,0.0
30.0,30.0,1e-06,2.6875,arca,70.28201042349139,0.0
30.0,30.0,1e-06,2.6875,orca,57.91946380126602,0.0
30.0,30.0,1e-06,2.6875,combined,81.62701729125767,0.0
30.0,30.0,1e-06,2.75,arca,70.28201042349139,0.0
30.0,30.0,1e-06,2.75,orca,57.91946380126602,0.0
30.0,30.0,1e-06,2.75,combined,81.62701729125767,0.0
30.0,30.0,1e-06,2.8125,arca,70.28201042349139,0.0
30.0,30.0,1e-06,2.8125,orca,57.91946380126602,0.0
30.0,30.0,1e-06,2.8125,combined,81.62701729125767,0.0
30.0,30.0,1e-06,2.875,arca,70.28201042349139,0.0
30.0,30.0,1e-06,2.875,orca,57.91946380126602,0.0
30.0,30.0,1e-06,2.875,combined,81.62701729125767,0.0
30.0,30.0,1e-06,2.9375,arca,70.28201042349139,0.0
30.0,30.0,1e-06,2.9375,orca,57.91946380126602,0.0
30.0,30.0,1e-06,2.9375,combined,81.62701729125767,0.0
30.0,30.0,1e-06,3.0,arca,70.28201042349139,0.0
30.0,30.0,1e-06,3.0,orca,57.91946380126602,0.0
30.0,30.0,1e-06,3.0,combined,81.62701729125767,0.0
30.0,30.0,2.8729848333536627e-06,1.5,arca,62.2122437136055,0.0
30.0,30.0,2.8729848333536627e-06,1.5,orca,57.91946380126602,0.0
30.0,30.0,2.8729848333536627e-06,1.5,combined,74.88281744364738,0.0
30.0,30.0,2.8729848333536627e-06,1.5625,arca,64.94218159160513,0.0
30.0,30.0,2.8729848333536627e-06,1.5625,orca,57.91946380126602,0.0
30.0,30.0,2.8729848333536627e-06,1.5625,combined,64.50580761768069,0.0
30.0,30.0,2.8729848333536627e-06,1.625,arca,59.800611264256524,0.0
30.0,30.0,2.8729848333536627e-06,1.625,orca,57.91946380126602,0.0
30.0,30.0,2.8729848333536627e-06,1.625,combined,62.09934369841493,0.0
30.0,30.0,2.8729848333536627e-06,1.6875,arca,70.28201042349139,0.0
30.0,30.0,2.8729848333536627e-06,1.6875,orca,57.91946380126602,0.0
30.0,30.0,2.8729848333536627e-06,1.6875,combined,81.62701729125767,0.0
30.0,30.0,2.8729848333536627e-06,1.75,arca,69.26183487991356,0.0
30.0,30.0,2.8729848333536627e-06,1.75,orca,57.91946380126602,0.0
30.0,30.0,2.8729848333536627e-06,1.75,combined,66.13959991281652,0.0
30.0,30.0,2.8729848333536627e-06,1.8125,arca,59.82070812728764,0.0
30.0,30.0,2.8729848333536627e-06,1.8125,orca,57.91946380126602,0.0
30.0,30.0,2.8729848333536627e-06,1.8125,combined,81.62701729125767,0.0
30.0,30.0,2.8729848333536627e-06,1.875,arca,70.28201042349139,0.0
30.0,30.0,2.8729848333536627e-06,1.875,orca,57.91946380126602,0.0
30.0,30.0,2.8729848333536627e-06,1.875,combined,81.62701729125767,0.0
30.0,30.0,2.8729848333536627e-06,1.9375,arca,70.28201042349139,0.0
30.0,30.0,2.8729848333536627e-06,1.9375,orca,57.91946380126602,0.0
30.0,30.0,2.8729848333536627e-06,1.9375,combined,81.62701729125767,0.0
30.0,30.0,2.8729848333536627e-06,2.0,arca,70.28201042349139,0.0
30.0,30.0,2.8729848333536627e-06,2.0,orca,57.91946380126602,0.0
30.0,30.0,2.8729848333536627e-06,2.0,combined,81.62701729125767,0.0
30.0,30.0,2.8729848333536627e-06,2.0625,arca,70.28201042349139,0.0
30.0,30.0,2.8729848333536627e-06,2.0625,orca,57.91946380126602,0.0
30.0,30.0,2.8729848333536627e-06,2.0625,combined,81.62701729125767,0.0
30.0,30.0,2.8729848333536627e-06,2.125,arca,70.28201042349139,0.0
30.0,30.0,2.8729848333536627e-06,2.125,orca,57.91946380126602,0.0
30.0,30.0,2.8729848333536627e-06,2.125,combined,81.62701729125767,0.0
30.0,30.0,2.8729848333536627e-06,2.1875,arca,70.28201042349139,0.0
30.0,30.0,2.8729848333536627e-06,2.1875,orca,57.91946380126602,0.0
30.0,30.0,2.8729848333536627e-06,2.1875,combined,81.62701729125767,0.0
30.0,30.0,2.8729848333536627e-06,2.25,arca,70.28201042349139,0.0
30.0,30.0,2.8729848333536627e-06,2.25,orca,57.91946380126602,0.0
30.0,30.0,2.8729848333536627e-06,2.25,combined,81.62701729125767,0.0
30.0,30.0,2.8729848333536627e-06,2.3125,arca,70.28201042349139,0.0
30.0,30.0,2.8729848333536627e-06,2.3125,orca,57.91946380126602,0.0
30.0,30.0,2.8729848333536627e-06,2.3125,combined,81.62701729125767,0.0
30.0,30.0,2.8729848333536627e-06,2.375,arca,70.28201042349139,0.0
30.0,30.0,2.8729848333536627e-06,2.375,orca,57.91946380126602,0.0
30.0,30.0,2.8729848333536627e-06,2.375,combined,81.62701729125767,0.0
30.0,30.0,2.8729848333536627e-06,2.4375,arca,70.28201042349139,0.0
30.0,30.0,2.8729848333536627e-06,2.4375,orca,57.91946380126602,0.0
30.0,30.0,2.8729848333536627e-06,2.4375,combined,81.62701729125767,0.0
30.0,30.0,2.8729848333536627e-06,2.5,arca,70.28201042349139,0.0
30.0,30.0,2.8729848333536627e-06,2.5,orca,57.91946380126602,0.0
30.0,30.0,2.8729848333536627e-06,2.5,combined,81.62701729125767,0.0
30.0,30.0,2.8729848333536627e-06,2.5625,arca,70.28201042349139,0.0
30.0,30.0,2.8729848333536627e-06,2.5625,orca,57.91946380126602,0.0
30.0,30.0,2.8729848333536627e-06,2.5625,combined,81.62701729125767,0.0
30.0,30.0,2.8729848333536627e-06,2.625,arca,70.28201042349139,0.0
30.0,30.0,2.8729848333536627e-06,2.625,orca,57.91946380126602,0.0
30.0,30.0,2.8729848333536627e-06,2.625,combined,81.62701729125767,0.0
30.0,30.0,2.8729848333536627e-06,2.6875,arca,70.28201042349139,0.0
30.0,30.0,2.8729848333536627e-06,2.6875,orca,57.91946380126602,0.0
30.0,30.0,2.8729848333536627e-06,2.6875,combined,81.62701729125767,0.0
30.0,30.0,2.8729848333536627e-06,2.75,arca,70.28201042349139,0.0
30.0,30.0,2.8729848333536627e-06,2.75,orca,57.91946380126602,0.0
30.0,30.0,2.8729848333536627e-06,2.75,combined,81.62701729125767,0.0
30.0,30.0,2.8729848333536627e-06,2.8125,arca,70.28201042349139,0.0
30.0,30.0,2.8729848333536627e-06,2.8125,orca,57.91946380126602,0.0
30.0,30.0,2.8729848333536627e-06,2.8125,combined,81.62701729125767,0.0
30.0,30.0,2.8729848333536627e-06,2.875,arca,70.28201042349139,0.0
30.0,30.0,2.8729848333536627e-06,2.875,orca,57.91946380126602,0.0
30.0,30.0,2.8729848333536627e-06,2.875,combined,81.62701729125767,0.0
30.0,30.0,2.8729848333536627e-06,2.9375,arca,70.28201042349139,0.0
30.0,30.0,2.8729848333536627e-06,2.9375,orca,57.91946380126602,0.0
30.0,30.0,2.8729848333536627e-06,2.9375,combined,81.62701729125767,0.0
30.0,30.0,2.8729848333536627e-06,3.0,arca,70.28201042349139,0.0
30.0,30.0,2.8729848333536627e-06,3.0,orca,57.91946380126602,0.0
30.0,30.0,2.8729848333536627e-06,3.0,combined,81.62701729125767,0.0
30.0,30.0,8.254041852680188e-06,1.5,arca,62.26046608227812,0.0
30.0,30.0,8.254041852680188e-06,1.5,orca,57.91946380126602,0.0
30.0,30.0,8.254041852680188e-06,1.5,combined,56.181616847500976,0.0
30.0,30.0,8.254041852680188e-06,1.5625,arca,62.68372792084297,0.0
30.0,30.0,8.254041852680188e-06,1.5625,orca,57.91946380126602,0.0
30.0,30.0,8.254041852680188e-06,1.5625,combined,63.73183663809951,0.0
30.0,30.0,8.254041852680188e-06,1.625,arca,56.789230393870056,0.0
30.0,30.0,8.254041852680188e-06,1.625,orca,57.91946380126602,0.0
30.0,30.0,8.254041852680188e-06,1.625,combined,60.113665980522,0.0
30.0,30.0,8.254041852680188e-06,1.6875,arca,67.64138040083805,0.0
30.0,30.0,8.254041852680188e-06,1.6875,orca,57.91946380126602,0.0
30.0,30.0,8.254041852680188e-06,1.6875,combined,66.23419001480212,0.0
30.0,30.0,8.254041852680188e-06,1.75,arca,64.64546265835499,0.0
30.0,30.0,8.254041852680188e-06,1.75,orca,57.91946380126602,0.0
30.0,30.0,8.254041852680188e-06,1.75,combined,81.62701729125767,0.0
30.0,30.0,8.254041852680188e-06,1.8125,arca,70.28201042349139,0.0
30.0,30.0,8.254041852680188e-06,1.8125,orca,57.91946380126602,0.0
30.0,30.0,8.254041852680188e-06,1.8125,combined,81.62701729125767,0.0
30.0,30.0,8.254041852680188e-06,1.875,arca,61.855917350797895,0.0
30.0,30.0,8.254041852680188e-06,1.875,orca,57.91946380126602,0.0
30.0,30.0,8.254041852680188e-06,1.875,combined,81.62701729125767,0.0
30.0,30.0,8.254041852680188e-06,1.9375,arca,70.28201042349139,0.0
30.0,30.0,8.254041852680188e-06,1.9375,orca,57.91946380126602,0.0
30.0,30.0,8.254041852680188e-06,1.9375,combined,81.62701729125767,0.0
30.0,30.0,8.254041852680188e-06,2.0,arca,70.28201042349139,0.0
30.0,30.0,8.254041852680188e-06,2.0,orca,57.91946380126602,0.0
30.0,30.0,8.254041852680188e-06,2.0,combined,81.62701729125767,0.0
30.0,30.0,8.254041852680188e-06,2.0625,arca,70.28201042349139,0.0
30.0,30.0,8.254041852680188e-06,2.0625,orca,57.91946380126602,0.0
30.0,30.0,8.254041852680188e-06,2.0625,combined,81.62701729125767,0.0
30.0,30.0,8.254041852680188e-06,2.125,arca,70.28201042349139,0.0
30.0,30.0,8.254041852680188e-06,2.125,orca,57.91946380126602,0.0
30.0,30.0,8.254041852680188e-06,2.125,combined,81.62701729125767,0.0
30.0,30.0,8.254041852680188e-06,2.1875,arca,70.28201042349139,0.0
30.0,30.0,8.254041852680188e-06,2.1875,orca,57.91946380126602,0.0
30.0,30.0,8.254041852680188e-06,2.1875,combined,81.62701729125767,0.0
30.0,30.0,8.254041852680188e-06,2.25,arca,70.28201042349139,0.0
30.0,30.0,8.254041852680188e-06,2.25,orca,57.91946380126602,0.0
30.0,30.0,8.254041852680188e-06,2.25,combined,81.62701729125767,0.0
30.0,30.0,8.254041852680188e-06,2.3125,arca,70.28201042349139,0.0
30.0,30.0,8.254041852680188e-06,2.3125,orca,57.91946380126602,0.0
30.0,30.0,8.254041852680188e-06,2.3125,combined,81.62701729125767,0.0
30.0,30.0,8.254041852680188e-06,2.375,arca,70.28201042349139,0.0
30.0,30.0,8.254041852680188e-06,2.375,orca,57.91946380126602,0.0
30.0,30.0,8.254041852680188e-06,2.375,combined,81.62701729125767,0.0
30.0,30.0,8.254041852680188e-06,2.4375,arca,70.28201042349139,0.0
30.0,30.0,8.254041852680188e-06,2.4375,orca,57.91946380126602,0.0
30.0,30.0,8.254041852680188e-06,2.4375,combined,81.62701729125767,0.0
30.0,30.0,8.254041852680188e-06,2.5,arca,70.28201042349139,0.0
30.0,30.0,8.254041852680188e-06,2.5,orca,57.91946380126602,0.0
30.0,30.0,8.254041852680188e-06,2.5,combined,81.62701729125767,0.0
30.0,30.0,8.254041852680188e-06,2.5625,arca,70.28201042349139,0.0
30.0,30.0,8.254041852680188e-06,2.5625,orca,57.91946380126602,0.0
30.0,30.0,8.254041852680188e-06,2.5625,combined,81.62701729125767,0.0
30.0,30.0,8.254041852680188e-06,2.625,arca,70.28201042349139,0.0
30.0,30.0,8.254041852680188e-06,2.625,orca,57.91946380126602,0.0
30.0,30.0,8.254041852680188e-06,2.625,combined,81.62701729125767,0.0
30.0,30.0,8.254041852680188e-06,2.6875,arca,70.28201042349139,0.0
30.0,30.0,8.254041852680188e-06,2.6875,orca,57.91946380126602,0.0
30.0,30.0,8.254041852680188e-06,2.6875,combined,81.62701729125767,0.0
30.0,30.0,8.254041852680188e-06,2.75,arca,70.28201042349139,0.0
30.0,30.0,8.254041852680188e-06,2.75,orca,57.91946380126602,0.0
30.0,30.0,8.254041852680188e-06,2.75,combined,81.62701729125767,0.0
30.0,30.0,8.254041852680188e-06,2.8125,arca,70.28201042349139,0.0
30.0,30.0,8.254041852680188e-06,2.8125,orca,57.91946380126602,0.0
30.0,30.0,8.254041852680188e-06,2.8125,combined,81.62701729125767,0.0
30.0,30.0,8.254041852680188e-06,2.875,arca,70.28201042349139,0.0
30.0,30.0,8.254041852680188e-06,2.875,orca,57.91946380126602,0.0
30.0,30.0,8.254041852680188e-06,2.875,combined,81.62701729125767,0.0
30.0,30.0,8.254041852680188e-06,2.9375,arca,70.28201042349139,0.0
30.0,30.0,8.254041852680188e-06,2.9375,orca,57.91946380126602,0.0
30.0,30.0,8.254041852680188e-06,2.9375,combined,81.62701729125767,0.0
30.0,30.0,8.254041852680188e-06,3.0,arca,70.28201042349139,0.0
30.0,30.0,8.254041852680188e-06,3.0,orca,57.91946380126602,0.0
30.0,30.0,8.254041852680188e-06,3.0,combined,81.62701729125767,0.0
30.0,30.0,2.371373705661655e-05,1.5,arca,55.53465059223891,0.0
30.0,30.0,2.371373705661655e-05,1.5,orca,57.43092534914096,0.0
30.0,30.0,2.371373705661655e-05,1.5,combined,60.22442834990809,0.0
30.0,30.0,2.371373705661655e-05,1.5625,arca,69.40671864440304,0.0
30.0,30.0,2.371373705661655e-05,1.5625,orca,57.91946380126602,0.0
30.0,30.0,2.371373705661655e-05,1.5625,combined,77.35622791225798,0.0
30.0,30.0,2.371373705661655e-05,1.625,arca,58.796581889885815,0.0
30.0,30.0,2.371373705661655e-05,1.625,orca,57.91946380126602,0.0
30.0,30.0,2.371373705661655e-05,1.625,combined,59.73589787913036,0.0
30.0,30.0,2.371373705661655e-05,1.6875,arca,68.8918664197352,0.0
30.0,30.0,2.371373705661655e-05,1.6875,orca,57.91946380126602,0.0
30.0,30.0,2.371373705661655e-05,1.6875,combined,64.16957481319967,0.0
30.0,30.0,2.371373705661655e-05,1.75,arca,59.66092757138714,0.0
30.0,30.0,2.371373705661655e-05,1.75,orca,57.91946380126602,0.0
30.0,30.0,2.371373705661655e-05,1.75,combined,73.46466164198758,0.0
30.0,30.0,2.371373705661655e-05,1.8125,arca,56.6655275706278,0.0
30.0,30.0,2.371373705661655e-05,1.8125,orca,57.91946380126602,0.0
30.0,30.0,2.371373705661655e-05,1.8125,combined,80.62244179527985,0.0
30.0,30.0,2.371373705661655e-05,1.875,arca,70.28201042349139,0.0
30.0,30.0,2.371373705661655e-05,1.875,orca,57.91946380126602,0.0
30.0,30.0,2.371373705661655e-05,1.875,combined,81.62701729125767,0.0
30.0,30.0,2.371373705661655e-05,1.9375,arca,70.28201042349139,0.0
30.0,30.0,2.371373705661655e-05,1.9375,orca,57.91946380126602,0.0
30.0,30.0,2.371373705661655e-05,1.9375,combined,81.62701729125767,0.0
30.0,30.0,2.371373705661655e-05,2.0,arca,70.28201042349139,0.0
30.0,30.0,2.371373705661655e-05,2.0,orca,57.91946380126602,0.0
30.0,30.0,2.371373705661655e-05,2.0,combined,81.62701729125767,0.0
30.0,30.0,2.371373705661655e-05,2.0625,arca,70.28201042349139,0.0
30.0,30.0,2.371373705661655e-05,2.0625,orca,57.91946380126602,0.0
30.0,30.0,2.371373705661655e-05,2.0625,combined,81.62701729125767,0.0
30.0,30.0,2.371373705661655e-05,2.125,arca,70.28201042349139,0.0
30.0,30.0,2.371373705661655e-05,2.125,orca,57.91946380126602,0.0
30.0,30.0,2.371373705661655e-05,2.125,combined,81.62701729125767,0.0
30.0,30.0,2.371373705661655e-05,2.1875,arca,70.28201042349139,0.0
30.0,30.0,2.371373705661655e-05,2.1875,orca,57.91946380126602,0.0
30.0,30.0,2.371373705661655e-05,2.1875,combined,81.62701729125767,0.0
30.0,30.0,2.371373705661655e-05,2.25,arca,70.28201042349139,0.0
30.0,30.0,2.371373705661655e-05,2.25,orca,57.91946380126602,0.0
30.0,30.0,2.371373705661655e-05,2.25,combined,81.62701729125767,0.0
30.0,30.0,2.371373705661655e-05,2.3125,arca,70.28201042349139,0.0
30.0,30.0,2.371373705661655e-05,2.3125,orca,57.91946380126602,0.0
30.0,30.0,2.371373705661655e-05,2.3125,combined,81.62701729125767,0.0
30.0,30.0,2.371373705661655e-05,2.375,arca,70.28201042349139,0.0
30.0,30.0,2.371373705661655e-05,2.375,orca,57.91946380126602,0.0
30.0,30.0,2.371373705661655e-05,2.375,combined,81.62701729125767,0.0
30.0,30.0,2.371373705661655e-05,2.4375,arca,70.28201042349139,0.0
30.0,30.0,2.371373705661655e-05,2.4375,orca,57.91946380126602,0.0
30.0,30.0,2.371373705661655e-05,2.4375,combined,81.62701729125767,0.0
30.0,30.0,2.371373705661655e-05,2.5,arca,70.28201042349139,0.0
30.0,30.0,2.371373705661655e-05,2.5,orca,57.91946380126602,0.0
30.0,30.0,2.371373705661655e-05,2.5,combined,81.62701729125767,0.0
30.0,30.0,2.371373705661655e-05,2.5625,arca,70.28201042349139,0.0
30.0,30.0,2.371373705661655e-05,2.5625,orca,57.91946380126602,0.0
30.0,30.0,2.371373705661655e-05,2.5625,combined,81.62701729125767,0.0
30.0,30.0,2.371373705661655e-05,2.625,arca,70.28201042349139,0.0
30.0,30.0,2.371373705661655e-05,2.625,orca,57.91946380126602,0.0
30.0,30.0,2.371373705661655e-05,2.625,combined,81.62701729125767,0.0
30.0,30.0,2.371373705661655e-05,2.6875,arca,70.28201042349139,0.0
30.0,30.0,2.371373705661655e-05,2.6875,orca,57.91946380126602,0.0
30.0,30.0,2.371373705661655e-05,2.6875,combined,81.62701729125767,0.0
30.0,30.0,2.371373705661655e-05,2.75,arca,70.28201042349139,0.0
30.0,30.0,2.371373705661655e-05,2.75,orca,57.91946380126602,0.0
30.0,30.0,2.371373705661655e-05,2.75,combined,81.62701729125767,0.0
30.0,30.0,2.371373705661655e-05,2.8125,arca,70.28201042349139,0.0
30.0,30.0,2.371373705661655e-05,2.8125,orca,57.91946380126602,0.0
30.0,30.0,2.371373705661655e-05,2.8125,combined,81.62701729125767,0.0
30.0,30.0,2.371373705661655e-05,2.875,arca,70.28201042349139,0.0
30.0,30.0,2.371373705661655e-05,2.875,orca,57.91946380126602,0.0
30.0,30.0,2.371373705661655e-05,2.875,combined,81.62701729125767,0.0
30.0,30.0,2.371373705661655e-05,2.9375,arca,70.28201042349139,0.0
30.0,30.0,2.371373705661655e-05,2.9375,orca,57.91946380126602,0.0
30.0,30.0,2.371373705661655e-05,2.9375,combined,81.62701729125767,0.0
30.0,30.0,2.371373705661655e-05,3.0,arca,70.28201042349139,0.0
30.0,30.0,2.371373705661655e-05,3.0,orca,57.91946380126602,0.0
30.0,30.0,2.371373705661655e-05,3.0,combined,81.62701729125767,0.0
30.0,30.0,6.812920690579608e-05,1.5,arca,64.89952549124352,0.0
30.0,30.0,6.812920690579608e-05,1.5,orca,57.64595877311044,0.0
30.0,30.0,6.812920690579608e-05,1.5,combined,59.33958254552428,0.0
30.0,30.0,6.812920690579608e-05,1.5625,arca,63.53111524310638,0.0
30.0,30.0,6.812920690579608e-05,1.5625,orca,57.91946380126602,0.0
30.0,30.0,6.812920690579608e-05,1.5625,combined,54.54679053783638,0.0
30.0,30.0,6.812920690579608e-05,1.625,arca,59.58382385432432,0.0
30.0,30.0,6.812920690579608e-05,1.625,orca,56.17990741233439,0.0
30.0,30.0,6.812920690579608e-05,1.625,combined,57.16,0.0
30.0,30.0,6.812920690579608e-05,1.6875,arca,61.147018085401086,0.0
30.0,30.0,6.812920690579608e-05,1.6875,orca,57.91946380126602,0.0
30.0,30.0,6.812920690579608e-05,1.6875,combined,80.8010888172935,0.0
30.0,30.0,6.812920690579608e-05,1.75,arca,62.81913918508114,0.0
30.0,30.0,6.812920690579608e-05,1.75,orca,57.91946380126602,0.0
30.0,30.0,6.812920690579608e-05,1.75,combined,64.90158218007565,0.0
30.0,30.0,6.812920690579608e-05,1.8125,arca,64.94653252028502,0.0
30.0,30.0,6.812920690579608e-05,1.8125,orca,57.91946380126602,0.0
30.0,30.0,6.812920690579608e-05,1.8125,combined,63.629395722692706,0.0
30.0,30.0,6.812920690579608e-05,1.875,arca,60.9944317960917,0.0
30.0,30.0,6.812920690579608e-05,1.875,orca,57.91946380126602,0.0
30.0,30.0,6.812920690579608e-05,1.875,combined,56.70896770710614,0.0
30.0,30.0,6.812920690579608e-05,1.9375,arca,70.28201042349139,0.0
30.0,30.0,6.812920690579608e-05,1.9375,orca,57.91946380126602,0.0
30.0,30.0,6.812920690579608e-05,1.9375,combined,77.63170283934971,0.0
30.0,30.0,6.812920690579608e-05,2.0,arca,69.99080720146452,0.0
30.0,30.0,6.812920690579608e-05,2.0,orca,57.91946380126602,0.0
30.0,30.0,6.812920690579608e-05,2.0,combined,62.1336108192928,0.0
30.0,30.0,6.812920690579608e-05,2.0625,arca,70.28201042349139,0.0
30.0,30.0,6.812920690579608e-05,2.0625,orca,57.91946380126602,0.0
30.0,30.0,6.812920690579608e-05,2.0625,combined,81.62701729125767,0.0
30.0,30.0,6.812920690579608e-05,2.125,arca,70.26501962230358,0.0
30.0,30.0,6.812920690579608e-05,2.125,orca,57.91946380126602,0.0
30.0,30.0,6.812920690579608e-05,2.125,combined,58.911915995978525,0.0
30.0,30.0,6.812920690579608e-05,2.1875,arca,70.28201042349139,0.0
30.0,30.0,6.812920690579608e-05,2.1875,orca,57.91946380126602,0.0
30.0,30.0,6.812920690579608e-05,2.1875,combined,81.62701729125767,0.0
30.0,30.0,6.812920690579608e-05,2.25,arca,70.28201042349139,0.0
30.0,30.0,6.812920690579608e-05,2.25,orca,57.91946380126602,0.0
30.0,30.0,6.812920690579608e-05,2.25,combined,81.62701729125767,0.0
30.0,30.0,6.812920690579608e-05,2.3125,arca,70.28201042349139,0.0
30.0,30.0,6.812920690579608e-05,2.3125,orca,57.91946380126602,0.0
30.0,30.0,6.812920690579608e-05,2.3125,combined,81.62701729125767,0.0
30.0,30.0,6.812920690579608e-05,2.375,arca,70.28201042349139,0.0
30.0,30.0,6.812920690579608e-05,2.375,orca,57.91946380126602,0.0
30.0,30.0,6.812920690579608e-05,2.375,combined,81.62701729125767,0.0
30.0,30.0,6.812920690579608e-05,2.4375,arca,70.28201042349139,0.0
30.0,30.0,6.812920690579608e-05,2.4375,orca,57.91946380126602,0.0
30.0,30.0,6.812920690579608e-05,2.4375,combined,81.62701729125767,0.0
30.0,30.0,6.812920690579608e-05,2.5,arca,70.28201042349139,0.0
30.0,30.0,6.812920690579608e-05,2.5,orca,57.91946380126602,0.0
30.0,30.0,6.812920690579608e-05,2.5,combined,81.62701729125767,0.0
30.0,30.0,6.812920690579608e-05,2.5625,arca,70.28201042349139,0.0
30.0,30.0,6.812920690579608e-05,2.5625,orca,57.91946380126602,0.0
30.0,30.0,6.812920690579608e-05,2.5625,combined,81.62701729125767,0.0
30.0,30.0,6.812920690579608e-05,2.625,arca,70.28201042349139,0.0
30.0,30.0,6.812920690579608e-05,2.625,orca,57.91946380126602,0.0
30.0,30.0,6.812920690579608e-05,2.625,combined,81.62701729125767,0.0
30.0,30.0,6.812920690579608e-05,2.6875,arca,70.28201042349139,0.0
30.0,30.0,6.812920690579608e-05,2.6875,orca,57.91946380126602,0.0
30.0,30.0,6.812920690579608e-05,2.6875,combined,81.62701729125767,0.0
30.0,30.0,6.812920690579608e-05,2.75,arca,70.28201042349139,0.0
30.0,30.0,6.812920690579608e-05,2.75,orca,57.91946380126602,0.0
30.0,30.0,6.812920690579608e-05,2.75,combined,81.62701729125767,0.0
30.0,30.0,6.812920690579608e-05,2.8125,arca,70.28201042349139,0.0
30.0,30.0,6.812920690579608e-05,2.8125,orca,57.91946380126602,0.0
30.0,30.0,6.812920690579608e-05,2.8125,combined,81.62701729125767,0.0
30.0,30.0,6.812920690579608e-05,2.875,arca,70.28201042349139,0.0
30.0,30.0,6.812920690579608e-05,2.875,orca,57.91946380126602,0.0
30.0,30.0,6.812920690579608e-05,2.875,combined,81.62701729125767,0.0
30.0,30.0,6.812920690579608e-05,2.9375,arca,70.28201042349139,0.0
30.0,30.0,6.812920690579608e-05,2.9375,orca,57.91946380126602,0.0
30.0,30.0,6.812920690579608e-05,2.9375,combined,81.62701729125767,0.0
30.0,30.0,6.812920690579608e-05,3.0,arca,70.28201042349139,0.0
30.0,30.0,6.812920690579608e-05,3.0,orca,57.91946380126602,0.0
30.0,30.0,6.812920690579608e-05,3.0,combined,81.62701729125767,0.0
30.0,30.0,0.00019573417814876596,1.5,arca,59.0740767612276,0.0
30.0,30.0,0.00019573417814876596,1.5,orca,52.60011540680901,0.0
30.0,30.0,0.00019573417814876596,1.5,combined,59.939747077223544,0.0
30.0,30.0,0.00019573417814876596,1.5625,arca,63.23661587265995,0.0
30.0,30.0,0.00019573417814876596,1.5625,orca,57.91946380126602,0.0
30.0,30.0,0.00019573417814876596,1.5625,combined,58.11666640069366,0.0
30.0,30.0,0.00019573417814876596,1.625,arca,65.57721741022706,0.0
30.0,30.0,0.00019573417814876596,1.625,orca,57.07384740922074,0.0
30.0,30.0,0.00019573417814876596,1.625,combined,56.98994186862252,0.0
30.0,30.0,0.00019573417814876596,1.6875,arca,61.233138908031016,0.0
30.0,30.0,0.00019573417814876596,1.6875,orca,57.91946380126602,0.0
30.0,30.0,0.00019573417814876596,1.6875,combined,61.21093747732845,0.0
30.0,30.0,0.00019573417814876596,1.75,arca,57.11955844592478,0.0
30.0,30.0,0.00019573417814876596,1.75,orca,57.91946380126602,0.0
30.0,30.0,0.00019573417814876596,1.75,combined,60.42003174441789,0.0
30.0,30.0,0.00019573417814876596,1.8125,arca,58.9540285203816,0.0
30.0,30.0,0.00019573417814876596,1.8125,orca,57.91946380126602,0.0
30.0,30.0,0.00019573417814876596,1.8125,combined,62.64247791374997,0.0
30.0,30.0,0.00019573417814876596,1.875,arca,60.06712756246972,0.0
30.0,30.0,0.00019573417814876596,1.875,orca,57.91946380126602,0.0
30.0,30.0,0.00019573417814876596,1.875,combined,59.43457529090938,0.0
30.0,30.0,0.00019573417814876596,1.9375,arca,59.07109485684161,0.0
30.0,30.0,0.00019573417814876596,1.9375,orca,57.91946380126602,0.0
30.0,30.0,0.00019573417814876596,1.9375,combined,66.2763481727575,0.0
30.0,30.0,0.00019573417814876596,2.0,arca,59.463471290045185,0.0
30.0,30.0,0.00019573417814876596,2.0,orca,57.91946380126602,0.0
30.0,30.0,0.00019573417814876596,2.0,combined,62.06123881196119,0.0
30.0,30.0,0.00019573417814876596,2.0625,arca,68.22965246489079,0.0
30.0,30.0,0.00019573417814876596,2.0625,orca,57.91946380126602,0.0
30.0,30.0,0.00019573417814876596,2.0625,combined,78.61621253695787,0.0
30.0,30.0,0.00019573417814876596,2.125,arca,70.28201042349139,0.0
30.0,30.0,0.00019573417814876596,2.125,orca,57.91946380126602,0.0
30.0,30.0,0.00019573417814876596,2.125,combined,81.62701729125767,0.0
30.0,30.0,0.00019573417814876596,2.1875,arca,70.28201042349139,0.0
30.0,30.0,0.00019573417814876596,2.1875,orca,57.91946380126602,0.0
30.0,30.0,0.00019573417814876596,2.1875,combined,81.62701729125767,0.0
30.0,30.0,0.00019573417814876596,2.25,arca,70.28201042349139,0.0
30.0,30.0,0.00019573417814876596,2.25,orca,57.91946380126602,0.0
30.0,30.0,0.00019573417814876596,2.25,combined,81.62701729125767,0.0
30.0,30.0,0.00019573417814876596,2.3125,arca,70.28201042349139,0.0
30.0,30.0,0.00019573417814876596,2.3125,orca,57.91946380126602,0.0
30.0,30.0,0.00019573417814876596,2.3125,combined,81.62701729125767,0.0
30.0,30.0,0.00019573417814876596,2.375,arca,70.28201042349139,0.0
30.0,30.0,0.00019573417814876596,2.375,orca,57.91946380126602,0.0
30.0,30.0,0.00019573417814876596,2.375,combined,81.62701729125767,0.0
30.0,30.0,0.00019573417814876596,2.4375,arca,70.28201042349139,0.0
30.0,30.0,0.00019573417814876596,2.4375,orca,57.91946380126602,0.0
30.0,30.0,0.00019573417814876596,2.4375,combined,81.62701729125767,0.0
30.0,30.0,0.00019573417814876596,2.5,arca,70.28201042349139,0.0
30.0,30.0,0.00019573417814876596,2.5,orca,57.91946380126602,0.0
30.0,30.0,0.00019573417814876596,2.5,combined,81.62701729125767,0.0
30.0,30.0,0.00019573417814876596,2.5625,arca,70.28201042349139,0.0
30.0,30.0,0.00019573417814876596,2.5625,orca,57.91946380126602,0.0
30.0,30.0,0.00019573417814876596,2.5625,combined,81.62701729125767,0.0
30.0,30.0,0.00019573417814876596,2.625,arca,70.28201042349139,0.0
30.0,30.0,0.00019573417814876596,2.625,orca,57.91946380126602,0.0
30.0,30.0,0.00019573417814876596,2.625,combined,81.62701729125767,0.0
30.0,30.0,0.00019573417814876596,2.6875,arca,70.28201042349139,0.0
30.0,30.0,0.00019573417814876596,2.6875,orca,57.91946380126602,0.0
30.0,30.0,0.00019573417814876596,2.6875,combined,81.62701729125767,0.0
30.0,30.0,0.00019573417814876596,2.75,arca,70.28201042349139,0.0
30.0,30.0,0.00019573417814876596,2.75,orca,57.91946380126602,0.0
30.0,30.0,0.00019573417814876596,2.75,combined,81.62701729125767,0.0
30.0,30.0,0.00019573417814876596,2.8125,arca,70.28201042349139,0.0
30.0,30.0,0.00019573417814876596,2.8125,orca,57.91946380126602,0.0
30.0,30.0,0.00019573417814876596,2.8125,combined,81.62701729125767,0.0
30.0,30.0,0.00019573417814876596,2.875,arca,70.28201042349139,0.0
30.0,30.0,0.00019573417814876596,2.875,orca,57.91946380126602,0.0
30.0,30.0,0.00019573417814876596,2.875,combined,81.62701729125767,0.0
30.0,30.0,0.00019573417814876596,2.9375,arca,70.28201042349139,0.0
30.0,30.0,0.00019573417814876596,2.9375,orca,57.91946380126602,0.0
30.0,30.0,0.00019573417814876596,2.9375,combined,81.62701729125767,0.0
30.0,30.0,0.00019573417814876596,3.0,arca,70.28201042349139,0.0
30.0,30.0,0.00019573417814876596,3.0,orca,57.91946380126602,0.0
30.0,30.0,0.00019573417814876596,3.0,combined,81.62701729125767,0.0
30.0,30.0,0.000562341325190349,1.5,arca,59.018106442133586,0.0
30.0,30.0,0.000562341325190349,1.5,orca,60.57669653857189,0.0
30.0,30.0,0.000562341325190349,1.5,combined,58.30896844406578,0.0
30.0,30.0,0.000562341325190349,1.5625,arca,61.481490396504825,0.0
30.0,30.0,0.000562341325190349,1.5625,orca,61.65637814568411,0.0
30.0,30.0,0.000562341325190349,1.5625,combined,63.51833811525543,0.0
30.0,30.0,0.000562341325190349,1.625,arca,70.39507430745843,0.0
30.0,30.0,0.000562341325190349,1.625,orca,56.42477863919911,0.0
30.0,30.0,0.000562341325190349,1.625,combined,61.89290780973373,0.0
30.0,30.0,0.000562341325190349,1.6875,arca,57.00830239443958,0.0
30.0,30.0,0.000562341325190349,1.6875,orca,52.192012461234064,0.0
30.0,30.0,0.000562341325190349,1.6875,combined,56.879527199786494,0.0
30.0,30.0,0.000562341325190349,1.75,arca,67.08521509807153,0.0
30.0,30.0,0.000562341325190349,1.75,orca,57.91946380126602,0.0
30.0,30.0,0.000562341325190349,1.75,combined,62.24736319401676,0.0
30.0,30.0,0.000562341325190349,1.8125,arca,57.78753569097059,0.0
30.0,30.0,0.000562341325190349,1.8125,orca,57.91946380126602,0.0
30.0,30.0,0.000562341325190349,1.8125,combined,59.83692937781736,0.0
30.0,30.0,0.000562341325190349,1.875,arca,62.4603066798983,0.0
30.0,30.0,0.000562341325190349,1.875,orca,61.52952132359937,0.0
30.0,30.0,0.000562341325190349,1.875,combined,64.55554964520142,0.0
30.0,30.0,0.000562341325190349,1.9375,arca,58.5331680426239,0.0
30.0,30.0,0.000562341325190349,1.9375,orca,57.91946380126602,0.0
30.0,30.0,0.000562341325190349,1.9375,combined,56.89786079904275,0.0
30.0,30.0,0.000562341325190349,2.0,arca,75.05775780853685,0.0
30.0,30.0,0.000562341325190349,2.0,orca,57.91946380126602,0.0
30.0,30.0,0.000562341325190349,2.0,combined,81.211216070788,0.0
30.0,30.0,0.000562341325190349,2.0625,arca,57.84984164543737,0.0
30.0,30.0,0.000562341325190349,2.0625,orca,57.91946380126602,0.0
30.0,30.0,0.000562341325190349,2.0625,combined,57.042374210701226,0.0
30.0,30.0,0.000562341325190349,2.125,arca,57.59197157988051,0.0
30.0,30.0,0.000562341325190349,2.125,orca,57.91946380126602,0.0
30.0,30.0,0.000562341325190349,2.125,combined,81.60700471798359,0.0
30.0,30.0,0.000562341325190349,2.1875,arca,70.28201042349139,0.0
30.0,30.0,0.000562341325190349,2.1875,orca,57.91946380126602,0.0
30.0,30.0,0.000562341325190349,2.1875,combined,81.60700471798359,0.0
30.0,30.0,0.000562341325190349,2.25,arca,70.28201042349139,0.0
30.0,30.0,0.000562341325190349,2.25,orca,57.91946380126602,0.0
30.0,30.0,0.000562341325190349,2.25,combined,81.62701729125767,0.0
30.0,30.0,0.000562341325190349,2.3125,arca,70.28201042349139,0.0
30.0,30.0,0.000562341325190349,2.3125,orca,57.91946380126602,0.0
30.0,30.0,0.000562341325190349,2.3125,combined,81.62701729125767,0.0
30.0,30.0,0.000562341325190349,2.375,arca,70.28201042349139,0.0
30.0,30.0,0.000562341325190349,2.375,orca,57.91946380126602,0.0
30.0,30.0,0.000562341325190349,2.375,combined,81.62701729125767,0.0
30.0,30.0,0.000562341325190349,2.4375,arca,70.28201042349139,0.0
30.0,30.0,0.000562341325190349,2.4375,orca,57.91946380126602,0.0
30.0,30.0,0.000562341325190349,2.4375,combined,88.66927447343383,0.0
30.0,30.0,0.000562341325190349,2.5,arca,70.28201042349139,0.0
30.0,30.0,0.000562341325190349,2.5,orca,57.91946380126602,0.0
30.0,30.0,0.000562341325190349,2.5,combined,81.62701729125767,0.0
30.0,30.0,0.000562341325190349,2.5625,arca,70.28201042349139,0.0
30.0,30.0,0.000562341325190349,2.5625,orca,57.91946380126602,0.0
30.0,30.0,0.000562341325190349,2.5625,combined,81.62701729125767,0.0
30.0,30.0,0.000562341325190349,2.625,arca,70.28201042349139,0.0
30.0,30.0,0.000562341325190349,2.625,orca,57.91946380126602,0.0
30.0,30.0,0.000562341325190349,2.625,combined,81.62701729125767,0.0
30.0,30.0,0.000562341325190349,2.6875,arca,70.28201042349139,0.0
30.0,30.0,0.000562341325190349,2.6875,orca,57.91946380126602,0.0
30.0,30.0,0.000562341325190349,2.6875,combined,81.62701729125767,0.0
30.0,30.0,0.000562341325190349,2.75,arca,70.28201042349139,0.0
30.0,30.0,0.000562341325190349,2.75,orca,57.91946380126602,0.0
30.0,30.0,0.000562341325190349,2.75,combined,81.62701729125767,0.0
30.0,30.0,0.000562341325190349,2.8125,arca,70.28201042349139,0.0
30.0,30.0,0.000562341325190349,2.8125,orca,57.91946380126602,0.0
30.0,30.0,0.000562341325190349,2.8125,combined,81.62701729125767,0.0
30.0,30.0,0.000562341325190349,2.875,arca,70.28201042349139,0.0
30.0,30.0,0.000562341325190349,2.875,orca,57.91946380126602,0.0
30.0,30.0,0.000562341325190349,2.875,combined,81.62701729125767,0.0
30.0,30.0,0.000562341325190349,2.9375,arca,70.28201042349139,0.0
30.0,30.0,0.000562341325190349,2.9375,orca,57.91946380126602,0.0
30.0,30.0,0.000562341325190349,2.9375,combined,81.62701729125767,0.0
30.0,30.0,0.000562341325190349,3.0,arca,70.28201042349139,0.0
30.0,30.0,0.000562341325190349,3.0,orca,57.91946380126602,0.0
30.0,30.0,0.000562341325190349,3.0,combined,81.62701729125767,0.0
30.0,30.0,0.0016155980984398728,1.5,arca,134.77584409758413,0.0
30.0,30.0,0.0016155980984398728,1.5,orca,56.42303084338694,0.0
30.0,30.0,0.0016155980984398728,1.5,combined,126.88966385939213,0.0
30.0,30.0,0.0016155980984398728,1.5625,arca,62.27022285537153,0.0
30.0,30.0,0.0016155980984398728,1.5625,orca,60.63578564940961,0.0
30.0,30.0,0.0016155980984398728,1.5625,combined,71.31277936564071,0.0
30.0,30.0,0.0016155980984398728,1.625,arca,63.05462675345745,0.0
30.0,30.0,0.0016155980984398728,1.625,orca,55.26961383889568,0.0
30.0,30.0,0.0016155980984398728,1.625,combined,54.423525881732616,0.0
30.0,30.0,0.0016155980984398728,1.6875,arca,60.39565787998496,0.0
30.0,30.0,0.0016155980984398728,1.6875,orca,61.441459231928484,0.0
30.0,30.0,0.0016155980984398728,1.6875,combined,54.92783974504894,0.0
30.0,30.0,0.0016155980984398728,1.75,arca,55.40344312611059,0.0
30.0,30.0,0.0016155980984398728,1.75,orca,57.91946380126602,0.0
30.0,30.0,0.0016155980984398728,1.75,combined,57.38949230900945,0.0
30.0,30.0,0.0016155980984398728,1.8125,arca,59.246173225438405,0.0
30.0,30.0,0.0016155980984398728,1.8125,orca,53.343269594383514,0.0
30.0,30.0,0.0016155980984398728,1.8125,combined,65.7896518258242,0.0
30.0,30.0,0.0016155980984398728,1.875,arca,59.213051576639685,0.0
30.0,30.0,0.0016155980984398728,1.875,orca,55.132846338714714,0.0
30.0,30.0,0.0016155980984398728,1.875,combined,64.16501502699539,0.0
30.0,30.0,0.0016155980984398728,1.9375,arca,57.44871613135052,0.0
30.0,30.0,0.0016155980984398728,1.9375,orca,69.46626828117628,0.0
30.0,30.0,0.0016155980984398728,1.9375,combined,63.542268673339954,0.0
30.0,30.0,0.0016155980984398728,2.0,arca,59.81837572321031,0.0
30.0,30.0,0.0016155980984398728,2.0,orca,57.91946380126602,0.0
30.0,30.0,0.0016155980984398728,2.0,combined,64.17891597172564,0.0
30.0,30.0,0.0016155980984398728,2.0625,arca,62.443293942458794,0.0
30.0,30.0,0.0016155980984398728,2.0625,orca,57.91946380126602,0.0
30.0,30.0,0.0016155980984398728,2.0625,combined,70.98620648344288,0.0
30.0,30.0,0.0016155980984398728,2.125,arca,57.338569602403766,0.0
30.0,30.0,0.0016155980984398728,2.125,orca,57.91946380126602,0.0
30.0,30.0,0.0016155980984398728,2.125,combined,61.83913537022711,0.0
30.0,30.0,0.0016155980984398728,2.1875,arca,61.41539794610588,0.0
30.0,30.0,0.0016155980984398728,2.1875,orca,57.91946380126602,0.0
30.0,30.0,0.0016155980984398728,2.1875,combined,66.97448081942031,0.0
30.0,30.0,0.0016155980984398728,2.25,arca,59.54889525435685,0.0
30.0,30.0,0.0016155980984398728,2.25,orca,57.91946380126602,0.0
30.0,30.0,0.0016155980984398728,2.25,combined,61.51879779212355,0.0
30.0,30.0,0.0016155980984398728,2.3125,arca,70.28201042349139,0.0
30.0,30.0,0.0016155980984398728,2.3125,orca,57.91946380126602,0.0
30.0,30.0,0.0016155980984398728,2.3125,combined,81.62701729125767,0.0
30.0,30.0,0.0016155980984398728,2.375,arca,70.28201042349139,0.0
30.0,30.0,0.0016155980984398728,2.375,orca,57.91946380126602,0.0
30.0,30.0,0.0016155980984398728,2.375,combined,81.62701729125767,0.0
30.0,30.0,0.0016155980984398728,2.4375,arca,64.80185481081259,0.0
30.0,30.0,0.0016155980984398728,2.4375,orca,57.91946380126602,0.0
30.0,30.0,0.0016155980984398728,2.4375,combined,85.28925022583559,0.0
30.0,30.0,0.0016155980984398728,2.5,arca,70.28201042349139,0.0
30.0,30.0,0.0016155980984398728,2.5,orca,57.91946380126602,0.0
30.0,30.0,0.0016155980984398728,2.5,combined,81.62701729125767,0.0
30.0,30.0,0.0016155980984398728,2.5625,arca,70.28201042349139,0.0
30.0,30.0,0.0016155980984398728,2.5625,orca,57.91946380126602,0.0
30.0,30.0,0.0016155980984398728,2.5625,combined,81.62701729125767,0.0
30.0,30.0,0.0016155980984398728,2.625,arca,70.28201042349139,0.0
30.0,30.0,0.0016155980984398728,2.625,orca,57.91946380126602,0.0
30.0,30.0,0.0016155980984398728,2.625,combined,81.62701729125767,0.0
30.0,30.0,0.0016155980984398728,2.6875,arca,70.28201042349139,0.0
30.0,30.0,0.0016155980984398728,2.6875,orca,57.91946380126602,0.0
30.0,30.0,0.0016155980984398728,2.6875,combined,81.62701729125767,0.0
30.0,30.0,0.0016155980984398728,2.75,arca,70.28201042349139,0.0
30.0,30.0,0.0016155980984398728,2.75,orca,57.91946380126602,0.0
30.0,30.0,0.0016155980984398728,2.75,combined,81.62701729125767,0.0
30.0,30.0,0.0016155980984398728,2.8125,arca,70.28201042349139,0.0
30.0,30.0,0.0016155980984398728,2.8125,orca,57.91946380126602,0.0
30.0,30.0,0.0016155980984398728,2.8125,combined,81.62701729125767,0.0
30.0,30.0,0.0016155980984398728,2.875,arca,70.28201042349139,0.0
30.0,30.0,0.0016155980984398728,2.875,orca,57.91946380126602,0.0
30.0,30.0,0.0016155980984398728,2.875,combined,81.62701729125767,0.0
30.0,30.0,0.0016155980984398728,2.9375,arca,70.28201042349139,0.0
30.0,30.0,0.0016155980984398728,2.9375,orca,57.91946380126602,0.0
30.0,30.0,0.0016155980984398728,2.9375,combined,81.62701729125767,0.0
30.0,30.0,0.0016155980984398728,3.0,arca,70.28201042349139,0.0
30.0,30.0,0.0016155980984398728,3.0,orca,57.91946380126602,0.0
30.0,30.0,0.0016155980984398728,3.0,combined,81.62701729125767,0.0
30.0,30.0,0.004641588833612777,1.5,arca,923.0009502535659,0.0
30.0,30.0,0.004641588833612777,1.5,orca,68.99554649353436,0.0
30.0,30.0,0.004641588833612777,1.5,combined,863.2701956393014,0.0
30.0,30.0,0.004641588833612777,1.5625,arca,199.72909286416382,0.0
30.0,30.0,0.004641588833612777,1.5625,orca,60.22365290412875,0.0
30.0,30.0,0.004641588833612777,1.5625,combined,167.13364378925073,0.0
30.0,30.0,0.004641588833612777,1.625,arca,68.0110905547256,0.0
30.0,30.0,0.004641588833612777,1.625,orca,55.14259945886361,0.0
30.0,30.0,0.004641588833612777,1.625,combined,57.68310978434903,0.0
30.0,30.0,0.004641588833612777,1.6875,arca,62.07505655623636,0.0
30.0,30.0,0.004641588833612777,1.6875,orca,53.871799527873605,0.0
30.0,30.0,0.004641588833612777,1.6875,combined,71.99300997812284,0.0
30.0,30.0,0.004641588833612777,1.75,arca,63.460620769020245,0.0
30.0,30.0,0.004641588833612777,1.75,orca,63.32002029727045,0.0
30.0,30.0,0.004641588833612777,1.75,combined,56.7679092382496,0.0
30.0,30.0,0.004641588833612777,1.8125,arca,63.91080769103921,0.0
30.0,30.0,0.004641588833612777,1.8125,orca,57.49350649350649,0.0
30.0,30.0,0.004641588833612777,1.8125,combined,59.65104897074146,0.0
30.0,30.0,0.004641588833612777,1.875,arca,55.53428343434477,0.0
30.0,30.0,0.004641588833612777,1.875,orca,51.67120044763912,0.0
30.0,30.0,0.004641588833612777,1.875,combined,67.0297286186526,0.0
30.0,30.0,0.004641588833612777,1.9375,arca,57.76362125588574,0.0
30.0,30.0,0.004641588833612777,1.9375,orca,57.91946380126602,0.0
30.0,30.0,0.004641588833612777,1.9375,combined,71.27018841752397,0.0
30.0,30.0,0.004641588833612777,2.0,arca,68.90932586121642,0.0
30.0,30.0,0.004641588833612777,2.0,orca,56.65615752945607,0.0
30.0,30.0,0.004641588833612777,2.0,combined,61.80982769623485,0.0
30.0,30.0,0.004641588833612777,2.0625,arca,60.42940319273097,0.0
30.0,30.0,0.004641588833612777,2.0625,orca,57.91946380126602,0.0
30.0,30.0,0.004641588833612777,2.0625,combined,56.53715545755237,0.0
30.0,30.0,0.004641588833612777,2.125,arca,60.01477543513872,0.0
30.0,30.0,0.004641588833612777,2.125,orca,54.00029974896025,0.0
30.0,30.0,0.004641588833612777,2.125,combined,61.59841066365963,0.0
30.0,30.0,0.004641588833612777,2.1875,arca,69.81310135758534,0.0
30.0,30.0,0.004641588833612777,2.1875,orca,57.91946380126602,0.0
30.0,30.0,0.004641588833612777,2.1875,combined,64.53471705335687,0.0
30.0,30.0,0.004641588833612777,2.25,arca,72.26955038157126,0.0
30.0,30.0,0.004641588833612777,2.25,orca,57.91946380126602,0.0
30.0,30.0,0.004641588833612777,2.25,combined,81.62701729125767,0.0
30.0,30.0,0.004641588833612777,2.3125,arca,65.12966158628954,0.0
30.0,30.0,0.004641588833612777,2.3125,orca,57.91946380126602,0.0
30.0,30.0,0.004641588833612777,2.3125,combined,81.62701729125767,0.0
30.0,30.0,0.004641588833612777,2.375,arca,58.583889212808785,0.0
30.0,30.0,0.004641588833612777,2.375,orca,57.91946380126602,0.0
30.0,30.0,0.004641588833612777,2.375,combined,65.4881742385571,0.0
30.0,30.0,0.004641588833612777,2.4375,arca,70.28201042349139,0.0
30.0,30.0,0.004641588833612777,2.4375,orca,57.91946380126602,0.0
30.0,30.0,0.004641588833612777,2.4375,combined,72.23408259111895,0.0
30.0,30.0,0.004641588833612777,2.5,arca,70.28201042349139,0.0
30.0,30.0,0.004641588833612777,2.5,orca,57.91946380126602,0.0
30.0,30.0,0.004641588833612777,2.5,combined,81.62701729125767,0.0
30.0,30.0,0.004641588833612777,2.5625,arca,70.28201042349139,0.0
30.0,30.0,0.004641588833612777,2.5625,orca,57.91946380126602,0.0
30.0,30.0,0.004641588833612777,2.5625,combined,81.62701729125767,0.0
30.0,30.0,0.004641588833612777,2.625,arca,70.26501962230358,0.0
30.0,30.0,0.004641588833612777,2.625,orca,57.91946380126602,0.0
30.0,30.0,0.004641588833612777,2.625,combined,83.14291182036615,0.0
30.0,30.0,0.004641588833612777,2.6875,arca,70.28201042349139,0.0
30.0,30.0,0.004641588833612777,2.6875,orca,57.91946380126602,0.0
30.0,30.0,0.004641588833612777,2.6875,combined,81.62701729125767,0.0
30.0,30.0,0.004641588833612777,2.75,arca,70.28201042349139,0.0
30.0,30.0,0.004641588833612777,2.75,orca,57.91946380126602,0.0
30.0,30.0,0.004641588833612777,2.75,combined,81.62701729125767,0.0
30.0,30.0,0.004641588833612777,2.8125,arca,70.28201042349139,0.0
30.0,30.0,0.004641588833612777,2.8125,orca,57.91946380126602,0.0
30.0,30.0,0.004641588833612777,2.8125,combined,81.62701729125767,0.0
30.0,30.0,0.004641588833612777,2.875,arca,70.28201042349139,0.0
30.0,30.0,0.004641588833612777,2.875,orca,57.91946380126602,0.0
30.0,30.0,0.004641588833612777,2.875,combined,81.62701729125767,0.0
30.0,30.0,0.004641588833612777,2.9375,arca,70.28201042349139,0.0
30.0,30.0,0.004641588833612777,2.9375,orca,57.91946380126602,0.0
30.0,30.0,0.004641588833612777,2.9375,combined,81.62701729125767,0.0
30.0,30.0,0.004641588833612777,3.0,arca,70.28201042349139,0.0
30.0,30.0,0.004641588833612777,3.0,orca,52.060707050905066,0.0
30.0,30.0,0.004641588833612777,3.0,combined,81.62701729125767,0.0
30.0,30.0,0.013335214321633239,1.5,arca,7878.802765251003,0.0
30.0,30.0,0.013335214321633239,1.5,orca,60.82626817119041,0.0
30.0,30.0,0.013335214321633239,1.5,combined,6990.411691498062,0.0
30.0,30.0,0.013335214321633239,1.5625,arca,1287.5060802360154,0.0
30.0,30.0,0.013335214321633239,1.5625,orca,61.10321760022613,0.0
30.0,30.0,0.013335214321633239,1.5625,combined,1224.8345110527075,0.0
30.0,30.0,0.013335214321633239,1.625,arca,263.46914411070975,0.0
30.0,30.0,0.013335214321633239,1.625,orca,67.7053202931539,0.0
30.0,30.0,0.013335214321633239,1.625,combined,223.03053551886845,0.0
30.0,30.0,0.013335214321633239,1.6875,arca,98.25776323773843,0.0
30.0,30.0,0.013335214321633239,1.6875,orca,63.395626287551224,0.0
30.0,30.0,0.013335214321633239,1.6875,combined,62.36165831797693,0.0
30.0,30.0,0.013335214321633239,1.75,arca,61.52076723677354,0.0
30.0,30.0,0.013335214321633239,1.75,orca,58.52915136102478,0.0
30.0,30.0,0.013335214321633239,1.75,combined,66.93323155918569,0.0
30.0,30.0,0.013335214321633239,1.8125,arca,65.78899742116752,0.0
30.0,30.0,0.013335214321633239,1.8125,orca,63.805362733088344,0.0
30.0,30.0,0.013335214321633239,1.8125,combined,64.6040841562502,0.0
30.0,30.0,0.013335214321633239,1.875,arca,64.14222783491218,0.0
30.0,30.0,0.013335214321633239,1.875,orca,59.67262356483635,0.0
30.0,30.0,0.013335214321633239,1.875,combined,58.879682709347136,0.0
30.0,30.0,0.013335214321633239,1.9375,arca,59.84647647687257,0.0
30.0,30.0,0.013335214321633239,1.9375,orca,64.00755462890257,0.0
30.0,30.0,0.013335214321633239,1.9375,combined,61.46806949697159,0.0
30.0,30.0,0.013335214321633239,2.0,arca,62.06311527835473,0.0
30.0,30.0,0.013335214321633239,2.0,orca,57.25656450944584,0.0
30.0,30.0,0.013335214321633239,2.0,combined,63.0194263840806,0.0
30.0,30.0,0.013335214321633239,2.0625,arca,56.34410630090014,0.0
30.0,30.0,0.013335214321633239,2.0625,orca,55.3655369673025,0.0
30.0,30.0,0.013335214321633239,2.0625,combined,70.66513745173955,0.0
30.0,30.0,0.013335214321633239,2.125,arca,55.30120970266556,0.0
30.0,30.0,0.013335214321633239,2.125,orca,56.14934669601461,0.0
30.0,30.0,0.013335214321633239,2.125,combined,58.33145908832997,0.0
30.0,30.0,0.013335214321633239,2.1875,arca,67.42399069065208,0.0
30.0,30.0,0.013335214321633239,2.1875,orca,65.67581531172783,0.0
30.0,30.0,0.013335214321633239,2.1875,combined,71.55359523909777,0.0
30.0,30.0,0.013335214321633239,2.25,arca,62.280277272607464,0.0
30.0,30.0,0.013335214321633239,2.25,orca,61.85901126765934,0.0
30.0,30.0,0.013335214321633239,2.25,combined,57.983427823811596,0.0
30.0,30.0,0.013335214321633239,2.3125,arca,62.62545406599203,0.0
30.0,30.0,0.013335214321633239,2.3125,orca,57.91946380126602,0.0
30.0,30.0,0.013335214321633239,2.3125,combined,67.13657470781648,0.0
30.0,30.0,0.013335214321633239,2.375,arca,62.54112805169387,0.0
30.0,30.0,0.013335214321633239,2.375,orca,57.91946380126602,0.0
30.0,30.0,0.013335214321633239,2.375,combined,81.62701729125767,0.0
30.0,30.0,0.013335214321633239,2.4375,arca,70.26501962230358,0.0
30.0,30.0,0.013335214321633239,2.4375,orca,57.91946380126602,0.0
30.0,30.0,0.013335214321633239,2.4375,combined,81.62701729125767,0.0
30.0,30.0,0.013335214321633239,2.5,arca,70.28201042349139,0.0
30.0,30.0,0.013335214321633239,2.5,orca,57.91946380126602,0.0
30.0,30.0,0.013335214321633239,2.5,combined,70.0542922577634,0.0
30.0,30.0,0.013335214321633239,2.5625,arca,70.28201042349139,0.0
30.0,30.0,0.013335214321633239,2.5625,orca,57.91946380126602,0.0
30.0,30.0,0.013335214321633239,2.5625,combined,81.62701729125767,0.0
30.0,30.0,0.013335214321633239,2.625,arca,60.02437673678069,0.0
30.0,30.0,0.013335214321633239,2.625,orca,57.91946380126602,0.0
30.0,30.0,0.013335214321633239,2.625,combined,81.62701729125767,0.0
30.0,30.0,0.013335214321633239,2.6875,arca,70.28201042349139,0.0
30.0,30.0,0.013335214321633239,2.6875,orca,57.91946380126602,0.0
30.0,30.0,0.013335214321633239,2.6875,combined,81.62701729125767,0.0
30.0,30.0,0.013335214321633239,2.75,arca,70.28201042349139,0.0
30.0,30.0,0.013335214321633239,2.75,orca,56.21533724048872,0.0
30.0,30.0,0.013335214321633239,2.75,combined,81.62701729125767,0.0
30.0,30.0,0.013335214321633239,2.8125,arca,70.28201042349139,0.0
30.0,30.0,0.013335214321633239,2.8125,orca,57.91946380126602,0.0
30.0,30.0,0.013335214321633239,2.8125,combined,81.62701729125767,0.0
30.0,30.0,0.013335214321633239,2.875,arca,70.28201042349139,0.0
30.0,30.0,0.013335214321633239,2.875,orca,57.91946380126602,0.0
30.0,30.0,0.013335214321633239,2.875,combined,81.62701729125767,0.0
30.0,30.0,0.013335214321633239,2.9375,arca,70.28201042349139,0.0
30.0,30.0,0.013335214321633239,2.9375,orca,57.91946380126602,0.0
30.0,30.0,0.013335214321633239,2.9375,combined,81.62701729125767,0.0
30.0,30.0,0.013335214321633239,3.0,arca,70.28201042349139,0.0
30.0,30.0,0.013335214321633239,3.0,orca,57.91946380126602,0.0
30.0,30.0,0.013335214321633239,3.0,combined,81.62701729125767,0.0
30.0,30.0,0.03831186849557285,1.5,arca,64388.343172673456,0.0
30.0,30.0,0.03831186849557285,1.5,orca,60.35622817229336,0.0
30.0,30.0,0.03831186849557285,1.5,combined,58397.84779372075,0.0
30.0,30.0,0.03831186849557285,1.5625,arca,11199.479501644892,0.0
30.0,30.0,0.03831186849557285,1.5625,orca,58.66628467873038,0.0
30.0,30.0,0.03831186849557285,1.5625,combined,9768.630502456057,0.0
30.0,30.0,0.03831186849557285,1.625,arca,2058.7824802727328,0.0
30.0,30.0,0.03831186849557285,1.625,orca,57.945527314309494,0.0
30.0,30.0,0.03831186849557285,1.625,combined,1833.9431772200878,0.0
30.0,30.0,0.03831186849557285,1.6875,arca,375.56101680378424,0.0
30.0,30.0,0.03831186849557285,1.6875,orca,60.91469351103548,0.0
30.0,30.0,0.03831186849557285,1.6875,combined,335.3170547662561,0.0
30.0,30.0,0.03831186849557285,1.75,arca,107.96367899793213,0.0
30.0,30.0,0.03831186849557285,1.75,orca,57.66983800462843,0.0
30.0,30.0,0.03831186849557285,1.75,combined,91.97662931894175,0.0
30.0,30.0,0.03831186849557285,1.8125,arca,65.25210798975107,0.0
30.0,30.0,0.03831186849557285,1.8125,orca,60.46868581756442,0.0
30.0,30.0,0.03831186849557285,1.8125,combined,58.48185106505139,0.0
30.0,30.0,0.03831186849557285,1.875,arca,59.76371263488379,0.0
30.0,30.0,0.03831186849557285,1.875,orca,56.20433356525196,0.0
30.0,30.0,0.03831186849557285,1.875,combined,61.59797414273726,0.0
30.0,30.0,0.03831186849557285,1.9375,arca,62.84653990991169,0.0
30.0,30.0,0.03831186849557285,1.9375,orca,54.87319930346683,0.0
30.0,30.0,0.03831186849557285,1.9375,combined,53.04184303390096,0.0
30.0,30.0,0.03831186849557285,2.0,arca,58.33756520936245,0.0
30.0,30.0,0.03831186849557285,2.0,orca,65.00892702159844,0.0
30.0,30.0,0.03831186849557285,2.0,combined,63.02549277789945,0.0
30.0,30.0,0.03831186849557285,2.0625,arca,58.07727251748851,0.0
30.0,30.0,0.03831186849557285,2.0625,orca,61.59402415220609,0.0
30.0,30.0,0.03831186849557285,2.0625,combined,59.6207992783834,0.0
30.0,30.0,0.03831186849557285,2.125,arca,64.6239307784131,0.0
30.0,30.0,0.03831186849557285,2.125,orca,60.04624176844303,0.0
30.0,30.0,0.03831186849557285,2.125,combined,56.10298509183568,0.0
30.0,30.0,0.03831186849557285,2.1875,arca,56.61623954449094,0.0
30.0,30.0,0.03831186849557285,2.1875,orca,58.09337175792507,0.0
30.0,30.0,0.03831186849557285,2.1875,combined,57.87710721234815,0.0
30.0,30.0,0.03831186849557285,2.25,arca,65.88735589732768,0.0
30.0,30.0,0.03831186849557285,2.25,orca,58.64777512233981,0.0
30.0,30.0,0.03831186849557285,2.25,combined,60.93829015572047,0.0
30.0,30.0,0.03831186849557285,2.3125,arca,68.95721533759928,0.0
30.0,30.0,0.03831186849557285,2.3125,orca,55.54648257725182,0.0
30.0,30.0,0.03831186849557285,2.3125,combined,58.31068936084751,0.0
30.0,30.0,0.03831186849557285,2.375,arca,61.32615920240544,0.0
30.0,30.0,0.03831186849557285,2.375,orca,57.91946380126602,0.0
30.0,30.0,0.03831186849557285,2.375,combined,64.16702148030504,0.0
30.0,30.0,0.03831186849557285,2.4375,arca,70.26501962230358,0.0
30.0,30.0,0.03831186849557285,2.4375,orca,57.91946380126602,0.0
30.0,30.0,0.03831186849557285,2.4375,combined,64.06241727398854,0.0
30.0,30.0,0.03831186849557285,2.5,arca,66.90570518542427,0.0
30.0,30.0,0.03831186849557285,2.5,orca,57.91946380126602,0.0
30.0,30.0,0.03831186849557285,2.5,combined,74.74343584700034,0.0
30.0,30.0,0.03831186849557285,2.5625,arca,70.28201042349139,0.0
30.0,30.0,0.03831186849557285,2.5625,orca,57.91946380126602,0.0
30.0,30.0,0.03831186849557285,2.5625,combined,81.60700471798359,0.0
30.0,30.0,0.03831186849557285,2.625,arca,70.52401868943467,0.0
30.0,30.0,0.03831186849557285,2.625,orca,57.91946380126602,0.0
30.0,30.0,0.03831186849557285,2.625,combined,81.62701729125767,0.0
30.0,30.0,0.03831186849557285,2.6875,arca,70.28201042349139,0.0
30.0,30.0,0.03831186849557285,2.6875,orca,57.91946380126602,0.0
30.0,30.0,0.03831186849557285,2.6875,combined,81.62701729125767,0.0
30.0,30.0,0.03831186849557285,2.75,arca,70.26501962230358,0.0
30.0,30.0,0.03831186849557285,2.75,orca,57.91946380126602,0.0
30.0,30.0,0.03831186849557285,2.75,combined,81.62701729125767,0.0
30.0,30.0,0.03831186849557285,2.8125,arca,70.28201042349139,0.0
30.0,30.0,0.03831186849557285,2.8125,orca,57.91946380126602,0.0
30.0,30.0,0.03831186849557285,2.8125,combined,81.62701729125767,0.0
30.0,30.0,0.03831186849557285,2.875,arca,70.28201042349139,0.0
30.0,30.0,0.03831186849557285,2.875,orca,57.91946380126602,0.0
30.0,30.0,0.03831186849557285,2.875,combined,81.62701729125767,0.0
30.0,30.0,0.03831186849557285,2.9375,arca,70.28201042349139,0.0
30.0,30.0,0.03831186849557285,2.9375,orca,57.91946380126602,0.0
30.0,30.0,0.03831186849557285,2.9375,combined,81.62701729125767,0.0
30.0,30.0,0.03831186849557285,3.0,arca,70.28201042349139,0.0
30.0,30.0,0.03831186849557285,3.0,orca,62.68900731395634,0.0
30.0,30.0,0.03831186849557285,3.0,combined,81.62701729125767,0.0
30.0,30.0,0.11006941712522081,1.5,arca,,
30.0,30.0,0.11006941712522081,1.5,orca,51.911907604319936,0.0
30.0,30.0,0.11006941712522081,1.5,combined,,
30.0,30.0,0.11006941712522081,1.5625,arca,93856.37423557168,0.0
30.0,30.0,0.11006941712522081,1.5625,orca,62.35638921453692,0.0
30.0,30.0,0.11006941712522081,1.5625,combined,82935.44818499341,0.0
30.0,30.0,0.11006941712522081,1.625,arca,16511.733895261743,0.0
30.0,30.0,0.11006941712522081,1.625,orca,53.0508111581089,0.0
30.0,30.0,0.11006941712522081,1.625,combined,14974.761762315837,0.0
30.0,30.0,0.11006941712522081,1.6875,arca,3232.4739927320256,0.0
30.0,30.0,0.11006941712522081,1.6875,orca,61.925352914081344,0.0
30.0,30.0,0.11006941712522081,1.6875,combined,2822.6360812114253,0.0
30.0,30.0,0.11006941712522081,1.75,arca,574.3202429777645,0.0
30.0,30.0,0.11006941712522081,1.75,orca,58.01652068454386,0.0
30.0,30.0,0.11006941712522081,1.75,combined,580.6306810019028,0.0
30.0,30.0,0.11006941712522081,1.8125,arca,140.6006887065971,0.0
30.0,30.0,0.11006941712522081,1.8125,orca,59.200892973706885,0.0
30.0,30.0,0.11006941712522081,1.8125,combined,121.21541853856404,0.0
30.0,30.0,0.11006941712522081,1.875,arca,69.45138907210512,0.0
30.0,30.0,0.11006941712522081,1.875,orca,68.53535903399813,0.0
30.0,30.0,0.11006941712522081,1.875,combined,65.02635187887257,0.0
30.0,30.0,0.11006941712522081,1.9375,arca,61.91710666477586,0.0
30.0,30.0,0.11006941712522081,1.9375,orca,68.67648581359234,0.0
30.0,30.0,0.11006941712522081,1.9375,combined,63.41956114854774,0.0
30.0,30.0,0.11006941712522081,2.0,arca,65.99506706939077,0.0
30.0,30.0,0.11006941712522081,2.0,orca,57.842002197067394,0.0
30.0,30.0,0.11006941712522081,2.0,combined,65.50253998932655,0.0
30.0,30.0,0.11006941712522081,2.0625,arca,53.67217856165264,0.0
30.0,30.0,0.11006941712522081,2.0625,orca,60.1511014735597,0.0
30.0,30.0,0.11006941712522081,2.0625,combined,59.702027917390645,0.0
30.0,30.0,0.11006941712522081,2.125,arca,61.536971471144774,0.0
30.0,30.0,0.11006941712522081,2.125,orca,63.5763030276552,0.0
30.0,30.0,0.11006941712522081,2.125,combined,57.33102423370456,0.0
30.0,30.0,0.11006941712522081,2.1875,arca,69.90877975110959,0.0
30.0,30.0,0.11006941712522081,2.1875,orca,63.735071340496724,0.0
30.0,30.0,0.11006941712522081,2.1875,combined,62.684463155713765,0.0
30.0,30.0,0.11006941712522081,2.25,arca,62.75724521794183,0.0
30.0,30.0,0.11006941712522081,2.25,orca,61.75328597558383,0.0
30.0,30.0,0.11006941712522081,2.25,combined,61.52052756363843,0.0
30.0,30.0,0.11006941712522081,2.3125,arca,57.25007417761749,0.0
30.0,30.0,0.11006941712522081,2.3125,orca,59.02966036575994,0.0
30.0,30.0,0.11006941712522081,2.3125,combined,68.47163461280401,0.0
30.0,30.0,0.11006941712522081,2.375,arca,60.1402639176345,0.0
30.0,30.0,0.11006941712522081,2.375,orca,57.91560199736044,0.0
30.0,30.0,0.11006941712522081,2.375,combined,56.67870349932008,0.0
30.0,30.0,0.11006941712522081,2.4375,arca,61.339481619403855,0.0
30.0,30.0,0.11006941712522081,2.4375,orca,56.16303204139581,0.0
30.0,30.0,0.11006941712522081,2.4375,combined,63.97565295084321,0.0
30.0,30.0,0.11006941712522081,2.5,arca,59.80232673104175,0.0
30.0,30.0,0.11006941712522081,2.5,orca,68.82862781909645,0.0
30.0,30.0,0.11006941712522081,2.5,combined,74.9684470279153,0.0
30.0,30.0,0.11006941712522081,2.5625,arca,70.28201042349139,0.0
30.0,30.0,0.11006941712522081,2.5625,orca,61.580768248531555,0.0
30.0,30.0,0.11006941712522081,2.5625,combined,77.31321203876892,0.0
30.0,30.0,0.11006941712522081,2.625,arca,69.08606901456213,0.0
30.0,30.0,0.11006941712522081,2.625,orca,55.8993882174202,0.0
30.0,30.0,0.11006941712522081,2.625,combined,61.73917448734552,0.0
30.0,30.0,0.11006941712522081,2.6875,arca,61.0711935091759,0.0
30.0,30.0,0.11006941712522081,2.6875,orca,57.91946380126602,0.0
30.0,30.0,0.11006941712522081,2.6875,combined,81.60700471798359,0.0
30.0,30.0,0.11006941712522081,2.75,arca,79.03274174209784,0.0
30.0,30.0,0.11006941712522081,2.75,orca,57.91946380126602,0.0
30.0,30.0,0.11006941712522081,2.75,combined,72.82612499535394,0.0
30.0,30.0,0.11006941712522081,2.8125,arca,70.28201042349139,0.0
30.0,30.0,0.11006941712522081,2.8125,orca,57.91946380126602,0.0
30.0,30.0,0.11006941712522081,2.8125,combined,81.62701729125767,0.0
30.0,30.0,0.11006941712522081,2.875,arca,57.89470094594194,0.0
30.0,30.0,0.11006941712522081,2.875,orca,57.91946380126602,0.0
30.0,30.0,0.11006941712522081,2.875,combined,81.62701729125767,0.0
30.0,30.0,0.11006941712522081,2.9375,arca,70.28201042349139,0.0
30.0,30.0,0.11006941712522081,2.9375,orca,61.481233797948676,0.0
30.0,30.0,0.11006941712522081,2.9375,combined,81.62701729125767,0.0
30.0,30.0,0.11006941712522081,3.0,arca,70.28201042349139,0.0
30.0,30.0,0.11006941712522081,3.0,orca,57.91946380126602,0.0
30.0,30.0,0.11006941712522081,3.0,combined,81.62701729125767,0.0
30.0,30.0,0.31622776601683794,1.5,arca,,
30.0,30.0,0.31622776601683794,1.5,orca,54.836520666255396,0.0
30.0,30.0,0.31622776601683794,1.5,combined,,
30.0,30.0,0.31622776601683794,1.5625,arca,,
30.0,30.0,0.31622776601683794,1.5625,orca,55.151916692676565,0.0
30.0,30.0,0.31622776601683794,1.5625,combined,,
30.0,30.0,0.31622776601683794,1.625,arca,140507.1748117614,0.0
30.0,30.0,0.31622776601683794,1.625,orca,60.98116552182584,0.0
30.0,30.0,0.31622776601683794,1.625,combined,126290.44470963084,0.0
30.0,30.0,0.31622776601683794,1.6875,arca,26277.19354625383,0.0
30.0,30.0,0.31622776601683794,1.6875,orca,58.71702963025733,0.0
30.0,30.0,0.31622776601683794,1.6875,combined,23672.86117131514,0.0
30.0,30.0,0.31622776601683794,1.75,arca,5030.996222340365,0.0
30.0,30.0,0.31622776601683794,1.75,orca,62.04544713237293,0.0
30.0,30.0,0.31622776601683794,1.75,combined,4677.935830125184,0.0
30.0,30.0,0.31622776601683794,1.8125,arca,1011.6607586500423,0.0
30.0,30.0,0.31622776601683794,1.8125,orca,60.42277211709526,0.0
30.0,30.0,0.31622776601683794,1.8125,combined,897.2589373468008,0.0
30.0,30.0,0.31622776601683794,1.875,arca,246.01389626453368,0.0
30.0,30.0,0.31622776601683794,1.875,orca,55.236308395440034,0.0
30.0,30.0,0.31622776601683794,1.875,combined,235.493219095406,0.0
30.0,30.0,0.31622776601683794,1.9375,arca,72.57878560027439,0.0
30.0,30.0,0.31622776601683794,1.9375,orca,60.2692444129124,0.0
30.0,30.0,0.31622776601683794,1.9375,combined,76.04578548020433,0.0
30.0,30.0,0.31622776601683794,2.0,arca,61.18776611357917,0.0
30.0,30.0,0.31622776601683794,2.0,orca,51.6873303658669,0.0
30.0,30.0,0.31622776601683794,2.0,combined,55.873928485749225,0.0
30.0,30.0,0.31622776601683794,2.0625,arca,60.48405011360975,0.0
30.0,30.0,0.31622776601683794,2.0625,orca,66.90526230700834,0.0
30.0,30.0,0.31622776601683794,2.0625,combined,70.36636816149168,0.0
30.0,30.0,0.31622776601683794,2.125,arca,57.52596970036737,0.0
30.0,30.0,0.31622776601683794,2.125,orca,68.77790572901671,0.0
30.0,30.0,0.31622776601683794,2.125,combined,59.936284322021535,0.0
30.0,30.0,0.31622776601683794,2.1875,arca,61.75120918685273,0.0
30.0,30.0,0.31622776601683794,2.1875,orca,66.89131730578184,0.0
30.0,30.0,0.31622776601683794,2.1875,combined,56.8828803030346,0.0
30.0,30.0,0.31622776601683794,2.25,arca,72.83994038649861,0.0
30.0,30.0,0.31622776601683794,2.25,orca,59.28935721812432,0.0
30.0,30.0,0.31622776601683794,2.25,combined,65.99471708605589,0.0
30.0,30.0,0.31622776601683794,2.3125,arca,67.58539400314584,0.0
30.0,30.0,0.31622776601683794,2.3125,orca,60.13394977232729,0.0
30.0,30.0,0.31622776601683794,2.3125,combined,60.15035880020005,0.0
30.0,30.0,0.31622776601683794,2.375,arca,60.113393634134134,0.0
30.0,30.0,0.31622776601683794,2.375,orca,77.6524066556631,0.0
30.0,30.0,0.31622776601683794,2.375,combined,68.56711604721667,0.0
30.0,30.0,0.31622776601683794,2.4375,arca,56.202950010055346,0.0
30.0,30.0,0.31622776601683794,2.4375,orca,69.22656702956903,0.0
30.0,30.0,0.31622776601683794,2.4375,combined,61.2323073201195,0.0
30.0,30.0,0.31622776601683794,2.5,arca,62.13788888632643,0.0
30.0,30.0,0.31622776601683794,2.5,orca,58.990582738671,0.0
30.0,30.0,0.31622776601683794,2.5,combined,58.93642647587367,0.0
30.0,30.0,0.31622776601683794,2.5625,arca,62.22519938412642,0.0
30.0,30.0,0.31622776601683794,2.5625,orca,56.68157092950917,0.0
30.0,30.0,0.31622776601683794,2.5625,combined,56.910379651938186,0.0
30.0,30.0,0.31622776601683794,2.625,arca,56.965588605550906,0.0
30.0,30.0,0.31622776601683794,2.625,orca,61.92710788757933,0.0
30.0,30.0,0.31622776601683794,2.625,combined,65.46512238519144,0.0
30.0,30.0,0.31622776601683794,2.6875,arca,68.00549237060989,0.0
30.0,30.0,0.31622776601683794,2.6875,orca,58.590696319720394,0.0
30.0,30.0,0.31622776601683794,2.6875,combined,62.54057911963671,0.0
30.0,30.0,0.31622776601683794,2.75,arca,59.89780235351495,0.0
30.0,30.0,0.31622776601683794,2.75,orca,57.87452107279694,0.0
30.0,30.0,0.31622776601683794,2.75,combined,65.57713286992876,0.0
30.0,30.0,0.31622776601683794,2.8125,arca,67.85337487772182,0.0
30.0,30.0,0.31622776601683794,2.8125,orca,57.91946380126602,0.0
30.0,30.0,0.31622776601683794,2.8125,combined,59.98784758673396,0.0
30.0,30.0,0.31622776601683794,2.875,arca,69.23686991910073,0.0
30.0,30.0,0.31622776601683794,2.875,orca,57.91946380126602,0.0
30.0,30.0,0.31622776601683794,2.875,combined,71.61875579896724,0.0
30.0,30.0,0.31622776601683794,2.9375,arca,70.28201042349139,0.0
30.0,30.0,0.31622776601683794,2.9375,orca,57.91946380126602,0.0
30.0,30.0,0.31622776601683794,2.9375,combined,81.62701729125767,0.0
30.0,30.0,0.31622776601683794,3.0,arca,70.28201042349139,0.0
30.0,30.0,0.31622776601683794,3.0,orca,57.91946380126602,0.0
30.0,30.0,0.31622776601683794,3.0,combined,81.62701729125767,0.0
30.0,30.0,0.9085175756516861,1.5,arca,,
30.0,30.0,0.9085175756516861,1.5,orca,70.32225875949655,0.0
30.0,30.0,0.9085175756516861,1.5,combined,,
30.0,30.0,0.9085175756516861,1.5625,arca,,
30.0,30.0,0.9085175756516861,1.5625,orca,51.72928145573732,0.0
30.0,30.0,0.9085175756516861,1.5625,combined,,
30.0,30.0,0.9085175756516861,1.625,arca,,
30.0,30.0,0.9085175756516861,1.625,orca,62.592524003532866,0.0
30.0,30.0,0.9085175756516861,1.625,combined,,
30.0,30.0,0.9085175756516861,1.6875,arca,221895.7902294163,0.0
30.0,30.0,0.9085175756516861,1.6875,orca,55.140098762692105,0.0
30.0,30.0,0.9085175756516861,1.6875,combined,198252.48988815665,0.0
30.0,30.0,0.9085175756516861,1.75,arca,42835.494486864496,0.0
30.0,30.0,0.9085175756516861,1.75,orca,67.43912232087314,0.0
30.0,30.0,0.9085175756516861,1.75,combined,39729.695118469885,0.0
30.0,30.0,0.9085175756516861,1.8125,arca,9084.800102423469,0.0
30.0,30.0,0.9085175756516861,1.8125,orca,64.20981150711992,0.0
30.0,30.0,0.9085175756516861,1.8125,combined,7906.361632197821,0.0
30.0,30.0,0.9085175756516861,1.875,arca,1843.9554866757107,0.0
30.0,30.0,0.9085175756516861,1.875,orca,63.36064934703312,0.0
30.0,30.0,0.9085175756516861,1.875,combined,1762.6788352735562,0.0
30.0,30.0,0.9085175756516861,1.9375,arca,415.60560536785226,0.0
30.0,30.0,0.9085175756516861,1.9375,orca,57.33686120350772,0.0
30.0,30.0,0.9085175756516861,1.9375,combined,417.11433189338504,0.0
30.0,30.0,0.9085175756516861,2.0,arca,120.25450605699811,0.0
30.0,30.0,0.9085175756516861,2.0,orca,55.01599868052121,0.0
30.0,30.0,0.9085175756516861,2.0,combined,105.36124912326011,0.0
30.0,30.0,0.9085175756516861,2.0625,arca,65.45974183590684,0.0
30.0,30.0,0.9085175756516861,2.0625,orca,62.852384557153655,0.0
30.0,30.0,0.9085175756516861,2.0625,combined,65.73675640790324,0.0
30.0,30.0,0.9085175756516861,2.125,arca,57.45626380873866,0.0
30.0,30.0,0.9085175756516861,2.125,orca,60.21930784214318,0.0
30.0,30.0,0.9085175756516861,2.125,combined,60.27561543628728,0.0
30.0,30.0,0.9085175756516861,2.1875,arca,77.97376725903305,0.0
30.0,30.0,0.9085175756516861,2.1875,orca,68.90095152468719,0.0
30.0,30.0,0.9085175756516861,2.1875,combined,62.5204028306708,0.0
30.0,30.0,0.9085175756516861,2.25,arca,76.95917546439475,0.0
30.0,30.0,0.9085175756516861,2.25,orca,63.334180660915514,0.0
30.0,30.0,0.9085175756516861,2.25,combined,61.31489045249128,0.0
30.0,30.0,0.9085175756516861,2.3125,arca,61.50706287342224,0.0
30.0,30.0,0.9085175756516861,2.3125,orca,56.411272095734304,0.0
30.0,30.0,0.9085175756516861,2.3125,combined,62.033070974670565,0.0
30.0,30.0,0.9085175756516861,2.375,arca,54.7144750769109,0.0
30.0,30.0,0.9085175756516861,2.375,orca,56.965487301931844,0.0
30.0,30.0,0.9085175756516861,2.375,combined,62.93541160988448,0.0
30.0,30.0,0.9085175756516861,2.4375,arca,64.70743160137044,0.0
30.0,30.0,0.9085175756516861,2.4375,orca,67.25074472218625,0.0
30.0,30.0,0.9085175756516861,2.4375,combined,55.55562881936677,0.0
30.0,30.0,0.9085175756516861,2.5,arca,64.51820885287196,0.0
30.0,30.0,0.9085175756516861,2.5,orca,54.505373042677306,0.0
30.0,30.0,0.9085175756516861,2.5,combined,74.15403110824894,0.0
30.0,30.0,0.9085175756516861,2.5625,arca,59.33498037069878,0.0
30.0,30.0,0.9085175756516861,2.5625,orca,61.27422068077505,0.0
30.0,30.0,0.9085175756516861,2.5625,combined,60.65310801263102,0.0
30.0,30.0,0.9085175756516861,2.625,arca,54.5225376396549,0.0
30.0,30.0,0.9085175756516861,2.625,orca,57.17292756379776,0.0
30.0,30.0,0.9085175756516861,2.625,combined,65.61341428404343,0.0
30.0,30.0,0.9085175756516861,2.6875,arca,71.3541548562313,0.0
30.0,30.0,0.9085175756516861,2.6875,orca,57.378329928711395,0.0
30.0,30.0,0.9085175756516861,2.6875,combined,60.55915828403231,0.0
30.0,30.0,0.9085175756516861,2.75,arca,61.91810583489335,0.0
30.0,30.0,0.9085175756516861,2.75,orca,54.93439939310454,0.0
30.0,30.0,0.9085175756516861,2.75,combined,62.642991963068745,0.0
30.0,30.0,0.9085175756516861,2.8125,arca,64.88033686956348,0.0
30.0,30.0,0.9085175756516861,2.8125,orca,67.66440318718846,0.0
30.0,30.0,0.9085175756516861,2.8125,combined,63.455925818091984,0.0
30.0,30.0,0.9085175756516861,2.875,arca,59.65129394402572,0.0
30.0,30.0,0.9085175756516861,2.875,orca,55.86529877976342,0.0
30.0,30.0,0.9085175756516861,2.875,combined,69.29603400649788,0.0
30.0,30.0,0.9085175756516861,2.9375,arca,70.28201042349139,0.0
30.0,30.0,0.9085175756516861,2.9375,orca,56.183769020678895,0.0
30.0,30.0,0.9085175756516861,2.9375,combined,82.83992774423173,0.0
30.0,30.0,0.9085175756516861,3.0,arca,70.28201042349139,0.0
30.0,30.0,0.9085175756516861,3.0,orca,59.26364935271111,0.0
30.0,30.0,0.9085175756516861,3.0,combined,81.60700471798359,0.0
30.0,30.0,2.6101572156825332,1.5,arca,,
30.0,30.0,2.6101572156825332,1.5,orca,158.41097246979598,0.0
30.0,30.0,2.6101572156825332,1.5,combined,,
30.0,30.0,2.6101572156825332,1.5625,arca,,
30.0,30.0,2.6101572156825332,1.5625,orca,78.39787458332145,0.0
30.0,30.0,2.6101572156825332,1.5625,combined,,
30.0,30.0,2.6101572156825332,1.625,arca,,
30.0,30.0,2.6101572156825332,1.625,orca,62.383999999999986,0.0
30.0,30.0,2.6101572156825332,1.625,combined,,
30.0,30.0,2.6101572156825332,1.6875,arca,,
30.0,30.0,2.6101572156825332,1.6875,orca,56.34455159930994,0.0
30.0,30.0,2.6101572156825332,1.6875,combined,,
30.0,30.0,2.6101572156825332,1.75,arca,,
30.0,30.0,2.6101572156825332,1.75,orca,63.88996763754045,0.0
30.0,30.0,2.6101572156825332,1.75,combined,,
30.0,30.0,2.6101572156825332,1.8125,arca,74823.33771883287,0.0
30.0,30.0,2.6101572156825332,1.8125,orca,51.21938404784529,0.0
30.0,30.0,2.6101572156825332,1.8125,combined,66119.71028410888,0.0
30.0,30.0,2.6101572156825332,1.875,arca,15869.786263857983,0.0
30.0,30.0,2.6101572156825332,1.875,orca,61.686404967842094,0.0
30.0,30.0,2.6101572156825332,1.875,combined,14075.609211483908,0.0
30.0,30.0,2.6101572156825332,1.9375,arca,3610.834277129319,0.0
30.0,30.0,2.6101572156825332,1.9375,orca,58.35821230303372,0.0
30.0,30.0,2.6101572156825332,1.9375,combined,3409.7420012807434,0.0
30.0,30.0,2.6101572156825332,2.0,arca,895.3666004579616,0.0
30.0,30.0,2.6101572156825332,2.0,orca,54.93113160656098,0.0
30.0,30.0,2.6101572156825332,2.0,combined,806.4379535483642,0.0
30.0,30.0,2.6101572156825332,2.0625,arca,255.95358432691836,0.0
30.0,30.0,2.6101572156825332,2.0625,orca,64.86622972859425,0.0
30.0,30.0,2.6101572156825332,2.0625,combined,200.85954010540112,0.0
30.0,30.0,2.6101572156825332,2.125,arca,95.50907555930772,0.0
30.0,30.0,2.6101572156825332,2.125,orca,55.63301432759861,0.0
30.0,30.0,2.6101572156825332,2.125,combined,71.02627973632254,0.0
30.0,30.0,2.6101572156825332,2.1875,arca,56.46630169513883,0.0
30.0,30.0,2.6101572156825332,2.1875,orca,58.62316344952089,0.0
30.0,30.0,2.6101572156825332,2.1875,combined,63.4318225383597,0.0
30.0,30.0,2.6101572156825332,2.25,arca,60.72836639932461,0.0
30.0,30.0,2.6101572156825332,2.25,orca,70.44443613707165,0.0
30.0,30.0,2.6101572156825332,2.25,combined,61.07564909277944,0.0
30.0,30.0,2.6101572156825332,2.3125,arca,61.857501797054795,0.0
30.0,30.0,2.6101572156825332,2.3125,orca,64.92053750925825,0.0
30.0,30.0,2.6101572156825332,2.3125,combined,56.8751592734169,0.0
30.0,30.0,2.6101572156825332,2.375,arca,64.10218845726459,0.0
30.0,30.0,2.6101572156825332,2.375,orca,62.11660631617545,0.0
30.0,30.0,2.6101572156825332,2.375,combined,62.49158777481389,0.0
30.0,30.0,2.6101572156825332,2.4375,arca,58.71964274528292,0.0
30.0,30.0,2.6101572156825332,2.4375,orca,59.29025855180058,0.0
30.0,30.0,2.6101572156825332,2.4375,combined,68.16842584326699,0.0
30.0,30.0,2.6101572156825332,2.5,arca,58.1602601503809,0.0
30.0,30.0,2.6101572156825332,2.5,orca,61.378659625689224,0.0
30.0,30.0,2.6101572156825332,2.5,combined,62.225171834071936,0.0
30.0,30.0,2.6101572156825332,2.5625,arca,59.105506084353436,0.0
30.0,30.0,2.6101572156825332,2.5625,orca,55.76703748714593,0.0
30.0,30.0,2.6101572156825332,2.5625,combined,61.87754341854077,0.0
30.0,30.0,2.6101572156825332,2.625,arca,55.85560457096135,0.0
30.0,30.0,2.6101572156825332,2.625,orca,57.56509380329734,0.0
30.0,30.0,2.6101572156825332,2.625,combined,62.847934423175445,0.0
30.0,30.0,2.6101572156825332,2.6875,arca,65.78615815204671,0.0
30.0,30.0,2.6101572156825332,2.6875,orca,56.04346393564151,0.0
30.0,30.0,2.6101572156825332,2.6875,combined,66.237348468598,0.0
30.0,30.0,2.6101572156825332,2.75,arca,59.25902250061815,0.0
30.0,30.0,2.6101572156825332,2.75,orca,59.50140809812879,0.0
30.0,30.0,2.6101572156825332,2.75,combined,64.80185112091206,0.0
30.0,30.0,2.6101572156825332,2.8125,arca,60.391692793585804,0.0
30.0,30.0,2.6101572156825332,2.8125,orca,63.443655250482756,0.0
30.0,30.0,2.6101572156825332,2.8125,combined,71.39973268760801,0.0
30.0,30.0,2.6101572156825332,2.875,arca,59.250692707870016,0.0
30.0,30.0,2.6101572156825332,2.875,orca,56.482299334034344,0.0
30.0,30.0,2.6101572156825332,2.875,combined,62.291534231956014,0.0
30.0,30.0,2.6101572156825332,2.9375,arca,74.60082738267766,0.0
30.0,30.0,2.6101572156825332,2.9375,orca,61.33438064041715,0.0
30.0,30.0,2.6101572156825332,2.9375,combined,61.26027955499409,0.0
30.0,30.0,2.6101572156825332,3.0,arca,70.28201042349139,0.0
30.0,30.0,2.6101572156825332,3.0,orca,60.5586741389159,0.0
30.0,30.0,2.6101572156825332,3.0,combined,54.084162567325734,0.0
30.0,30.0,7.498942093324558,1.5,arca,,
30.0,30.0,7.498942093324558,1.5,orca,886.1455455113994,0.0
30.0,30.0,7.498942093324558,1.5,combined,,
30.0,30.0,7.498942093324558,1.5625,arca,,
30.0,30.0,7.498942093324558,1.5625,orca,342.27675528289024,0.0
30.0,30.0,7.498942093324558,1.5625,combined,,
30.0,30.0,7.498942093324558,1.625,arca,,
30.0,30.0,7.498942093324558,1.625,orca,176.57374723341468,0.0
30.0,30.0,7.498942093324558,1.625,combined,,
30.0,30.0,7.498942093324558,1.6875,arca,,
30.0,30.0,7.498942093324558,1.6875,orca,99.37568058076226,0.0
30.0,30.0,7.498942093324558,1.6875,combined,,
30.0,30.0,7.498942093324558,1.75,arca,,
30.0,30.0,7.498942093324558,1.75,orca,58.93402471942037,0.0
30.0,30.0,7.498942093324558,1.75,combined,,
30.0,30.0,7.498942093324558,1.8125,arca,,
30.0,30.0,7.498942093324558,1.8125,orca,64.01151962865472,0.0
30.0,30.0,7.498942093324558,1.8125,combined,,
30.0,30.0,7.498942093324558,1.875,arca,133876.37571167576,0.0
30.0,30.0,7.498942093324558,1.875,orca,57.98291833092547,0.0
30.0,30.0,7.498942093324558,1.875,combined,120767.55017169019,0.0
30.0,30.0,7.498942093324558,1.9375,arca,29754.45000182023,0.0
30.0,30.0,7.498942093324558,1.9375,orca,48.53984757911437,0.0
30.0,30.0,7.498942093324558,1.9375,combined,27177.611304058235,0.0
30.0,30.0,7.498942093324558,2.0,arca,6880.005905550823,0.0
30.0,30.0,7.498942093324558,2.0,orca,58.566651604157244,0.0
30.0,30.0,7.498942093324558,2.0,combined,6111.71181938911,0.0
30.0,30.0,7.498942093324558,2.0625,arca,1710.9151037111596,0.0
30.0,30.0,7.498942093324558,2.0625,orca,61.096388255496436,0.0
30.0,30.0,7.498942093324558,2.0625,combined,1487.2714856535224,0.0
30.0,30.0,7.498942093324558,2.125,arca,420.9207220521482,0.0
30.0,30.0,7.498942093324558,2.125,orca,58.61284116208119,0.0
30.0,30.0,7.498942093324558,2.125,combined,408.7498569840682,0.0
30.0,30.0,7.498942093324558,2.1875,arca,132.38426321431515,0.0
30.0,30.0,7.498942093324558,2.1875,orca,56.50061467742798,0.0
30.0,30.0,7.498942093324558,2.1875,combined,131.46675109330528,0.0
30.0,30.0,7.498942093324558,2.25,arca,64.07397341600978,0.0
30.0,30.0,7.498942093324558,2.25,orca,58.0274319476683,0.0
30.0,30.0,7.498942093324558,2.25,combined,63.14319389413871,0.0
30.0,30.0,7.498942093324558,2.3125,arca,55.12958993199612,0.0
30.0,30.0,7.498942093324558,2.3125,orca,63.520708544514406,0.0
30.0,30.0,7.498942093324558,2.3125,combined,57.933818582720114,0.0
30.0,30.0,7.498942093324558,2.375,arca,60.49399132006279,0.0
30.0,30.0,7.498942093324558,2.375,orca,57.29526259857933,0.0
30.0,30.0,7.498942093324558,2.375,combined,55.88415899316563,0.0
30.0,30.0,7.498942093324558,2.4375,arca,60.581881487147704,0.0
30.0,30.0,7.498942093324558,2.4375,orca,62.201701093560146,0.0
30.0,30.0,7.498942093324558,2.4375,combined,60.208424157130764,0.0
30.0,30.0,7.498942093324558,2.5,arca,64.61067544305132,0.0
30.0,30.0,7.498942093324558,2.5,orca,56.71907063293101,0.0
30.0,30.0,7.498942093324558,2.5,combined,58.68110743840403,0.0
30.0,30.0,7.498942093324558,2.5625,arca,53.53653453625755,0.0
30.0,30.0,7.498942093324558,2.5625,orca,63.63910668901747,0.0
30.0,30.0,7.498942093324558,2.5625,combined,57.272072887616986,0.0
30.0,30.0,7.498942093324558,2.625,arca,64.48408111592086,0.0
30.0,30.0,7.498942093324558,2.625,orca,60.295881647341055,0.0
30.0,30.0,7.498942093324558,2.625,combined,56.81269793923869,0.0
30.0,30.0,7.498942093324558,2.6875,arca,64.95495400441821,0.0
30.0,30.0,7.498942093324558,2.6875,orca,60.729270096123386,0.0
30.0,30.0,7.498942093324558,2.6875,combined,62.40838235938161,0.0
30.0,30.0,7.498942093324558,2.75,arca,60.79524900677534,0.0
30.0,30.0,7.498942093324558,2.75,orca,66.8021562224641,0.0
30.0,30.0,7.498942093324558,2.75,combined,56.63972128688892,0.0
30.0,30.0,7.498942093324558,2.8125,arca,62.82031731590173,0.0
30.0,30.0,7.498942093324558,2.8125,orca,59.78192793812488,0.0
30.0,30.0,7.498942093324558,2.8125,combined,61.620183475417186,0.0
30.0,30.0,7.498942093324558,2.875,arca,61.139419431826425,0.0
30.0,30.0,7.498942093324558,2.875,orca,56.85662894204762,0.0
30.0,30.0,7.498942093324558,2.875,combined,55.0341395991707,0.0
30.0,30.0,7.498942093324558,2.9375,arca,54.28027191149031,0.0
30.0,30.0,7.498942093324558,2.9375,orca,61.707120423756635,0.0
30.0,30.0,7.498942093324558,2.9375,combined,61.92150875231173,0.0
30.0,30.0,7.498942093324558,3.0,arca,65.16760531354322,0.0
30.0,30.0,7.498942093324558,3.0,orca,59.212441337993,0.0
30.0,30.0,7.498942093324558,3.0,combined,69.32688424471864,0.0
30.0,30.0,21.54434690031882,1.5,arca,,
30.0,30.0,21.54434690031882,1.5,orca,,
30.0,30.0,21.54434690031882,1.5,combined,,
30.0,30.0,21.54434690031882,1.5625,arca,,
30.0,30.0,21.54434690031882,1.5625,orca,,
30.0,30.0,21.54434690031882,1.5625,combined,,
30.0,30.0,21.54434690031882,1.625,arca,,
30.0,30.0,21.54434690031882,1.625,orca,1073.6045392214478,0.0
30.0,30.0,21.54434690031882,1.625,combined,,
30.0,30.0,21.54434690031882,1.6875,arca,,
30.0,30.0,21.54434690031882,1.6875,orca,402.08766380478994,0.0
30.0,30.0,21.54434690031882,1.6875,combined,,
30.0,30.0,21.54434690031882,1.75,arca,,
30.0,30.0,21.54434690031882,1.75,orca,210.2468496021296,0.0
30.0,30.0,21.54434690031882,1.75,combined,,
30.0,30.0,21.54434690031882,1.8125,arca,,
30.0,30.0,21.54434690031882,1.8125,orca,94.96718598413513,0.0
30.0,30.0,21.54434690031882,1.8125,combined,,
30.0,30.0,21.54434690031882,1.875,arca,,
30.0,30.0,21.54434690031882,1.875,orca,109.6711820217077,0.0
30.0,30.0,21.54434690031882,1.875,combined,,
30.0,30.0,21.54434690031882,1.9375,arca,254093.7983297092,0.0
30.0,30.0,21.54434690031882,1.9375,orca,64.49011214793254,0.0
30.0,30.0,21.54434690031882,1.9375,combined,225982.6644103535,0.0
30.0,30.0,21.54434690031882,2.0,arca,58055.28870474492,0.0
30.0,30.0,21.54434690031882,2.0,orca,65.34809665302461,0.0
30.0,30.0,21.54434690031882,2.0,combined,52484.187641004566,0.0
30.0,30.0,21.54434690031882,2.0625,arca,14319.47263255666,0.0
30.0,30.0,21.54434690031882,2.0625,orca,68.85800469221314,0.0
30.0,30.0,21.54434690031882,2.0625,combined,13213.202147370423,0.0
30.0,30.0,21.54434690031882,2.125,arca,3589.375313663858,0.0
30.0,30.0,21.54434690031882,2.125,orca,62.18926039068411,0.0
30.0,30.0,21.54434690031882,2.125,combined,3208.4759055809786,0.0
30.0,30.0,21.54434690031882,2.1875,arca,1033.7583061631267,0.0
30.0,30.0,21.54434690031882,2.1875,orca,50.33363228699552,0.0
30.0,30.0,21.54434690031882,2.1875,combined,841.8252186545702,0.0
30.0,30.0,21.54434690031882,2.25,arca,251.1200106869675,0.0
30.0,30.0,21.54434690031882,2.25,orca,55.34442976899646,0.0
30.0,30.0,21.54434690031882,2.25,combined,244.74180287755706,0.0
30.0,30.0,21.54434690031882,2.3125,arca,91.2251574816134,0.0
30.0,30.0,21.54434690031882,2.3125,orca,56.197655540574,0.0
30.0,30.0,21.54434690031882,2.3125,combined,103.43587009324756,0.0
30.0,30.0,21.54434690031882,2.375,arca,58.138392430154056,0.0
30.0,30.0,21.54434690031882,2.375,orca,62.04734256364449,0.0
30.0,30.0,21.54434690031882,2.375,combined,61.50169148097899,0.0
30.0,30.0,21.54434690031882,2.4375,arca,59.390282348751164,0.0
30.0,30.0,21.54434690031882,2.4375,orca,57.41724810864277,0.0
30.0,30.0,21.54434690031882,2.4375,combined,65.33396288122759,0.0
30.0,30.0,21.54434690031882,2.5,arca,62.354035792368634,0.0
30.0,30.0,21.54434690031882,2.5,orca,57.08253619779417,0.0
30.0,30.0,21.54434690031882,2.5,combined,56.22586589802958,0.0
30.0,30.0,21.54434690031882,2.5625,arca,76.76710395272296,0.0
30.0,30.0,21.54434690031882,2.5625,orca,60.75102040816326,0.0
30.0,30.0,21.54434690031882,2.5625,combined,65.83909403335385,0.0
30.0,30.0,21.54434690031882,2.625,arca,64.64086297345331,0.0
30.0,30.0,21.54434690031882,2.625,orca,59.441439500053875,0.0
30.0,30.0,21.54434690031882,2.625,combined,65.68356160366015,0.0
30.0,30.0,21.54434690031882,2.6875,arca,63.932788209498995,0.0
30.0,30.0,21.54434690031882,2.6875,orca,55.38491464867011,0.0
30.0,30.0,21.54434690031882,2.6875,combined,53.00487495448085,0.0
30.0,30.0,21.54434690031882,2.75,arca,61.74953172404696,0.0
30.0,30.0,21.54434690031882,2.75,orca,51.99428719813035,0.0
30.0,30.0,21.54434690031882,2.75,combined,56.43018304355576,0.0
30.0,30.0,21.54434690031882,2.8125,arca,55.949639433777484,0.0
30.0,30.0,21.54434690031882,2.8125,orca,54.96137601139891,0.0
30.0,30.0,21.54434690031882,2.8125,combined,55.70756504950671,0.0
30.0,30.0,21.54434690031882,2.875,arca,61.390925485722576,0.0
30.0,30.0,21.54434690031882,2.875,orca,58.96915004736804,0.0
30.0,30.0,21.54434690031882,2.875,combined,65.33970332909962,0.0
30.0,30.0,21.54434690031882,2.9375,arca,58.070253657121,0.0
30.0,30.0,21.54434690031882,2.9375,orca,57.951853723526426,0.0
30.0,30.0,21.54434690031882,2.9375,combined,59.08143267643402,0.0
30.0,30.0,21.54434690031882,3.0,arca,61.44237823870061,0.0
30.0,30.0,21.54434690031882,3.0,orca,66.43825460707477,0.0
30.0,30.0,21.54434690031882,3.0,combined,56.02402384883293,0.0
30.0,30.0,61.896581889125976,1.5,arca,,
30.0,30.0,61.896581889125976,1.5,orca,,
30.0,30.0,61.896581889125976,1.5,combined,,
30.0,30.0,61.896581889125976,1.5625,arca,,
30.0,30.0,61.896581889125976,1.5625,orca,,
30.0,30.0,61.896581889125976,1.5625,combined,,
30.0,30.0,61.896581889125976,1.625,arca,,
30.0,30.0,61.896581889125976,1.625,orca,,
30.0,30.0,61.896581889125976,1.625,combined,,
30.0,30.0,61.896581889125976,1.6875,arca,,
30.0,30.0,61.896581889125976,1.6875,orca,,
30.0,30.0,61.896581889125976,1.6875,combined,,
30.0,30.0,61.896581889125976,1.75,arca,,
30.0,30.0,61.896581889125976,1.75,orca,1197.6319891562184,0.0
30.0,30.0,61.896581889125976,1.75,combined,,
30.0,30.0,61.896581889125976,1.8125,arca,,
30.0,30.0,61.896581889125976,1.8125,orca,550.096717699565,0.0
30.0,30.0,61.896581889125976,1.8125,combined,,
30.0,30.0,61.896581889125976,1.875,arca,,
30.0,30.0,61.896581889125976,1.875,orca,295.8820861678005,0.0
30.0,30.0,61.896581889125976,1.875,combined,,
30.0,30.0,61.896581889125976,1.9375,arca,,
30.0,30.0,61.896581889125976,1.9375,orca,118.05904729461194,0.0
30.0,30.0,61.896581889125976,1.9375,combined,,
30.0,30.0,61.896581889125976,2.0,arca,,
30.0,30.0,61.896581889125976,2.0,orca,72.4304401222403,0.0
30.0,30.0,61.896581889125976,2.0,combined,,
30.0,30.0,61.896581889125976,2.0625,arca,119781.09936543462,0.0
30.0,30.0,61.896581889125976,2.0625,orca,64.07215139214455,0.0
30.0,30.0,61.896581889125976,2.0625,combined,107872.08781570518,0.0
30.0,30.0,61.896581889125976,2.125,arca,30189.337212803912,0.0
30.0,30.0,61.896581889125976,2.125,orca,60.986056173700256,0.0
30.0,30.0,61.896581889125976,2.125,combined,27984.049925482133,0.0
30.0,30.0,61.896581889125976,2.1875,arca,7700.958208107375,0.0
30.0,30.0,61.896581889125976,2.1875,orca,54.19120628122771,0.0
30.0,30.0,61.896581889125976,2.1875,combined,7151.863151519829,0.0
30.0,30.0,61.896581889125976,2.25,arca,2224.4614633051447,0.0
30.0,30.0,61.896581889125976,2.25,orca,56.45076338044156,0.0
30.0,30.0,61.896581889125976,2.25,combined,1986.5090041429742,0.0
30.0,30.0,61.896581889125976,2.3125,arca,608.1074831727597,0.0
30.0,30.0,61.896581889125976,2.3125,orca,63.325317451399044,0.0
30.0,30.0,61.896581889125976,2.3125,combined,593.0781364723714,0.0
30.0,30.0,61.896581889125976,2.375,arca,202.46993785705808,0.0
30.0,30.0,61.896581889125976,2.375,orca,58.175454442813596,0.0
30.0,30.0,61.896581889125976,2.375,combined,186.20585880273546,0.0
30.0,30.0,61.896581889125976,2.4375,arca,91.22898754341008,0.0
30.0,30.0,61.896581889125976,2.4375,orca,65.32913527493534,0.0
30.0,30.0,61.896581889125976,2.4375,combined,94.74206162295708,0.0
30.0,30.0,61.896581889125976,2.5,arca,61.28430379997296,0.0
30.0,30.0,61.896581889125976,2.5,orca,59.72953736654803,0.0
30.0,30.0,61.896581889125976,2.5,combined,60.152887300016246,0.0
30.0,30.0,61.896581889125976,2.5625,arca,61.99313064957078,0.0
30.0,30.0,61.896581889125976,2.5625,orca,59.33812431668489,0.0
30.0,30.0,61.896581889125976,2.5625,combined,56.13856700142962,0.0
30.0,30.0,61.896581889125976,2.625,arca,64.6602201745302,0.0
30.0,30.0,61.896581889125976,2.625,orca,59.64644714038127,0.0
30.0,30.0,61.896581889125976,2.625,combined,61.68380895729838,0.0
30.0,30.0,61.896581889125976,2.6875,arca,70.69761344936867,0.0
30.0,30.0,61.896581889125976,2.6875,orca,76.24344549125169,0.0
30.0,30.0,61.896581889125976,2.6875,combined,64.36608831510569,0.0
30.0,30.0,61.896581889125976,2.75,arca,64.05167968878779,0.0
30.0,30.0,61.896581889125976,2.75,orca,58.16005914683479,0.0
30.0,30.0,61.896581889125976,2.75,combined,57.526322934805066,0.0
30.0,30.0,61.896581889125976,2.8125,arca,59.45269655363432,0.0
30.0,30.0,61.896581889125976,2.8125,orca,62.47877669390984,0.0
30.0,30.0,61.896581889125976,2.8125,combined,65.08241504006696,0.0
30.0,30.0,61.896581889125976,2.875,arca,57.549528309663636,0.0
30.0,30.0,61.896581889125976,2.875,orca,55.37476439226667,0.0
30.0,30.0,61.896581889125976,2.875,combined,68.00602295098273,0.0
30.0,30.0,61.896581889125976,2.9375,arca,69.65904213056221,0.0
30.0,30.0,61.896581889125976,2.9375,orca,57.50779827408756,0.0
30.0,30.0,61.896581889125976,2.9375,combined,56.256925417673386,0.0
30.0,30.0,61.896581889125976,3.0,arca,58.282572291301314,0.0
30.0,30.0,61.896581889125976,3.0,orca,68.34720847489366,0.0
30.0,30.0,61.896581889125976,3.0,combined,58.600663759049596,0.0
30.0,30.0,177.82794100389228,1.5,arca,,
30.0,30.0,177.82794100389228,1.5,orca,,
30.0,30.0,177.82794100389228,1.5,combined,,
30.0,30.0,177.82794100389228,1.5625,arca,,
30.0,30.0,177.82794100389228,1.5625,orca,,
30.0,30.0,177.82794100389228,1.5625,combined,,
30.0,30.0,177.82794100389228,1.625,arca,,
30.0,30.0,177.82794100389228,1.625,orca,,
30.0,30.0,177.82794100389228,1.625,combined,,
30.0,30.0,177.82794100389228,1.6875,arca,,
30.0,30.0,177.82794100389228,1.6875,orca,,
30.0,30.0,177.82794100389228,1.6875,combined,,
30.0,30.0,177.82794100389228,1.75,arca,,
30.0,30.0,177.82794100389228,1.75,orca,,
30.0,30.0,177.82794100389228,1.75,combined,,
30.0,30.0,177.82794100389228,1.8125,arca,,
30.0,30.0,177.82794100389228,1.8125,orca,,
30.0,30.0,177.82794100389228,1.8125,combined,,
30.0,30.0,177.82794100389228,1.875,arca,,
30.0,30.0,177.82794100389228,1.875,orca,1314.434068565312,0.0
30.0,30.0,177.82794100389228,1.875,combined,,
30.0,30.0,177.82794100389228,1.9375,arca,,
30.0,30.0,177.82794100389228,1.9375,orca,657.9115884680612,0.0
30.0,30.0,177.82794100389228,1.9375,combined,,
30.0,30.0,177.82794100389228,2.0,arca,,
30.0,30.0,177.82794100389228,2.0,orca,324.47568710359417,0.0
30.0,30.0,177.82794100389228,2.0,combined,,
30.0,30.0,177.82794100389228,2.0625,arca,,
30.0,30.0,177.82794100389228,2.0625,orca,126.70333134531823,0.0
30.0,30.0,177.82794100389228,2.0625,combined,,
30.0,30.0,177.82794100389228,2.125,arca,255370.80339360266,0.0
30.0,30.0,177.82794100389228,2.125,orca,107.26833162276198,0.0
30.0,30.0,177.82794100389228,2.125,combined,228191.59574327985,0.0
30.0,30.0,177.82794100389228,2.1875,arca,67178.29825841282,0.0
30.0,30.0,177.82794100389228,2.1875,orca,63.297833935018055,0.0
30.0,30.0,177.82794100389228,2.1875,combined,60816.580688488575,0.0
30.0,30.0,177.82794100389228,2.25,arca,18212.720167358482,0.0
30.0,30.0,177.82794100389228,2.25,orca,56.012557943531384,0.0
30.0,30.0,177.82794100389228,2.25,combined,16251.657320696246,0.0
30.0,30.0,177.82794100389228,2.3125,arca,5201.619699331553,0.0
30.0,30.0,177.82794100389228,2.3125,orca,63.87512481812216,0.0
30.0,30.0,177.82794100389228,2.3125,combined,4737.578884118134,0.0
30.0,30.0,177.82794100389228,2.375,arca,1444.3941490204356,0.0
30.0,30.0,177.82794100389228,2.375,orca,57.72954796969439,0.0
30.0,30.0,177.82794100389228,2.375,combined,1402.785919437917,0.0
30.0,30.0,177.82794100389228,2.4375,arca,491.1084251500957,0.0
30.0,30.0,177.82794100389228,2.4375,orca,67.6514399205561,0.0
30.0,30.0,177.82794100389228,2.4375,combined,438.12171933900754,0.0
30.0,30.0,177.82794100389228,2.5,arca,158.10550917205728,0.0
30.0,30.0,177.82794100389228,2.5,orca,63.124986112654156,0.0
30.0,30.0,177.82794100389228,2.5,combined,148.7834704529239,0.0
30.0,30.0,177.82794100389228,2.5625,arca,62.67243631182469,0.0
30.0,30.0,177.82794100389228,2.5625,orca,55.48516598963441,0.0
30.0,30.0,177.82794100389228,2.5625,combined,72.58479663859569,0.0
30.0,30.0,177.82794100389228,2.625,arca,61.765585738875814,0.0
30.0,30.0,177.82794100389228,2.625,orca,55.635806522214935,0.0
30.0,30.0,177.82794100389228,2.625,combined,62.81974190412397,0.0
30.0,30.0,177.82794100389228,2.6875,arca,56.78727123412367,0.0
30.0,30.0,177.82794100389228,2.6875,orca,62.257748776508976,0.0
30.0,30.0,177.82794100389228,2.6875,combined,63.45815133673616,0.0
30.0,30.0,177.82794100389228,2.75,arca,56.56753904601098,0.0
30.0,30.0,177.82794100389228,2.75,orca,67.75720639103938,0.0
30.0,30.0,177.82794100389228,2.75,combined,63.59179922569322,0.0
30.0,30.0,177.82794100389228,2.8125,arca,63.687867676154816,0.0
30.0,30.0,177.82794100389228,2.8125,orca,59.93982261142921,0.0
30.0,30.0,177.82794100389228,2.8125,combined,63.295873612206385,0.0
30.0,30.0,177.82794100389228,2.875,arca,62.31582505350424,0.0
30.0,30.0,177.82794100389228,2.875,orca,59.03633631962607,0.0
30.0,30.0,177.82794100389228,2.875,combined,71.14393917187931,0.0
30.0,30.0,177.82794100389228,2.9375,arca,62.10225050698236,0.0
30.0,30.0,177.82794100389228,2.9375,orca,63.56640319404353,0.0
30.0,30.0,177.82794100389228,2.9375,combined,57.623851963120885,0.0
30.0,30.0,177.82794100389228,3.0,arca,56.632378741310404,0.0
30.0,30.0,177.82794100389228,3.0,orca,54.75076766975514,0.0
30.0,30.0,177.82794100389228,3.0,combined,60.38596102287606,0.0
30.0,30.0,510.8969774506914,1.5,arca,,
30.0,30.0,510.8969774506914,1.5,orca,,
30.0,30.0,510.8969774506914,1.5,combined,,
30.0,30.0,510.8969774506914,1.5625,arca,,
30.0,30.0,510.8969774506914,1.5625,orca,,
30.0,30.0,510.8969774506914,1.5625,combined,,
30.0,30.0,510.8969774506914,1.625,arca,,
30.0,30.0,510.8969774506914,1.625,orca,,
30.0,30.0,510.8969774506914,1.625,combined,,
30.0,30.0,510.8969774506914,1.6875,arca,,
30.0,30.0,510.8969774506914,1.6875,orca,,
30.0,30.0,510.8969774506914,1.6875,combined,,
30.0,30.0,510.8969774506914,1.75,arca,,
30.0,30.0,510.8969774506914,1.75,orca,,
30.0,30.0,510.8969774506914,1.75,combined,,
30.0,30.0,510.8969774506914,1.8125,arca,,
30.0,30.0,510.8969774506914,1.8125,orca,,
30.0,30.0,510.8969774506914,1.8125,combined,,
30.0,30.0,510.8969774506914,1.875,arca,,
30.0,30.0,510.8969774506914,1.875,orca,,
30.0,30.0,510.8969774506914,1.875,combined,,
30.0,30.0,510.8969774506914,1.9375,arca,,
30.0,30.0,510.8969774506914,1.9375,orca,,
30.0,30.0,510.8969774506914,1.9375,combined,,
30.0,30.0,510.8969774506914,2.0,arca,,
30.0,30.0,510.8969774506914,2.0,orca,1886.5035449068237,0.0
30.0,30.0,510.8969774506914,2.0,combined,,
30.0,30.0,510.8969774506914,2.0625,arca,,
30.0,30.0,510.8969774506914,2.0625,orca,845.4428454063856,0.0
30.0,30.0,510.8969774506914,2.0625,combined,,
30.0,30.0,510.8969774506914,2.125,arca,,
30.0,30.0,510.8969774506914,2.125,orca,404.26740734458485,0.0
30.0,30.0,510.8969774506914,2.125,combined,,
30.0,30.0,510.8969774506914,2.1875,arca,,
30.0,30.0,510.8969774506914,2.1875,orca,162.72266742177544,0.0
30.0,30.0,510.8969774506914,2.1875,combined,,
30.0,30.0,510.8969774506914,2.25,arca,150813.0758674796,0.0
30.0,30.0,510.8969774506914,2.25,orca,136.61318059680383,0.0
30.0,30.0,510.8969774506914,2.25,combined,138326.45704046587,0.0
30.0,30.0,510.8969774506914,2.3125,arca,42055.56860426211,0.0
30.0,30.0,510.8969774506914,2.3125,orca,78.9237444871248,0.0
30.0,30.0,510.8969774506914,2.3125,combined,38896.04090524887,0.0
30.0,30.0,510.8969774506914,2.375,arca,12056.394245360683,0.0
30.0,30.0,510.8969774506914,2.375,orca,65.92826718569293,0.0
30.0,30.0,510.8969774506914,2.375,combined,11672.238532764379,0.0
30.0,30.0,510.8969774506914,2.4375,arca,3841.8663419788345,0.0
30.0,30.0,510.8969774506914,2.4375,orca,57.80821917808219,0.0
30.0,30.0,510.8969774506914,2.4375,combined,3508.9834981931676,0.0
30.0,30.0,510.8969774506914,2.5,arca,1243.8046168216279,0.0
30.0,30.0,510.8969774506914,2.5,orca,64.7512228415425,0.0
30.0,30.0,510.8969774506914,2.5,combined,1119.4981858206233,0.0
30.0,30.0,510.8969774506914,2.5625,arca,370.1928158805461,0.0
30.0,30.0,510.8969774506914,2.5625,orca,54.436292777287875,0.0
30.0,30.0,510.8969774506914,2.5625,combined,407.69001893507254,0.0
30.0,30.0,510.8969774506914,2.625,arca,173.06974780491984,0.0
30.0,30.0,510.8969774506914,2.625,orca,57.338888414095656,0.0
30.0,30.0,510.8969774506914,2.625,combined,151.93027341150724,0.0
30.0,30.0,510.8969774506914,2.6875,arca,71.87547816910697,0.0
30.0,30.0,510.8969774506914,2.6875,orca,52.754488304921566,0.0
30.0,30.0,510.8969774506914,2.6875,combined,67.27111373136891,0.0
30.0,30.0,510.8969774506914,2.75,arca,61.09930252114697,0.0
30.0,30.0,510.8969774506914,2.75,orca,58.01641011156615,0.0
30.0,30.0,510.8969774506914,2.75,combined,61.65623445236798,0.0
30.0,30.0,510.8969774506914,2.8125,arca,65.0557484396174,0.0
30.0,30.0,510.8969774506914,2.8125,orca,55.047185838768016,0.0
30.0,30.0,510.8969774506914,2.8125,combined,57.12308985488372,0.0
30.0,30.0,510.8969774506914,2.875,arca,59.15423935626424,0.0
30.0,30.0,510.8969774506914,2.875,orca,57.833168913734525,0.0
30.0,30.0,510.8969774506914,2.875,combined,65.71350495378347,0.0
30.0,30.0,510.8969774506914,2.9375,arca,61.90384837361775,0.0
30.0,30.0,510.8969774506914,2.9375,orca,61.78773759127199,0.0
30.0,30.0,510.8969774506914,2.9375,combined,60.96806914208758,0.0
30.0,30.0,510.8969774506914,3.0,arca,55.11931115661197,0.0
30.0,30.0,510.8969774506914,3.0,orca,65.16251009964986,0.0
30.0,30.0,510.8969774506914,3.0,combined,56.54149277427113,0.0
30.0,30.0,1467.7992676220676,1.5,arca,,
30.0,30.0,1467.7992676220676,1.5,orca,,
30.0,30.0,1467.7992676220676,1.5,combined,,
30.0,30.0,1467.7992676220676,1.5625,arca,,
30.0,30.0,1467.7992676220676,1.5625,orca,,
30.0,30.0,1467.7992676220676,1.5625,combined,,
30.0,30.0,1467.7992676220676,1.625,arca,,
30.0,30.0,1467.7992676220676,1.625,orca,,
30.0,30.0,1467.7992676220676,1.625,combined,,
30.0,30.0,1467.7992676220676,1.6875,arca,,
30.0,30.0,1467.7992676220676,1.6875,orca,,
30.0,30.0,1467.7992676220676,1.6875,combined,,
30.0,30.0,1467.7992676220676,1.75,arca,,
30.0,30.0,1467.7992676220676,1.75,orca,,
30.0,30.0,1467.7992676220676,1.75,combined,,
30.0,30.0,1467.7992676220676,1.8125,arca,,
30.0,30.0,1467.7992676220676,1.8125,orca,,
30.0,30.0,1467.7992676220676,1.8125,combined,,
30.0,30.0,1467.7992676220676,1.875,arca,,
30.0,30.0,1467.7992676220676,1.875,orca,,
30.0,30.0,1467.7992676220676,1.875,combined,,
30.0,30.0,1467.7992676220676,1.9375,arca,,
30.0,30.0,1467.7992676220676,1.9375,orca,,
30.0,30.0,1467.7992676220676,1.9375,combined,,
30.0,30.0,1467.7992676220676,2.0,arca,,
30.0,30.0,1467.7992676220676,2.0,orca,,
30.0,30.0,1467.7992676220676,2.0,combined,,
30.0,30.0,1467.7992676220676,2.0625,arca,,
30.0,30.0,1467.7992676220676,2.0625,orca,,
30.0,30.0,1467.7992676220676,2.0625,combined,,
30.0,30.0,1467.7992676220676,2.125,arca,,
30.0,30.0,1467.7992676220676,2.125,orca,2540.6108945050623,0.0
30.0,30.0,1467.7992676220676,2.125,combined,,
30.0,30.0,1467.7992676220676,2.1875,arca,,
30.0,30.0,1467.7992676220676,2.1875,orca,1165.2042717564188,0.0
30.0,30.0,1467.7992676220676,2.1875,combined,,
30.0,30.0,1467.7992676220676,2.25,arca,,
30.0,30.0,1467.7992676220676,2.25,orca,613.4705048615244,0.0
30.0,30.0,1467.7992676220676,2.25,combined,,
30.0,30.0,1467.7992676220676,2.3125,arca,,
30.0,30.0,1467.7992676220676,2.3125,orca,313.39943542695835,0.0
30.0,30.0,1467.7992676220676,2.3125,combined,,
30.0,30.0,1467.7992676220676,2.375,arca,104692.10607081567,0.0
30.0,30.0,1467.7992676220676,2.375,orca,174.45341475082307,0.0
30.0,30.0,1467.7992676220676,2.375,combined,94073.3516389801,0.0
30.0,30.0,1467.7992676220676,2.4375,arca,31747.004051195992,0.0
30.0,30.0,1467.7992676220676,2.4375,orca,110.51001821493625,0.0
30.0,30.0,1467.7992676220676,2.4375,combined,29568.94724742676,0.0
30.0,30.0,1467.7992676220676,2.5,arca,9826.541592774229,0.0
30.0,30.0,1467.7992676220676,2.5,orca,72.39920993548756,0.0
30.0,30.0,1467.7992676220676,2.5,combined,9324.398080452327,0.0
30.0,30.0,1467.7992676220676,2.5625,arca,3115.2462128462885,0.0
30.0,30.0,1467.7992676220676,2.5625,orca,63.0632105502501,0.0
30.0,30.0,1467.7992676220676,2.5625,combined,2968.4049228960102,0.0
30.0,30.0,1467.7992676220676,2.625,arca,1028.774571204192,0.0
30.0,30.0,1467.7992676220676,2.625,orca,67.80536607548885,0.0
30.0,30.0,1467.7992676220676,2.625,combined,1054.5427473469158,0.0
30.0,30.0,1467.7992676220676,2.6875,arca,363.15347767708386,0.0
30.0,30.0,1467.7992676220676,2.6875,orca,57.62637362637361,0.0
30.0,30.0,1467.7992676220676,2.6875,combined,368.7179484135229,0.0
30.0,30.0,1467.7992676220676,2.75,arca,132.6392574169245,0.0
30.0,30.0,1467.7992676220676,2.75,orca,61.44133070200168,0.0
30.0,30.0,1467.7992676220676,2.75,combined,146.96573407292553,0.0
30.0,30.0,1467.7992676220676,2.8125,arca,79.45311938374074,0.0
30.0,30.0,1467.7992676220676,2.8125,orca,58.187395052054185,0.0
30.0,30.0,1467.7992676220676,2.8125,combined,85.61001458088836,0.0
30.0,30.0,1467.7992676220676,2.875,arca,58.50295639441898,0.0
30.0,30.0,1467.7992676220676,2.875,orca,59.37762357090042,0.0
30.0,30.0,1467.7992676220676,2.875,combined,66.6993341705566,0.0
30.0,30.0,1467.7992676220676,2.9375,arca,70.98770012036076,0.0
30.0,30.0,1467.7992676220676,2.9375,orca,55.65456253799812,0.0
30.0,30.0,1467.7992676220676,2.9375,combined,67.33603469112106,0.0
30.0,30.0,1467.7992676220676,3.0,arca,56.67229518036528,0.0
30.0,30.0,1467.7992676220676,3.0,orca,60.10754059338603,0.0
30.0,30.0,1467.7992676220676,3.0,combined,57.97557512070435,0.0
30.0,30.0,4216.965034285822,1.5,arca,,
30.0,30.0,4216.965034285822,1.5,orca,,
30.0,30.0,4216.965034285822,1.5,combined,,
30.0,30.0,4216.965034285822,1.5625,arca,,
30.0,30.0,4216.965034285822,1.5625,orca,,
30.0,30.0,4216.965034285822,1.5625,combined,,
30.0,30.0,4216.965034285822,1.625,arca,,
30.0,30.0,4216.965034285822,1.625,orca,,
30.0,30.0,4216.965034285822,1.625,combined,,
30.0,30.0,4216.965034285822,1.6875,arca,,
30.0,30.0,4216.965034285822,1.6875,orca,,
30.0,30.0,4216.965034285822,1.6875,combined,,
30.0,30.0,4216.965034285822,1.75,arca,,
30.0,30.0,4216.965034285822,1.75,orca,,
30.0,30.0,4216.965034285822,1.75,combined,,
30.0,30.0,4216.965034285822,1.8125,arca,,
30.0,30.0,4216.965034285822,1.8125,orca,,
30.0,30.0,4216.965034285822,1.8125,combined,,
30.0,30.0,4216.965034285822,1.875,arca,,
30.0,30.0,4216.965034285822,1.875,orca,,
30.0,30.0,4216.965034285822,1.875,combined,,
30.0,30.0,4216.965034285822,1.9375,arca,,
30.0,30.0,4216.965034285822,1.9375,orca,,
30.0,30.0,4216.965034285822,1.9375,combined,,
30.0,30.0,4216.965034285822,2.0,arca,,
30.0,30.0,4216.965034285822,2.0,orca,,
30.0,30.0,4216.965034285822,2.0,combined,,
30.0,30.0,4216.965034285822,2.0625,arca,,
30.0,30.0,4216.965034285822,2.0625,orca,,
30.0,30.0,4216.965034285822,2.0625,combined,,
30.0,30.0,4216.965034285822,2.125,arca,,
30.0,30.0,4216.965034285822,2.125,orca,,
30.0,30.0,4216.965034285822,2.125,combined,,
30.0,30.0,4216.965034285822,2.1875,arca,,
30.0,30.0,4216.965034285822,2.1875,orca,,
30.0,30.0,4216.965034285822,2.1875,combined,,
30.0,30.0,4216.965034285822,2.25,arca,,
30.0,30.0,4216.965034285822,2.25,orca,,
30.0,30.0,4216.965034285822,2.25,combined,,
30.0,30.0,4216.965034285822,2.3125,arca,,
30.0,30.0,4216.965034285822,2.3125,orca,1933.6709804473207,0.0
30.0,30.0,4216.965034285822,2.3125,combined,,
30.0,30.0,4216.965034285822,2.375,arca,,
30.0,30.0,4216.965034285822,2.375,orca,847.2459762962128,0.0
30.0,30.0,4216.965034285822,2.375,combined,,
30.0,30.0,4216.965034285822,2.4375,arca,266304.1381506377,0.0
30.0,30.0,4216.965034285822,2.4375,orca,534.379185417905,0.0
30.0,30.0,4216.965034285822,2.4375,combined,244745.83818703424,0.0
30.0,30.0,4216.965034285822,2.5,arca,80497.63413000072,0.0
30.0,30.0,4216.965034285822,2.5,orca,261.9792552432586,0.0
30.0,30.0,4216.965034285822,2.5,combined,76035.51730467795,0.0
30.0,30.0,4216.965034285822,2.5625,arca,25316.92276352861,0.0
30.0,30.0,4216.965034285822,2.5625,orca,181.2635421104957,0.0
30.0,30.0,4216.965034285822,2.5625,combined,24557.931867922733,0.0
30.0,30.0,4216.965034285822,2.625,arca,8534.290110550704,0.0
30.0,30.0,4216.965034285822,2.625,orca,121.83149964463395,0.0
30.0,30.0,4216.965034285822,2.625,combined,8254.452703825966,0.0
30.0,30.0,4216.965034285822,2.6875,arca,2797.0292095142195,0.0
30.0,30.0,4216.965034285822,2.6875,orca,106.97965256326691,0.0
30.0,30.0,4216.965034285822,2.6875,combined,2790.1306965435556,0.0
30.0,30.0,4216.965034285822,2.75,arca,1057.6586243875076,0.0
30.0,30.0,4216.965034285822,2.75,orca,75.53699175433607,0.0
30.0,30.0,4216.965034285822,2.75,combined,907.5392900566413,0.0
30.0,30.0,4216.965034285822,2.8125,arca,376.4998828927793,0.0
30.0,30.0,4216.965034285822,2.8125,orca,73.3727539368397,0.0
30.0,30.0,4216.965034285822,2.8125,combined,418.6475584871638,0.0
30.0,30.0,4216.965034285822,2.875,arca,156.2628211048514,0.0
30.0,30.0,4216.965034285822,2.875,orca,61.7787736520131,0.0
30.0,30.0,4216.965034285822,2.875,combined,160.99372367562435,0.0
30.0,30.0,4216.965034285822,2.9375,arca,63.724777935001654,0.0
30.0,30.0,4216.965034285822,2.9375,orca,56.91900859257578,0.0
30.0,30.0,4216.965034285822,2.9375,combined,99.12049472375747,0.0
30.0,30.0,4216.965034285822,3.0,arca,62.11195755051428,0.0
30.0,30.0,4216.965034285822,3.0,orca,56.04019419668059,0.0
30.0,30.0,4216.965034285822,3.0,combined,71.2224606665639,0.0
30.0,30.0,12115.276586285852,1.5,arca,,
30.0,30.0,12115.276586285852,1.5,orca,,
30.0,30.0,12115.276586285852,1.5,combined,,
30.0,30.0,12115.276586285852,1.5625,arca,,
30.0,30.0,12115.276586285852,1.5625,orca,,
30.0,30.0,12115.276586285852,1.5625,combined,,
30.0,30.0,12115.276586285852,1.625,arca,,
30.0,30.0,12115.276586285852,1.625,orca,,
30.0,30.0,12115.276586285852,1.625,combined,,
30.0,30.0,12115.276586285852,1.6875,arca,,
30.0,30.0,12115.276586285852,1.6875,orca,,
30.0,30.0,12115.276586285852,1.6875,combined,,
30.0,30.0,12115.276586285852,1.75,arca,,
30.0,30.0,12115.276586285852,1.75,orca,,
30.0,30.0,12115.276586285852,1.75,combined,,
30.0,30.0,12115.276586285852,1.8125,arca,,
30.0,30.0,12115.276586285852,1.8125,orca,,
30.0,30.0,12115.276586285852,1.8125,combined,,
30.0,30.0,12115.276586285852,1.875,arca,,
30.0,30.0,12115.276586285852,1.875,orca,,
30.0,30.0,12115.276586285852,1.875,combined,,
30.0,30.0,12115.276586285852,1.9375,arca,,
30.0,30.0,12115.276586285852,1.9375,orca,,
30.0,30.0,12115.276586285852,1.9375,combined,,
30.0,30.0,12115.276586285852,2.0,arca,,
30.0,30.0,12115.276586285852,2.0,orca,,
30.0,30.0,12115.276586285852,2.0,combined,,
30.0,30.0,12115.276586285852,2.0625,arca,,
30.0,30.0,12115.276586285852,2.0625,orca,,
30.0,30.0,12115.276586285852,2.0625,combined,,
30.0,30.0,12115.276586285852,2.125,arca,,
30.0,30.0,12115.276586285852,2.125,orca,,
30.0,30.0,12115.276586285852,2.125,combined,,
30.0,30.0,12115.276586285852,2.1875,arca,,
30.0,30.0,12115.276586285852,2.1875,orca,,
30.0,30.0,12115.276586285852,2.1875,combined,,
30.0,30.0,12115.276586285852,2.25,arca,,
30.0,30.0,12115.276586285852,2.25,orca,,
30.0,30.0,12115.276586285852,2.25,combined,,
30.0,30.0,12115.276586285852,2.3125,arca,,
30.0,30.0,12115.276586285852,2.3125,orca,,
30.0,30.0,12115.276586285852,2.3125,combined,,
30.0,30.0,12115.276586285852,2.375,arca,,
30.0,30.0,12115.276586285852,2.375,orca,,
30.0,30.0,12115.276586285852,2.375,combined,,
30.0,30.0,12115.276586285852,2.4375,arca,,
30.0,30.0,12115.276586285852,2.4375,orca,3652.8128772076207,0.0
30.0,30.0,12115.276586285852,2.4375,combined,,
30.0,30.0,12115.276586285852,2.5,arca,,
30.0,30.0,12115.276586285852,2.5,orca,2063.529107047854,0.0
30.0,30.0,12115.276586285852,2.5,combined,,
30.0,30.0,12115.276586285852,2.5625,arca,217288.89930490826,0.0
30.0,30.0,12115.276586285852,2.5625,orca,1153.8738911802925,0.0
30.0,30.0,12115.276586285852,2.5625,combined,204486.96410622413,0.0
30.0,30.0,12115.276586285852,2.625,arca,71519.89387950017,0.0
30.0,30.0,12115.276586285852,2.625,orca,614.243092207389,0.0
30.0,30.0,12115.276586285852,2.625,combined,68673.8479710421,0.0
30.0,30.0,12115.276586285852,2.6875,arca,23662.105777818942,0.0
30.0,30.0,12115.276586285852,2.6875,orca,354.8282271068488,0.0
30.0,30.0,12115.276586285852,2.6875,combined,23280.632746452713,0.0
30.0,30.0,12115.276586285852,2.75,arca,7900.187372204181,0.0
30.0,30.0,12115.276586285852,2.75,orca,237.45176752546433,0.0
30.0,30.0,12115.276586285852,2.75,combined,8422.594870682868,0.0
30.0,30.0,12115.276586285852,2.8125,arca,2869.2063014168943,0.0
30.0,30.0,12115.276586285852,2.8125,orca,204.63362388195748,0.0
30.0,30.0,12115.276586285852,2.8125,combined,2950.114774625613,0.0
30.0,30.0,12115.276586285852,2.875,arca,1046.217606460893,0.0
30.0,30.0,12115.276586285852,2.875,orca,112.84530009391275,0.0
30.0,30.0,12115.276586285852,2.875,combined,1147.8881284095428,0.0
30.0,30.0,12115.276586285852,2.9375,arca,369.70935196732455,0.0
30.0,30.0,12115.276586285852,2.9375,orca,73.65938069216757,0.0
30.0,30.0,12115.276586285852,2.9375,combined,445.48065896841905,0.0
30.0,30.0,12115.276586285852,3.0,arca,169.07026698949062,0.0
30.0,30.0,12115.276586285852,3.0,orca,85.61565998068072,0.0
30.0,30.0,12115.276586285852,3.0,combined,186.56955207767982,0.0
30.0,30.0,34807.00588428406,1.5,arca,,
30.0,30.0,34807.00588428406,1.5,orca,,
30.0,30.0,34807.00588428406,1.5,combined,,
30.0,30.0,34807.00588428406,1.5625,arca,,
30.0,30.0,34807.00588428406,1.5625,orca,,
30.0,30.0,34807.00588428406,1.5625,combined,,
30.0,30.0,34807.00588428406,1.625,arca,,
30.0,30.0,34807.00588428406,1.625,orca,,
30.0,30.0,34807.00588428406,1.625,combined,,
30.0,30.0,34807.00588428406,1.6875,arca,,
30.0,30.0,34807.00588428406,1.6875,orca,,
30.0,30.0,34807.00588428406,1.6875,combined,,
30.0,30.0,34807.00588428406,1.75,arca,,
30.0,30.0,34807.00588428406,1.75,orca,,
30.0,30.0,34807.00588428406,1.75,combined,,
30.0,30.0,34807.00588428406,1.8125,arca,,
30.0,30.0,34807.00588428406,1.8125,orca,,
30.0,30.0,34807.00588428406,1.8125,combined,,
30.0,30.0,34807.00588428406,1.875,arca,,
30.0,30.0,34807.00588428406,1.875,orca,,
30.0,30.0,34807.00588428406,1.875,combined,,
30.0,30.0,34807.00588428406,1.9375,arca,,
30.0,30.0,34807.00588428406,1.9375,orca,,
30.0,30.0,34807.00588428406,1.9375,combined,,
30.0,30.0,34807.00588428406,2.0,arca,,
30.0,30.0,34807.00588428406,2.0,orca,,
30.0,30.0,34807.00588428406,2.0,combined,,
30.0,30.0,34807.00588428406,2.0625,arca,,
30.0,30.0,34807.00588428406,2.0625,orca,,
30.0,30.0,34807.00588428406,2.0625,combined,,
30.0,30.0,34807.00588428406,2.125,arca,,
30.0,30.0,34807.00588428406,2.125,orca,,
30.0,30.0,34807.00588428406,2.125,combined,,
30.0,30.0,34807.00588428406,2.1875,arca,,
30.0,30.0,34807.00588428406,2.1875,orca,,
30.0,30.0,34807.00588428406,2.1875,combined,,
30.0,30.0,34807.00588428406,2.25,arca,,
30.0,30.0,34807.00588428406,2.25,orca,,
30.0,30.0,34807.00588428406,2.25,combined,,
30.0,30.0,34807.00588428406,2.3125,arca,,
30.0,30.0,34807.00588428406,2.3125,orca,,
30.0,30.0,34807.00588428406,2.3125,combined,,
30.0,30.0,34807.00588428406,2.375,arca,,
30.0,30.0,34807.00588428406,2.375,orca,,
30.0,30.0,34807.00588428406,2.375,combined,,
30.0,30.0,34807.00588428406,2.4375,arca,,
30.0,30.0,34807.00588428406,2.4375,orca,,
30.0,30.0,34807.00588428406,2.4375,combined,,
30.0,30.0,34807.00588428406,2.5,arca,,
30.0,30.0,34807.00588428406,2.5,orca,,
30.0,30.0,34807.00588428406,2.5,combined,,
30.0,30.0,34807.00588428406,2.5625,arca,,
30.0,30.0,34807.00588428406,2.5625,orca,,
30.0,30.0,34807.00588428406,2.5625,combined,,
30.0,30.0,34807.00588428406,2.625,arca,,
30.0,30.0,34807.00588428406,2.625,orca,4362.881492116961,0.0
30.0,30.0,34807.00588428406,2.625,combined,,
30.0,30.0,34807.00588428406,2.6875,arca,197128.59927730565,0.0
30.0,30.0,34807.00588428406,2.6875,orca,2648.93904314515,0.0
30.0,30.0,34807.00588428406,2.6875,combined,193971.22948758438,0.0
30.0,30.0,34807.00588428406,2.75,arca,68244.82113276613,0.0
30.0,30.0,34807.00588428406,2.75,orca,1549.4991512956885,0.0
30.0,30.0,34807.00588428406,2.75,combined,67109.7876455913,0.0
30.0,30.0,34807.00588428406,2.8125,arca,24083.41543957134,0.0
30.0,30.0,34807.00588428406,2.8125,orca,1037.921747479597,0.0
30.0,30.0,34807.00588428406,2.8125,combined,24047.21282701826,0.0
30.0,30.0,34807.00588428406,2.875,arca,8157.746720491026,0.0
30.0,30.0,34807.00588428406,2.875,orca,765.6025489200924,0.0
30.0,30.0,34807.00588428406,2.875,combined,9296.14653491788,0.0
30.0,30.0,34807.00588428406,2.9375,arca,3035.3972689575025,0.0
30.0,30.0,34807.00588428406,2.9375,orca,501.4642907610999,0.0
30.0,30.0,34807.00588428406,2.9375,combined,3606.5142620709294,0.0
30.0,30.0,34807.00588428406,3.0,arca,1166.7204176870118,0.0
30.0,30.0,34807.00588428406,3.0,orca,316.1673768535878,0.0
30.0,30.0,34807.00588428406,3.0,combined,1353.687730046781,0.0
30.0,30.0,100000.0,1.5,arca,,
30.0,30.0,100000.0,1.5,orca,,
30.0,30.0,100000.0,1.5,combined,,
30.0,30.0,100000.0,1.5625,arca,,
30.0,30.0,100000.0,1.5625,orca,,
30.0,30.0,100000.0,1.5625,combined,,
30.0,30.0,100000.0,1.625,arca,,
30.0,30.0,100000.0,1.625,orca,,
30.0,30.0,100000.0,1.625,combined,,
30.0,30.0,100000.0,1.6875,arca,,
30.0,30.0,100000.0,1.6875,orca,,
30.0,30.0,100000.0,1.6875,combined,,
30.0,30.0,100000.0,1.75,arca,,
30.0,30.0,100000.0,1.75,orca,,
30.0,30.0,100000.0,1.75,combined,,
30.0,30.0,100000.0,1.8125,arca,,
30.0,30.0,100000.0,1.8125,orca,,
30.0,30.0,100000.0,1.8125,combined,,
30.0,30.0,100000.0,1.875,arca,,
30.0,30.0,100000.0,1.875,orca,,
30.0,30.0,100000.0,1.875,combined,,
30.0,30.0,100000.0,1.9375,arca,,
30.0,30.0,100000.0,1.9375,orca,,
30.0,30.0,100000.0,1.9375,combined,,
30.0,30.0,100000.0,2.0,arca,,
30.0,30.0,100000.0,2.0,orca,,
30.0,30.0,100000.0,2.0,combined,,
30.0,30.0,100000.0,2.0625,arca,,
30.0,30.0,100000.0,2.0625,orca,,
30.0,30.0,100000.0,2.0625,combined,,
30.0,30.0,100000.0,2.125,arca,,
30.0,30.0,100000.0,2.125,orca,,
30.0,30.0,100000.0,2.125,combined,,
30.0,30.0,100000.0,2.1875,arca,,
30.0,30.0,100000.0,2.1875,orca,,
30.0,30.0,100000.0,2.1875,combined,,
30.0,30.0,100000.0,2.25,arca,,
30.0,30.0,100000.0,2.25,orca,,
30.0,30.0,100000.0,2.25,combined,,
30.0,30.0,100000.0,2.3125,arca,,
30.0,30.0,100000.0,2.3125,orca,,
30.0,30.0,100000.0,2.3125,combined,,
30.0,30.0,100000.0,2.375,arca,,
30.0,30.0,100000.0,2.375,orca,,
30.0,30.0,100000.0,2.375,combined,,
30.0,30.0,100000.0,2.4375,arca,,
30.0,30.0,100000.0,2.4375,orca,,
30.0,30.0,100000.0,2.4375,combined,,
30.0,30.0,100000.0,2.5,arca,,
30.0,30.0,100000.0,2.5,orca,,
30.0,30.0,100000.0,2.5,combined,,
30.0,30.0,100000.0,2.5625,arca,,
30.0,30.0,100000.0,2.5625,orca,,
30.0,30.0,100000.0,2.5625,combined,,
30.0,30.0,100000.0,2.625,arca,,
30.0,30.0,100000.0,2.625,orca,,
30.0,30.0,100000.0,2.625,combined,,
30.0,30.0,100000.0,2.6875,arca,,
30.0,30.0,100000.0,2.6875,orca,,
30.0,30.0,100000.0,2.6875,combined,,
30.0,30.0,100000.0,2.75,arca,,
30.0,30.0,100000.0,2.75,orca,,
30.0,30.0,100000.0,2.75,combined,,
30.0,30.0,100000.0,2.8125,arca,197928.66861982635,0.0
30.0,30.0,100000.0,2.8125,orca,,
30.0,30.0,100000.0,2.8125,combined,,
30.0,30.0,100000.0,2.875,arca,71564.4480458337,0.0
30.0,30.0,100000.0,2.875,orca,4912.866575529734,0.0
30.0,30.0,100000.0,2.875,combined,76857.95764928192,0.0
30.0,30.0,100000.0,2.9375,arca,26611.55097806267,0.0
30.0,30.0,100000.0,2.9375,orca,3474.1230047996437,0.0
30.0,30.0,100000.0,2.9375,combined,29839.777359318006,0.0
30.0,30.0,100000.0,3.0,arca,9676.792061116123,0.0
30.0,30.0,100000.0,3.0,orca,2397.846014036854,0.0
30.0,30.0,100000.0,3.0,combined,11882.362895938328,0.0
